# Z   N   A      M      Etot    Emac    Emic     b2      b3      b4      b5      b6      b7      b8     Qa      Sp      Sn      S2p     S2n
  98 134 232   59.52    0.07    1.54   -1.46    0.21    0.00    0.08    0.00    0.01    0.00    0.00    9.29    1.41    9.33    2.12   17.87
  98 135 233   59.29   -0.68    1.89   -2.56    0.20    0.00    0.09    0.00    0.01    0.00    0.00    8.98    1.51    8.30    2.42   17.63
  98 136 234   58.37   -0.62    1.67   -2.29    0.21    0.00    0.09    0.00    0.01    0.00    0.00    8.89    1.87    8.99    2.98   17.29
  98 137 235   58.54   -1.27    1.71   -2.98    0.21    0.00    0.09    0.00    0.00    0.00   -0.01    8.98    1.96    7.90    3.34   16.89
  98 138 236   57.85   -1.29    1.70   -2.99    0.21    0.00    0.09    0.00    0.00    0.00   -0.01    8.65    2.33    8.77    3.88   16.66
  98 139 237   58.14   -2.12    1.68   -3.80    0.22    0.00    0.08    0.00    0.00    0.00   -0.01    8.41    2.44    7.78    4.40   16.55
  98 140 238   57.85   -2.01    1.62   -3.64    0.22    0.00    0.08    0.00   -0.01    0.00   -0.01    8.27    2.80    8.36    4.88   16.14
  98 141 239   58.36   -2.91    1.73   -4.64    0.22    0.00    0.08    0.00   -0.01    0.00   -0.01    7.98    2.91    7.56    5.36   15.92
  98 142 240   58.46   -2.71    1.68   -4.39    0.23    0.00    0.08    0.00   -0.01    0.00   -0.01    7.88    3.29    7.97    5.85   15.54
  98 143 241   59.48   -3.37    1.73   -5.09    0.23    0.00    0.07    0.00   -0.02    0.00   -0.02    7.92    3.43    7.04    6.39   15.02
  98 144 242   59.72   -3.30    1.72   -5.03    0.23    0.00    0.07    0.00   -0.02    0.00   -0.02    7.57    3.78    7.84    6.84   14.88
  98 145 243   60.85   -4.13    1.92   -6.05    0.24    0.00    0.07    0.00   -0.03    0.00   -0.02    7.13    3.93    6.94    7.37   14.78
  98 146 244   61.63   -3.80    1.81   -5.61    0.24    0.00    0.07    0.00   -0.03    0.00   -0.02    7.23    4.30    7.29    7.82   14.23
  98 147 245   63.23   -4.43    1.88   -6.31    0.24    0.00    0.06    0.00   -0.04    0.00   -0.02    7.16    4.42    6.48    8.33   13.77
  98 148 246   64.29   -4.08    1.66   -5.74    0.24    0.00    0.06    0.00   -0.04    0.00   -0.01    6.99    4.79    7.01    8.80   13.49
  98 149 247   66.25   -4.61    1.53   -6.14    0.24    0.00    0.05    0.00   -0.04    0.00    0.00    6.84    4.91    6.11    9.34   13.12
  98 150 248   67.51   -4.33    1.52   -5.85    0.24    0.00    0.04    0.00   -0.04    0.00    0.00    6.57    5.29    6.81    9.79   12.93
  98 151 249   69.54   -5.04    1.58   -6.62    0.25    0.00    0.03    0.00   -0.05    0.00    0.00    6.11    5.41    6.04   10.33   12.85
  98 152 250   71.28   -4.53    1.58   -6.11    0.25    0.00    0.03    0.00   -0.05    0.00    0.00    6.13    5.78    6.33   10.74   12.37
  98 153 251   74.34   -4.46    1.72   -6.18    0.25    0.00    0.02    0.00   -0.05    0.00    0.01    6.63    5.86    5.00   11.17   11.34
  98 154 252   76.07   -4.21    1.53   -5.74    0.25    0.00    0.02    0.00   -0.05    0.00    0.01    6.21    6.21    6.34   11.54   11.34
  98 155 253   79.41   -4.12    1.73   -5.86    0.25    0.00    0.01    0.00   -0.05    0.00    0.02    6.04    6.23    4.74   11.98   11.08
  98 156 254   81.42   -3.83    1.49   -5.32    0.24    0.00    0.01    0.00   -0.04    0.00    0.01    5.96    6.61    6.06   12.33   10.79
  98 157 255   84.89   -3.85    1.88   -5.73    0.25    0.00   -0.01    0.00   -0.05    0.00    0.03    5.65    6.65    4.61   12.75   10.66
  98 158 256   87.10   -3.60    1.47   -5.07    0.24    0.00   -0.01    0.00   -0.04    0.00    0.02    5.50    7.01    5.86   13.10   10.47
  98 159 257   90.59   -3.83    1.55   -5.38    0.24    0.00   -0.02    0.00   -0.04    0.00    0.02    5.11    7.11    4.58   13.49   10.44
  98 160 258   93.10   -3.52    1.37   -4.88    0.23    0.00   -0.02    0.00   -0.03    0.00    0.02    5.06    7.47    5.57   13.86   10.14
  98 161 259   96.47   -4.10    1.46   -5.56    0.23    0.00   -0.04    0.00   -0.03    0.00    0.02    4.54    7.67    4.70   14.26   10.27
  98 162 260   99.33   -3.66    1.43   -5.09    0.22    0.00   -0.04    0.00   -0.02    0.00    0.02    4.52    8.05    5.21   14.66    9.91
  98 163 261  103.76   -3.42    1.28   -4.70    0.21    0.00   -0.05    0.00   -0.01    0.00    0.01    5.18    8.20    3.64   14.99    8.85
  98 164 262  106.68   -3.14    1.11   -4.25    0.21    0.00   -0.04    0.00   -0.01    0.00    0.01    4.85    8.47    5.15   15.29    8.79
  98 165 263  111.31   -2.92    0.90   -3.82    0.19    0.00   -0.04    0.00   -0.01    0.00    0.01    4.71    8.51    3.45   15.55    8.60
  98 166 264  114.38   -2.72    0.94   -3.66    0.19    0.00   -0.04    0.00   -0.01    0.00    0.01    4.56    8.80    5.00   15.92    8.44
  98 167 265  119.00   -2.72    0.59   -3.31    0.16    0.00   -0.03    0.00   -0.01    0.00    0.01    4.29    8.89    3.46   16.17    8.45
  98 168 266  122.19   -2.62    0.72   -3.33    0.17    0.00   -0.04    0.00    0.00    0.00    0.01    4.04    9.21    4.88   16.54    8.34
  98 169 267  126.59   -3.05    1.19   -4.24    0.15    0.04   -0.05    0.01    0.00   -0.01    0.00    3.57    9.45    3.67   16.92    8.55
  98 170 268  130.11   -2.82    0.62   -3.44    0.14    0.00   -0.04    0.00    0.00    0.00    0.00    3.53    9.64    4.55   17.12    8.22
  98 171 269  134.39   -3.59    0.50   -4.09   -0.14    0.00    0.02    0.00    0.01    0.00   -0.01    3.03    9.69    3.79   17.48    8.34
  98 172 270  138.06   -3.42    0.45   -3.86   -0.14    0.00    0.02    0.00    0.01    0.00   -0.01    2.99   10.02    4.40   17.82    8.19
  98 173 271  142.72   -4.01    0.29   -4.30   -0.12    0.00    0.01    0.00    0.00    0.00   -0.01    3.00   10.09    3.42   18.11    7.81
  98 174 272  146.35   -4.08    0.27   -4.34   -0.12    0.00    0.01    0.00    0.01    0.00    0.00    2.62   10.43    4.44   18.46    7.85
  98 175 273  150.99   -4.89    0.23   -5.12   -0.11    0.00    0.00    0.00    0.00    0.00    0.00    2.32   10.48    3.43   18.81    7.87
  98 176 274  155.06   -4.73    0.24   -4.97   -0.11    0.00    0.00    0.00    0.00    0.00    0.00    2.40   10.78    4.01   19.14    7.44
  98 177 275  159.74   -5.70    0.22   -5.92   -0.09    0.00   -0.01    0.00    0.01    0.00    0.00    2.09   10.83    3.39   19.45    7.39
  98 178 276  164.17   -5.37    0.20   -5.57   -0.09    0.00   -0.01    0.00    0.01    0.00    0.00    2.13   11.19    3.65   19.76    7.03
  98 179 277  169.30   -6.08    0.08   -6.15   -0.06    0.00   -0.01    0.00    0.00    0.00    0.00    2.27   11.33    2.93   19.91    6.58
  98 180 278  173.68   -5.99    0.04   -6.03   -0.04    0.00   -0.01    0.00    0.00    0.00    0.00    1.91   11.67    3.69   20.21    6.63
  98 181 279  178.14   -7.57    0.00   -7.57    0.00    0.00    0.00    0.00    0.00    0.00    0.00    1.08   12.28    3.62   20.44    7.31
  98 182 280  183.39   -6.80    0.00   -6.80    0.00    0.00    0.00    0.00    0.00    0.00    0.00    1.65   12.09    2.82   20.85    6.44
  98 183 281  188.57   -7.83    0.00   -7.83    0.00    0.00    0.00    0.00    0.00    0.00    0.00    2.15   12.08    2.89   21.14    5.71
  98 184 282  193.59   -7.48    0.00   -7.48    0.00    0.00    0.00    0.00    0.00    0.00    0.00    1.51   12.38    3.05   21.48    5.94
  98 185 283  201.15   -6.32    0.50   -6.82    0.02   -0.06    0.01   -0.01    0.01    0.00    0.00    3.60   12.29    0.51   21.96    3.56
  98 186 284  206.09   -6.22    0.00   -6.22    0.00    0.00    0.00    0.00    0.00    0.00    0.00    3.18   12.67    3.13   22.19    3.64
  98 187 285  213.52   -5.38    0.94   -6.31    0.03    0.09    0.01    0.01    0.00    0.00    0.00    2.56   12.56    0.64   22.82    3.78
  98 188 286  218.91   -5.01    0.80   -5.80    0.02    0.09    0.01    0.01    0.00    0.00    0.00    2.78   12.86    2.68   23.03    3.32
  98 189 287  225.80   -4.88    1.99   -6.87    0.06    0.12    0.04    0.03    0.01    0.01    0.00    1.61   12.85    1.18   23.57    3.86
  98 190 288  231.46   -4.41    1.81   -6.22    0.06    0.12    0.03    0.03    0.00    0.01    0.00    1.68   13.15    2.41   23.96    3.59
  98 191 289  238.52   -4.29    2.36   -6.64    0.07    0.14    0.03    0.03    0.00    0.00    0.00    1.30   13.12    1.01   24.37    3.42
  98 192 290  244.21   -3.96    2.05   -6.01    0.07    0.13    0.04    0.03    0.00    0.00    0.00    0.95   13.47    2.38   24.66    3.39
  99 135 234   66.70   -0.60    1.15   -1.75    0.25    0.00    0.06    0.00   -0.02    0.00   -0.01    9.74   -0.12    8.40    1.39   17.94
  99 136 235   65.50   -0.74    1.22   -1.96    0.24    0.00    0.07    0.00   -0.01    0.00   -0.01    9.44    0.15    9.27    2.03   17.67
  99 137 236   65.29   -1.43    1.31   -2.74    0.24   -0.02    0.07    0.00   -0.02    0.00   -0.01    9.35    0.54    8.29    2.51   17.56
  99 138 237   64.49   -1.46    1.34   -2.80    0.23    0.00    0.07    0.00   -0.02    0.00   -0.01    9.12    0.64    8.87    2.97   17.15
  99 139 238   64.39   -2.33    1.40   -3.73    0.24    0.00    0.06    0.00   -0.02    0.00   -0.01    8.75    1.03    8.17    3.48   17.04
  99 140 239   64.00   -2.25    1.46   -3.71    0.23    0.00    0.07    0.00   -0.02    0.00   -0.01    8.69    1.14    8.46    3.94   16.63
  99 141 240   64.14   -3.17    1.58   -4.75    0.23    0.00    0.07    0.00   -0.03    0.00   -0.01    8.43    1.51    7.93    4.42   16.39
  99 142 241   64.10   -3.02    1.57   -4.59    0.24    0.00    0.07    0.00   -0.03    0.00   -0.01    8.31    1.65    8.11    4.93   16.05
  99 143 242   64.65   -3.81    1.70   -5.51    0.24    0.00    0.07    0.00   -0.03    0.00   -0.02    8.24    2.12    7.52    5.55   15.63
  99 144 243   64.81   -3.75    1.70   -5.45    0.24    0.00    0.06    0.00   -0.03    0.00   -0.01    7.93    2.20    7.91    5.98   15.43
  99 145 244   65.51   -4.66    1.95   -6.61    0.25    0.00    0.06    0.00   -0.04    0.00   -0.02    7.46    2.63    7.37    6.56   15.28
  99 146 245   66.20   -4.35    1.84   -6.19    0.25    0.00    0.06    0.00   -0.04    0.00   -0.02    7.56    2.72    7.38    7.02   14.76
  99 147 246   67.39   -5.05    1.88   -6.92    0.25    0.00    0.06    0.00   -0.04    0.00   -0.01    7.47    3.13    6.89    7.55   14.27
  99 148 247   68.34   -4.73    1.75   -6.47    0.25    0.00    0.05    0.00   -0.04    0.00   -0.01    7.27    3.23    7.11    8.02   14.00
  99 149 248   69.88   -5.34    1.67   -7.01    0.25    0.00    0.04    0.00   -0.05    0.00    0.00    7.09    3.66    6.54    8.57   13.65
  99 150 249   71.07   -5.05    1.68   -6.73    0.25    0.00    0.04    0.00   -0.05    0.00    0.00    6.86    3.72    6.87    9.01   13.41
  99 151 250   72.68   -5.85    1.73   -7.58    0.25    0.00    0.03    0.00   -0.05    0.00    0.00    6.38    4.15    6.47    9.56   13.34
  99 152 251   74.37   -5.32    1.67   -6.99    0.25    0.00    0.03    0.00   -0.05    0.00    0.00    6.43    4.20    6.38    9.98   12.85
  99 153 252   77.10   -5.25    1.84   -7.09    0.25    0.00    0.02    0.00   -0.06    0.00    0.01    7.02    4.53    5.33   10.39   11.72
  99 154 253   78.81   -4.95    1.69   -6.64    0.25    0.00    0.02    0.00   -0.05    0.00    0.01    6.62    4.55    6.37   10.76   11.70
  99 155 254   81.82   -4.85    1.85   -6.70    0.25    0.00    0.01    0.00   -0.06    0.00    0.02    6.47    4.88    5.06   11.11   11.43
  99 156 255   83.81   -4.51    1.66   -6.17    0.25    0.00    0.01    0.00   -0.05    0.00    0.01    6.39    4.90    6.08   11.50   11.14
  99 157 256   86.96   -4.52    1.98   -6.50    0.25    0.00   -0.01    0.00   -0.05    0.00    0.02    6.19    5.21    4.92   11.86   11.00
  99 158 257   89.19   -4.19    1.69   -5.88    0.25    0.00   -0.01    0.00   -0.05    0.00    0.02    6.03    5.20    5.84   12.20   10.77
  99 159 258   92.38   -4.39    1.79   -6.18    0.24    0.00   -0.02    0.00   -0.05    0.00    0.02    5.71    5.50    4.88   12.61   10.72
  99 160 259   94.87   -4.03    1.50   -5.53    0.24    0.00   -0.02    0.00   -0.04    0.00    0.02    5.63    5.51    5.58   12.98   10.46
  99 161 260   97.98   -4.55    1.52   -6.06    0.23    0.00   -0.04    0.00   -0.03    0.00    0.02    5.14    5.77    4.96   13.44   10.54
  99 162 261  100.83   -4.06    1.48   -5.54    0.23    0.00   -0.04    0.00   -0.03    0.00    0.02    5.12    5.79    5.23   13.85   10.19
  99 163 262  104.87   -3.88    1.30   -5.18    0.21    0.00   -0.05    0.00   -0.01    0.00    0.01    5.60    6.18    4.03   14.38    9.25
  99 164 263  107.81   -3.53    1.15   -4.67    0.21    0.00   -0.05    0.00   -0.01    0.00    0.01    5.28    6.16    5.13   14.63    9.16
  99 165 264  112.12   -3.30    0.94   -4.24    0.19    0.00   -0.04    0.00   -0.01    0.00    0.01    5.02    6.48    3.76   14.99    8.90
  99 166 265  115.12   -3.10    0.94   -4.04    0.20    0.00   -0.04    0.00   -0.01    0.00    0.00    4.84    6.54    5.06   15.34    8.83
  99 167 266  119.60   -2.92    1.01   -3.93    0.18    0.00   -0.05    0.00    0.00    0.00    0.00    4.66    6.68    3.59   15.57    8.65
  99 168 267  122.76   -2.79    0.72   -3.51    0.18    0.00   -0.03    0.00   -0.01    0.00    0.00    4.45    6.71    4.92   15.93    8.51
  99 169 268  127.17   -2.90    0.69   -3.59    0.16    0.00   -0.04    0.00    0.00    0.00    0.00    4.15    6.71    3.67   16.16    8.58
  99 170 269  130.56   -2.75    0.60   -3.35    0.15    0.00   -0.03    0.00    0.00    0.00    0.00    4.02    6.84    4.68   16.48    8.35
  99 171 270  134.88   -3.16    0.70   -3.86    0.14    0.00   -0.04    0.00    0.00    0.00    0.00    3.70    6.80    3.75   16.49    8.43
  99 172 271  138.52   -2.96    0.63   -3.59    0.14    0.00   -0.04    0.00    0.00    0.00    0.00    3.64    6.83    4.43   16.85    8.18
  99 173 272  142.92   -3.50    1.24   -4.74    0.13    0.01   -0.06    0.00    0.02    0.00   -0.01    3.71    7.09    3.68   17.18    8.10
  99 174 273  146.58   -3.49    0.31   -3.80   -0.13    0.00    0.00    0.00    0.01    0.00    0.00    3.36    7.06    4.41   17.49    8.08
  99 175 274  150.94   -4.26    0.25   -4.51   -0.11    0.00   -0.01    0.00    0.00    0.00    0.00    2.99    7.34    3.71   17.82    8.12
  99 176 275  154.95   -4.11    0.26   -4.37   -0.11    0.00   -0.01    0.00    0.00    0.00    0.00    3.03    7.40    4.06   18.17    7.77
  99 177 276  159.30   -5.10    0.42   -5.52   -0.12    0.00   -0.02    0.00    0.01    0.00    0.01    2.69    7.73    3.73   18.56    7.79
  99 178 277  163.74   -4.71    0.35   -5.05   -0.10    0.00   -0.02    0.00    0.01    0.00    0.01    2.77    7.71    3.63   18.90    7.35
  99 179 278  168.72   -5.25    0.11   -5.36   -0.06    0.00   -0.01    0.00    0.00    0.00    0.00    3.02    7.87    3.09   19.20    6.71
  99 180 279  173.11   -5.11    0.10   -5.21   -0.05    0.00   -0.02    0.00    0.00    0.00    0.00    2.62    7.86    3.69   19.53    6.77
  99 181 280  177.84   -6.11    0.16   -6.26   -0.04    0.00   -0.02    0.00   -0.01    0.00    0.00    2.07    7.59    3.34   19.87    7.03
  99 182 281  182.61   -5.77    0.12   -5.89    0.00   -0.03    0.00    0.01    0.00    0.00    0.00    2.12    8.07    3.30   20.16    6.65
  99 183 282  187.50   -6.79    0.12   -6.91    0.00    0.03    0.00   -0.01    0.00    0.00    0.00    1.94    8.36    3.18   20.45    6.48
  99 184 283  192.49   -6.43    0.12   -6.54    0.00    0.03    0.00   -0.01    0.00    0.00    0.00    1.88    8.39    3.08   20.77    6.26
  99 185 284  199.50   -5.51    0.79   -6.29    0.02   -0.08    0.01    0.00    0.01   -0.01    0.00    3.71    8.94    1.06   21.23    4.14
  99 186 285  204.50   -5.31    0.54   -5.85    0.00    0.07    0.00   -0.01    0.00    0.00    0.00    3.39    8.88    3.07   21.56    4.13
  99 187 286  211.40   -4.68    1.17   -5.85    0.02   -0.10    0.01    0.00    0.00   -0.01    0.00    2.82    9.41    1.17   21.97    4.24
  99 188 287  216.73   -4.34    1.16   -5.50    0.02    0.10    0.01    0.00    0.00    0.00    0.00    2.83    9.47    2.74   22.33    3.91
  99 189 288  223.41   -4.11    2.05   -6.16    0.05    0.13    0.03    0.02    0.00    0.01    0.00    2.20    9.67    1.39   22.53    4.13
  99 190 289  228.98   -3.70    1.80   -5.50    0.05   -0.13    0.03   -0.01    0.00   -0.01    0.00    2.07    9.77    2.51   22.93    3.90
  99 191 290  235.77   -3.53    2.35   -5.89    0.06    0.14    0.03    0.02   -0.01    0.00    0.00    1.99   10.03    1.27   23.15    3.78
  99 192 291  241.49   -3.15    2.08   -5.24    0.06    0.14    0.03    0.01    0.00    0.00    0.00    1.74   10.01    2.36   23.49    3.63
 100 136 236   71.81   -0.09    1.13   -1.22    0.22    0.00    0.07    0.00    0.00    0.00   -0.01    9.87    0.98    9.57    1.13   18.14
 100 137 237   71.52   -0.77    1.20   -1.97    0.24   -0.01    0.06    0.00   -0.02    0.00   -0.01    9.80    1.06    8.37    1.60   17.94
 100 138 238   70.36   -0.82    1.20   -2.02    0.23    0.00    0.07    0.00   -0.01    0.00   -0.01    9.57    1.42    9.23    2.06   17.59
 100 139 239   70.16   -1.70    1.29   -2.99    0.24    0.00    0.06    0.00   -0.02    0.00   -0.01    9.19    1.52    8.27    2.55   17.50
 100 140 240   69.43   -1.62    1.31   -2.93    0.23    0.00    0.07    0.00   -0.02    0.00   -0.01    9.15    1.87    8.80    3.00   17.08
 100 141 241   69.48   -2.55    1.44   -3.98    0.23    0.00    0.07    0.00   -0.02    0.00   -0.01    8.91    1.95    8.02    3.46   16.83
 100 142 242   69.07   -2.42    1.43   -3.85    0.23    0.00    0.07    0.00   -0.03    0.00   -0.01    8.79    2.32    8.48    3.97   16.50
 100 143 243   69.53   -3.22    1.60   -4.82    0.24    0.00    0.06    0.00   -0.03    0.00   -0.02    8.74    2.41    7.61    4.53   16.09
 100 144 244   69.34   -3.16    1.59   -4.75    0.24    0.00    0.06    0.00   -0.03    0.00   -0.01    8.46    2.76    8.26    4.95   15.87
 100 145 245   69.96   -4.08    1.89   -5.97    0.25    0.00    0.06    0.00   -0.04    0.00   -0.02    8.05    2.84    7.46    5.47   15.71
 100 146 246   70.28   -3.79    1.75   -5.54    0.25    0.00    0.06    0.00   -0.04    0.00   -0.02    8.14    3.21    7.75    5.93   15.20
 100 147 247   71.38   -4.50    1.83   -6.33    0.25    0.00    0.05    0.00   -0.04    0.00   -0.01    8.11    3.29    6.97    6.42   14.72
 100 148 248   71.96   -4.22    1.65   -5.88    0.25    0.00    0.05    0.00   -0.04    0.00   -0.01    7.90    3.67    7.50    6.91   14.47
 100 149 249   73.35   -4.91    1.57   -6.48    0.25    0.00    0.04    0.00   -0.05    0.00    0.00    7.70    3.81    6.68    7.47   14.17
 100 150 250   74.19   -4.63    1.59   -6.22    0.25    0.00    0.03    0.00   -0.05    0.00    0.00    7.47    4.18    7.24    7.90   13.91
 100 151 251   75.63   -5.53    1.69   -7.22    0.25    0.00    0.03    0.00   -0.05    0.00    0.00    6.96    4.34    6.63    8.49   13.87
 100 152 252   76.94   -5.04    1.71   -6.74    0.25    0.00    0.02    0.00   -0.05    0.00    0.00    7.01    4.71    6.76    8.91   13.38
 100 153 253   79.56   -5.02    1.82   -6.83    0.25    0.00    0.01    0.00   -0.06    0.00    0.01    7.60    4.83    5.46    9.36   12.21
 100 154 254   80.92   -4.73    1.63   -6.36    0.25    0.00    0.01    0.00   -0.05    0.00    0.01    7.22    5.18    6.71    9.73   12.17
 100 155 255   83.79   -4.71    1.88   -6.59    0.25    0.00    0.00    0.00   -0.06    0.00    0.02    7.02    5.32    5.20   10.20   11.92
 100 156 256   85.44   -4.38    1.66   -6.03    0.25    0.00    0.00    0.00   -0.05    0.00    0.02    6.94    5.66    6.42   10.56   11.63
 100 157 257   88.42   -4.48    2.02   -6.50    0.25    0.00   -0.01    0.00   -0.05    0.00    0.03    6.59    5.83    5.09   11.04   11.51
 100 158 258   90.31   -4.16    1.47   -5.62    0.24    0.00   -0.01    0.00   -0.04    0.00    0.02    6.47    6.17    6.18   11.36   11.27
 100 159 259   93.35   -4.45    1.70   -6.15    0.24    0.00   -0.02    0.00   -0.04    0.00    0.03    6.04    6.32    5.03   11.82   11.21
 100 160 260   95.49   -4.12    1.43   -5.54    0.24    0.00   -0.03    0.00   -0.04    0.00    0.02    5.96    6.67    5.94   12.19   10.97
 100 161 261   98.43   -4.74    1.47   -6.21    0.23    0.00   -0.04    0.00   -0.03    0.00    0.02    5.42    6.84    5.13   12.61   11.06
 100 162 262  100.91   -4.30    1.44   -5.74    0.23    0.00   -0.04    0.00   -0.02    0.00    0.02    5.39    7.21    5.60   13.00   10.72
 100 163 263  104.96   -4.04    1.25   -5.29    0.21    0.00   -0.05    0.00   -0.01    0.00    0.01    6.07    7.20    4.02   13.38    9.61
 100 164 264  107.57   -3.69    1.17   -4.86    0.22    0.00   -0.04    0.00   -0.01    0.00    0.01    5.82    7.52    5.46   13.69    9.48
 100 165 265  111.94   -3.35    0.97   -4.31    0.20    0.00   -0.04    0.00   -0.01    0.00    0.01    5.75    7.47    3.71   13.95    9.17
 100 166 266  114.63   -3.14    1.00   -4.14    0.20    0.00   -0.04    0.00   -0.01    0.00    0.01    5.52    7.79    5.38   14.33    9.09
 100 167 267  118.97   -3.05    1.10   -4.14    0.18    0.00   -0.05    0.00    0.00    0.00    0.00    5.24    7.92    3.73   14.60    9.11
 100 168 268  121.83   -2.89    0.79   -3.69    0.18    0.00   -0.04    0.00    0.00    0.00    0.01    5.02    8.22    5.21   14.94    8.94
 100 169 269  126.11   -3.07    0.74   -3.81    0.16    0.00   -0.04    0.00    0.00    0.00    0.00    4.69    8.34    3.78   15.05    9.00
 100 170 270  129.17   -2.93    0.56   -3.49    0.15    0.00   -0.03    0.00    0.00    0.00    0.00    4.56    8.67    5.01   15.51    8.80
 100 171 271  133.17   -3.61    0.51   -4.11   -0.15    0.00    0.02    0.00    0.01    0.00   -0.01    4.15    9.00    4.08   15.80    9.09
 100 172 272  136.51   -3.40    0.45   -3.85   -0.14    0.00    0.02    0.00    0.01    0.00   -0.01    3.97    9.30    4.73   16.13    8.81
 100 173 273  140.86   -3.93    0.29   -4.22   -0.13    0.00    0.01    0.00    0.00    0.00    0.00    4.04    9.35    3.72   16.44    8.45
 100 174 274  144.16   -3.96    0.28   -4.24   -0.12    0.00    0.01    0.00    0.01    0.00    0.00    3.67    9.71    4.77   16.77    8.49
 100 175 275  148.48   -4.73    0.23   -4.96   -0.11    0.00    0.00    0.00    0.00    0.00    0.00    3.34    9.75    3.75   17.09    8.52
 100 176 276  152.18   -4.57    0.23   -4.80   -0.11    0.00    0.00    0.00    0.01    0.00    0.00    3.40   10.06    4.37   17.46    8.13
 100 177 277  156.54   -5.50    0.24   -5.74   -0.10    0.00   -0.01    0.00    0.01    0.00    0.00    3.12   10.05    3.71   17.78    8.09
 100 178 278  160.62   -5.16    0.23   -5.39   -0.09    0.00   -0.01    0.00    0.01    0.00    0.01    3.13   10.41    3.99   18.13    7.70
 100 179 279  165.56   -5.70    0.09   -5.78   -0.06    0.00   -0.01    0.00    0.00    0.00    0.00    3.39   10.45    3.13   18.32    7.12
 100 180 280  169.63   -5.56    0.07   -5.62   -0.05    0.00   -0.01    0.00    0.00    0.00    0.00    3.04   10.77    4.00   18.63    7.12
 100 181 281  174.36   -6.51    0.12   -6.63   -0.04    0.00   -0.02    0.00   -0.01    0.00    0.00    2.63   10.77    3.34   18.35    7.34
 100 182 282  178.80   -6.20    0.00   -6.20    0.00    0.00    0.00    0.00    0.00    0.00    0.00    2.69   11.10    3.63   19.17    6.98
 100 183 283  183.69   -7.17    0.00   -7.17    0.00    0.00    0.00    0.00    0.00    0.00    0.00    3.13   11.09    3.18   19.46    6.81
 100 184 284  188.38   -6.80    0.00   -6.80    0.00    0.00    0.00    0.00    0.00    0.00    0.00    2.57   11.40    3.39   19.79    6.56
 100 185 285  195.43   -5.80    0.61   -6.40    0.02    0.07    0.01    0.01    0.01    0.00    0.00    4.43   11.36    1.02   20.30    4.41
 100 186 286  200.13   -5.59    0.15   -5.74    0.00    0.04    0.00    0.00    0.00    0.00    0.00    4.11   11.66    3.37   20.54    4.39
 100 187 287  207.02   -4.94    1.07   -6.01    0.03    0.10    0.01    0.01    0.00    0.00    0.00    3.44   11.68    1.18   21.08    4.56
 100 188 288  212.04   -4.60    1.05   -5.65    0.03    0.10    0.01    0.01    0.00    0.00    0.00    3.52   11.98    3.05   21.45    4.23
 100 189 289  218.62   -4.42    2.07   -6.49    0.05   -0.12    0.04   -0.03    0.01   -0.01    0.00    2.68   12.08    1.49   21.75    4.53
 100 190 290  223.91   -4.00    1.77   -5.76    0.05   -0.12    0.03   -0.02    0.00    0.00    0.00    2.57   12.36    2.79   22.13    4.27
 100 191 291  230.60   -3.90    2.47   -6.36    0.07    0.14    0.03    0.03    0.00    0.00   -0.01    2.37   12.47    1.38   22.50    4.17
 100 192 292  235.98   -3.54    2.08   -5.62    0.07    0.13    0.03    0.02    0.00    0.00   -0.01    2.10   12.79    2.69   22.81    4.07
 101 137 238   79.15   -0.90    1.18   -2.09    0.25    0.00    0.05    0.00   -0.03    0.00    0.00   10.02   -0.34    8.69    0.71   18.26
 101 138 239   77.93   -0.93    1.28   -2.21    0.26    0.03    0.05   -0.01   -0.04    0.00    0.00   10.00   -0.28    9.30    1.14   17.98
 101 139 240   77.49   -1.71    1.30   -3.01    0.24    0.00    0.06    0.00   -0.03    0.00   -0.01    9.78   -0.04    8.51    1.48   17.81
 101 140 241   76.61   -1.69    1.36   -3.04    0.25   -0.01    0.05    0.00   -0.04    0.00    0.00    9.69    0.11    8.95    1.97   17.46
 101 141 242   76.34   -2.58    1.80   -4.38    0.25   -0.06    0.06    0.02   -0.04    0.00   -0.01    9.53    0.42    8.34    2.38   17.29
 101 142 243   75.82   -2.50    1.52   -4.01    0.25   -0.01    0.05    0.00   -0.04    0.00   -0.01    9.39    0.54    8.59    2.86   16.93
 101 143 244   75.84   -3.39    1.90   -5.29    0.25   -0.05    0.05    0.01   -0.04    0.01   -0.01    9.27    0.98    8.05    3.39   16.65
 101 144 245   75.62   -3.29    1.71   -5.00    0.25    0.02    0.05    0.00   -0.05    0.00   -0.01    9.09    1.01    8.29    3.77   16.34
 101 145 246   75.85   -4.25    1.95   -6.20    0.25   -0.02    0.05    0.01   -0.05    0.00   -0.01    8.78    1.40    7.84    4.24   16.13
 101 146 247   76.05   -4.01    1.84   -5.84    0.25    0.00    0.05    0.00   -0.05    0.00   -0.01    8.81    1.52    7.87    4.73   15.71
 101 147 248   76.75   -4.78    1.91   -6.69    0.25    0.00    0.05    0.00   -0.05    0.00   -0.01    8.82    1.92    7.37    5.21   15.24
 101 148 249   77.17   -4.58    1.82   -6.41    0.25    0.00    0.04    0.00   -0.05    0.00    0.00    8.54    2.08    7.65    5.75   15.03
 101 149 250   78.10   -5.39    1.82   -7.21    0.25    0.00    0.03    0.00   -0.06    0.00    0.00    8.29    2.55    7.14    6.36   14.80
 101 150 251   78.82   -5.16    1.86   -7.01    0.25    0.00    0.03    0.00   -0.06    0.00    0.00    8.06    2.65    7.34    6.83   14.49
 101 151 252   79.80   -6.19    1.96   -8.15    0.26    0.00    0.02    0.00   -0.06    0.00    0.01    7.50    3.12    7.10    7.46   14.44
 101 152 253   81.03   -5.70    2.02   -7.73    0.26    0.00    0.02    0.00   -0.06    0.00    0.01    7.53    3.20    6.84    7.91   13.94
 101 153 254   83.24   -5.75    2.15   -7.90    0.26    0.00    0.01    0.00   -0.06    0.00    0.01    8.14    3.61    5.86    8.44   12.70
 101 154 255   84.58   -5.42    2.06   -7.48    0.26    0.00    0.01    0.00   -0.06    0.00    0.01    7.79    3.63    6.73    8.80   12.59
 101 155 256   87.07   -5.45    2.25   -7.69    0.26    0.00    0.00    0.00   -0.06    0.00    0.02    7.54    4.01    5.59    9.33   12.32
 101 156 257   88.72   -5.05    2.14   -7.19    0.26    0.00    0.00    0.00   -0.06    0.00    0.02    7.49    4.00    6.42    9.67   12.00
 101 157 258   91.33   -5.20    2.46   -7.66    0.26    0.00   -0.01    0.00   -0.06    0.00    0.03    7.09    4.38    5.46   10.21   11.88
 101 158 259   93.25   -4.77    2.14   -6.91    0.25    0.00   -0.01    0.00   -0.06    0.00    0.03    7.02    4.35    6.15   10.51   11.61
 101 159 260   96.01   -5.02    2.14   -7.15    0.25    0.00   -0.03    0.00   -0.05    0.00    0.03    6.62    4.63    5.31   10.95   11.46
 101 160 261   98.12   -4.65    1.27   -5.92    0.23    0.00   -0.03    0.00   -0.03    0.00    0.02    6.50    4.66    5.97   11.33   11.28
 101 161 262  100.64   -5.36    1.43   -6.79    0.23    0.00   -0.04    0.00   -0.03    0.00    0.02    5.84    5.08    5.54   11.92   11.51
 101 162 263  103.06   -4.92    1.45   -6.37    0.23    0.00   -0.05    0.00   -0.02    0.00    0.02    5.76    5.14    5.66   12.35   11.20
 101 163 264  106.77   -4.68    1.48   -6.16    0.22    0.00   -0.05    0.00   -0.02    0.00    0.01    6.36    5.48    4.36   12.68   10.02
 101 164 265  109.37   -4.29    1.35   -5.63    0.22    0.00   -0.05    0.00   -0.02    0.00    0.02    6.12    5.49    5.47   13.02    9.83
 101 165 266  113.51   -3.85    1.03   -4.88    0.20    0.00   -0.04    0.00   -0.02    0.00    0.01    6.21    5.72    3.93   13.19    9.41
 101 166 267  116.17   -3.61    1.10   -4.71    0.20    0.00   -0.05    0.00   -0.01    0.00    0.01    5.94    5.75    5.41   13.53    9.34
 101 167 268  120.35   -3.35    1.11   -4.46    0.19    0.00   -0.05    0.00    0.00    0.00    0.01    5.81    5.91    3.89   13.83    9.30
 101 168 269  123.18   -3.17    0.86   -4.03    0.18    0.00   -0.04    0.00   -0.01    0.00    0.01    5.63    5.94    5.24   14.16    9.13
 101 169 270  127.29   -3.20    0.83   -4.03    0.17    0.00   -0.05    0.00    0.00    0.00    0.00    5.26    6.11    3.96   14.45    9.20
 101 170 271  130.35   -3.01    0.72   -3.73    0.16    0.00   -0.04    0.00    0.00    0.00    0.00    5.17    6.11    5.01   14.78    8.97
 101 171 272  134.35   -3.36    0.76   -4.12    0.14    0.00   -0.05    0.00    0.00    0.00    0.00    4.76    6.11    4.08   15.11    9.08
 101 172 273  137.67   -3.12    0.74   -3.87    0.14    0.00   -0.05    0.00    0.00    0.00    0.00    4.69    6.13    4.75   15.43    8.83
 101 173 274  141.66   -3.69    1.32   -5.01    0.13    0.00   -0.07    0.00    0.02    0.00    0.00    4.36    6.48    4.07   15.83    8.83
 101 174 275  145.04   -3.60    0.31   -3.91   -0.13    0.00    0.00    0.00    0.01    0.00    0.00    4.09    6.41    4.70   16.12    8.77
 101 175 276  149.06   -4.36    0.25   -4.61   -0.11    0.00   -0.01    0.00    0.01    0.00    0.00    3.71    6.71    4.05   16.46    8.75
 101 176 277  152.72   -4.19    0.23   -4.42   -0.11    0.00   -0.01    0.00    0.01    0.00    0.00    3.71    6.75    4.41   16.81    8.47
 101 177 278  156.73   -5.14    0.38   -5.52   -0.11    0.00   -0.02    0.00    0.01    0.00    0.01    3.37    7.09    4.05   17.14    8.46
 101 178 279  160.84   -4.73    0.34   -5.07   -0.10    0.00   -0.02    0.00    0.01    0.00    0.01    3.46    7.07    3.97   17.48    8.02
 101 179 280  165.62   -5.13    0.16   -5.29   -0.07    0.00   -0.02    0.00    0.00    0.00    0.00    3.89    7.23    3.29   17.69    7.26
 101 180 281  169.69   -4.94    0.15   -5.08   -0.06    0.00   -0.02    0.00    0.00    0.00    0.00    3.53    7.23    4.00   18.00    7.29
 101 181 282  174.16   -5.84    0.19   -6.03   -0.04    0.00   -0.03    0.00   -0.01    0.00    0.00    3.01    7.49    3.61   18.26    7.60
 101 182 283  178.64   -5.44    0.22   -5.65   -0.04    0.00   -0.03    0.00   -0.01    0.00    0.00    3.10    7.45    3.59   18.55    7.20
 101 183 284  183.28   -6.35    0.12   -6.47   -0.01   -0.03    0.01    0.00    0.00    0.00    0.00    3.02    7.70    3.43   18.80    7.02
 101 184 285  187.95   -5.95    0.15   -6.10   -0.01   -0.04    0.01    0.00    0.00    0.00    0.00    2.92    7.71    3.40   19.11    6.83
 101 185 286  194.61   -5.04    0.83   -5.86    0.01    0.08    0.02    0.00    0.00    0.00    0.00    4.69    8.11    1.41   19.47    4.81
 101 186 287  199.20   -4.91    0.71   -5.62    0.00    0.08    0.01    0.00    0.00    0.00    0.00    4.29    8.22    3.49   19.88    4.90
 101 187 288  205.81   -4.22    1.21   -5.42    0.01    0.10    0.02    0.00    0.00    0.00    0.00    3.89    8.49    1.46   20.17    4.94
 101 188 289  210.75   -3.92    1.15   -5.07    0.01    0.10    0.02    0.00    0.00    0.00    0.00    3.83    8.58    3.14   20.56    4.59
 101 189 290  217.16   -3.62    2.27   -5.89    0.06    0.13    0.04    0.03    0.01    0.01    0.00    3.33    8.75    1.66   20.83    4.79
 101 190 291  222.42   -3.18    2.20   -5.38    0.07   -0.13    0.04   -0.03    0.00    0.00    0.00    3.26    8.78    2.82   21.14    4.47
 101 191 292  228.62   -3.26    2.70   -5.95    0.07    0.15    0.04    0.03    0.00    0.00    0.00    2.79    9.26    1.86   21.73    4.68
 101 192 293  234.03   -2.85    2.47   -5.32    0.07    0.14    0.04    0.03    0.00    0.00    0.00    2.63    9.24    2.67   22.04    4.53
 102 138 240   84.60   -0.34    0.83   -1.17    0.24    0.00    0.05    0.00   -0.02    0.00   -0.01   10.36    0.62    9.64    0.34   18.45
 102 139 241   83.96   -1.23    0.94   -2.17    0.24    0.00    0.05    0.00   -0.02    0.00   -0.01   10.02    0.82    8.71    0.78   18.35
 102 140 242   82.82   -1.13    0.96   -2.09    0.24    0.00    0.05    0.00   -0.02    0.00   -0.01   10.03    1.08    9.21    1.18   17.92
 102 141 243   82.48   -2.02    1.09   -3.11    0.23    0.00    0.06    0.00   -0.02    0.00   -0.01    9.89    1.15    8.41    1.57   17.62
 102 142 244   81.60   -1.94    1.10   -3.04    0.24    0.00    0.05    0.00   -0.03    0.00   -0.01    9.75    1.51    8.95    2.04   17.36
 102 143 245   81.61   -2.77    1.44   -4.21    0.24   -0.03    0.05    0.01   -0.03    0.00   -0.01    9.71    1.51    8.06    2.49   17.01
 102 144 246   81.00   -2.71    1.28   -4.00    0.24    0.00    0.05    0.00   -0.04    0.00   -0.01    9.51    1.91    8.68    2.92   16.75
 102 145 247   81.19   -3.64    1.55   -5.19    0.25    0.00    0.05    0.00   -0.04    0.00   -0.02    9.24    1.95    7.88    3.34   16.56
 102 146 248   81.04   -3.41    1.45   -4.86    0.25    0.00    0.05    0.00   -0.04    0.00   -0.01    9.27    2.30    8.23    3.82   16.11
 102 147 249   81.68   -4.17    1.51   -5.67    0.25    0.00    0.04    0.00   -0.05    0.00   -0.01    9.29    2.36    7.43    4.28   15.66
 102 148 250   81.71   -4.01    1.43   -5.44    0.25    0.00    0.04    0.00   -0.05    0.00   -0.01    9.01    2.74    8.03    4.82   15.47
 102 149 251   82.54   -4.85    1.49   -6.35    0.25    0.00    0.03    0.00   -0.05    0.00    0.00    8.73    2.84    7.24    5.39   15.28
 102 150 252   82.92   -4.63    1.53   -6.16    0.25    0.00    0.02    0.00   -0.05    0.00    0.00    8.53    3.20    7.70    5.85   14.94
 102 151 253   83.78   -5.70    1.69   -7.38    0.25    0.00    0.02    0.00   -0.06    0.00    0.01    8.01    3.30    7.20    6.42   14.90
 102 152 254   84.66   -5.23    1.75   -6.98    0.25    0.00    0.01    0.00   -0.06    0.00    0.01    8.05    3.66    7.19    6.86   14.39
 102 153 255   86.77   -5.32    1.91   -7.23    0.26    0.00    0.01    0.00   -0.06    0.00    0.02    8.72    3.76    5.97    7.37   13.16
 102 154 256   87.73   -5.03    1.72   -6.75    0.25    0.00    0.00    0.00   -0.06    0.00    0.01    8.36    4.15    7.12    7.77   13.08
 102 155 257   90.07   -5.14    2.02   -7.16    0.25    0.00   -0.01    0.00   -0.06    0.00    0.02    8.08    4.29    5.73    8.30   12.85
 102 156 258   91.33   -4.80    1.74   -6.54    0.25    0.00   -0.01    0.00   -0.05    0.00    0.02    7.98    4.68    6.81    8.69   12.54
 102 157 259   93.77   -5.05    2.23   -7.28    0.25    0.00   -0.02    0.00   -0.06    0.00    0.03    7.56    4.85    5.63    9.23   12.44
 102 158 260   95.30   -4.69    1.76   -6.45    0.25    0.00   -0.02    0.00   -0.05    0.00    0.02    7.44    5.24    6.54    9.59   12.17
 102 159 261   97.86   -5.07    1.80   -6.87    0.24    0.00   -0.03    0.00   -0.04    0.00    0.03    7.01    5.44    5.51   10.07   12.05
 102 160 262   99.60   -4.74    1.53   -6.27    0.24    0.00   -0.03    0.00   -0.04    0.00    0.02    6.86    5.81    6.33   10.46   11.85
 102 161 263  102.07   -5.45    1.53   -6.98    0.23    0.00   -0.05    0.00   -0.03    0.00    0.02    6.29    5.86    5.60   10.94   11.93
 102 162 264  104.16   -5.00    1.49   -6.50    0.23    0.00   -0.05    0.00   -0.02    0.00    0.02    6.25    6.19    5.98   11.32   11.58
 102 163 265  107.83   -4.75    1.37   -6.12    0.22    0.00   -0.05    0.00   -0.01    0.00    0.01    6.97    6.23    4.41   11.71   10.39
 102 164 266  110.13   -4.33    1.25   -5.58    0.22    0.00   -0.05    0.00   -0.01    0.00    0.01    6.80    6.53    5.77   12.02   10.17
 102 165 267  114.18   -3.91    1.10   -5.01    0.20    0.00   -0.05    0.00   -0.01    0.00    0.01    6.80    6.61    4.02   12.33    9.78
 102 166 268  116.48   -3.72    1.18   -4.89    0.20    0.00   -0.05    0.00   -0.01    0.00    0.01    6.49    6.97    5.77   12.72    9.79
 102 167 269  120.59   -3.48    1.01   -4.49    0.18    0.00   -0.05    0.00    0.00    0.00    0.00    6.23    7.05    3.97   12.96    9.74
 102 168 270  123.12   -3.28    0.95   -4.23    0.18    0.00   -0.05    0.00    0.00    0.00    0.01    6.06    7.35    5.54   13.29    9.51
 102 169 271  127.12   -3.36    0.85   -4.20    0.16    0.00   -0.05    0.00    0.00    0.00    0.00    5.73    7.45    4.06   13.57    9.60
 102 170 272  129.86   -3.17    0.72   -3.89    0.16    0.00   -0.04    0.00    0.00    0.00    0.00    5.61    7.78    5.34   13.89    9.40
 102 171 273  133.67   -3.66    0.50   -4.16   -0.15    0.00    0.02    0.00    0.01    0.00   -0.01    5.13    7.97    4.26   14.07    9.60
 102 172 274  136.67   -3.42    0.45   -3.87   -0.15    0.00    0.02    0.00    0.01    0.00   -0.01    5.07    8.28    5.07   14.41    9.33
 102 173 275  140.68   -3.92    1.25   -5.17    0.13    0.00   -0.06    0.00    0.02    0.00    0.00    5.09    8.27    4.06   14.75    9.13
 102 174 276  143.66   -3.91    0.27   -4.18   -0.12    0.00    0.01    0.00    0.01    0.00    0.00    4.73    8.66    5.09   15.07    9.15
 102 175 277  147.63   -4.66    0.21   -4.87   -0.11    0.00    0.00    0.00    0.00    0.00    0.00    4.35    8.71    4.10   15.42    9.19
 102 176 278  151.00   -4.47    0.26   -4.73   -0.11    0.00   -0.01    0.00    0.01    0.00    0.00    4.41    9.00    4.70   15.76    8.81
 102 177 279  154.97   -5.42    0.28   -5.70   -0.11    0.00   -0.01    0.00    0.01    0.00    0.00    4.07    9.05    4.10   16.14    8.80
 102 178 280  158.73   -5.04    0.30   -5.34   -0.10    0.00   -0.02    0.00    0.01    0.00    0.01    4.13    9.40    4.32   16.46    8.41
 102 179 281  163.43   -5.47    0.10   -5.56   -0.07    0.00   -0.01    0.00    0.00    0.00    0.00    4.47    9.47    3.37   16.71    7.69
 102 180 282  167.18   -5.30    0.08   -5.38   -0.05    0.00   -0.01    0.00    0.00    0.00    0.00    4.14    9.80    4.32   17.03    7.69
 102 181 283  171.33   -6.47    0.00   -6.47    0.00    0.00    0.00    0.00    0.00    0.00    0.00    3.34   10.11    3.92   17.61    8.24
 102 182 284  175.77   -5.80    0.00   -5.80    0.00    0.00    0.00    0.00    0.00    0.00    0.00    3.71   10.16    3.63   17.61    7.55
 102 183 285  180.37   -6.71    0.02   -6.73    0.00    0.01    0.00    0.00    0.00    0.00    0.00    3.58   10.20    3.47   17.90    7.10
 102 184 286  184.72   -6.33    0.05   -6.37    0.00    0.02    0.00    0.00    0.00    0.00    0.00    3.49   10.52    3.73   18.24    7.19
 102 185 287  191.37   -5.38    0.69   -6.07    0.01    0.08    0.01    0.00    0.01    0.00    0.00    5.25   10.53    1.42   18.64    5.15
 102 186 288  195.68   -5.21    0.53   -5.74    0.00    0.07    0.00    0.00    0.00    0.00    0.00    4.88   10.80    3.75   19.02    5.18
 102 187 289  202.23   -4.56    1.11   -5.67    0.02   -0.10    0.01   -0.01    0.00    0.00    0.00    4.37   10.87    1.53   19.37    5.28
 102 188 290  206.89   -4.23    1.05   -5.28    0.02    0.10    0.01    0.00    0.00    0.00    0.00    4.33   11.15    3.41   19.73    4.94
 102 189 291  213.21   -3.98    2.04   -6.02    0.05   -0.13    0.03   -0.03    0.00   -0.01    0.00    3.77   11.24    1.75   20.00    5.16
 102 190 292  218.12   -3.58    1.70   -5.28    0.04    0.12    0.03    0.02    0.00    0.00    0.00    3.66   11.58    3.16   20.36    4.91
 102 191 293  224.47   -3.48    2.61   -6.09    0.06    0.15    0.03    0.02   -0.01    0.00    0.00    3.42   11.44    1.72   20.70    4.88
 102 192 294  229.55   -3.09    2.28   -5.37    0.07    0.14    0.03    0.02    0.00    0.00    0.00    3.22   11.76    2.99   21.01    4.71
 103 139 242   92.15   -1.23    0.68   -1.90    0.24    0.00    0.04    0.00   -0.02    0.00   -0.02   10.58   -0.90    8.98   -0.09   18.71
 103 140 243   90.90   -1.16    0.72   -1.88    0.24    0.00    0.04    0.00   -0.02    0.00   -0.01   10.55   -0.79    9.33    0.29   18.31
 103 141 244   90.30   -1.96    0.82   -2.77    0.23    0.00    0.05    0.00   -0.02    0.00   -0.01   10.39   -0.53    8.67    0.62   17.99
 103 142 245   89.29   -1.93    0.85   -2.78    0.24    0.00    0.04    0.00   -0.03    0.00   -0.01   10.26   -0.40    9.08    1.11   17.75
 103 143 246   88.98   -2.74    1.01   -3.75    0.24    0.00    0.04    0.00   -0.03    0.00   -0.01   10.21   -0.07    8.39    1.44   17.47
 103 144 247   88.26   -2.71    0.97   -3.68    0.24    0.00    0.04    0.00   -0.03    0.00   -0.01   10.02    0.03    8.78    1.93   17.17
 103 145 248   88.16   -3.59    1.19   -4.78    0.24    0.00    0.04    0.00   -0.04    0.00   -0.02    9.90    0.32    8.17    2.27   16.96
 103 146 249   87.86   -3.43    1.11   -4.54    0.24    0.00    0.03    0.00   -0.04    0.00   -0.01    9.81    0.47    8.38    2.77   16.55
 103 147 250   88.12   -4.22    1.15   -5.38    0.24    0.00    0.03    0.00   -0.04    0.00   -0.01    9.85    0.84    7.80    3.21   16.18
 103 148 251   88.02   -4.14    1.13   -5.27    0.25    0.00    0.02    0.00   -0.04    0.00   -0.01    9.54    0.99    8.18    3.73   15.98
 103 149 252   88.42   -5.06    1.18   -6.24    0.25    0.00    0.02    0.00   -0.05    0.00    0.00    9.25    1.41    7.66    4.25   15.84
 103 150 253   88.70   -4.87    1.21   -6.09    0.25    0.00    0.01    0.00   -0.05    0.00    0.00    9.10    1.51    7.80    4.71   15.46
 103 151 254   89.17   -5.99    1.34   -7.34    0.25   -0.01    0.01    0.00   -0.05    0.00    0.00    8.65    1.90    7.60    5.20   15.40
 103 152 255   89.95   -5.57    1.41   -6.98    0.25    0.00    0.00    0.00   -0.05    0.00    0.01    8.70    2.01    7.30    5.66   14.89
 103 153 256   91.67   -5.70    1.55   -7.25    0.25    0.00    0.00    0.00   -0.05    0.00    0.01    9.45    2.39    6.35    6.15   13.64
 103 154 257   92.50   -5.48    1.44   -6.91    0.25    0.00   -0.01    0.00   -0.05    0.00    0.01    9.04    2.52    7.25    6.66   13.59
 103 155 258   94.45   -5.64    1.72   -7.36    0.25    0.00   -0.02    0.00   -0.05    0.00    0.02    8.78    2.91    6.12    7.20   13.37
 103 156 259   95.58   -5.36    1.56   -6.93    0.25    0.00   -0.02    0.00   -0.05    0.00    0.02    8.57    3.04    6.94    7.72   13.06
 103 157 260   97.61   -5.70    1.90   -7.60    0.25    0.00   -0.03    0.00   -0.05    0.00    0.03    8.12    3.45    6.04    8.30   12.98
 103 158 261   99.02   -5.40    1.61   -7.01    0.24    0.00   -0.03    0.00   -0.04    0.00    0.02    7.87    3.58    6.66    8.81   12.71
 103 159 262  101.17   -5.86    1.78   -7.63    0.24    0.00   -0.04    0.00   -0.04    0.00    0.03    7.41    3.99    5.92    9.43   12.58
 103 160 263  102.85   -5.53    1.80   -7.32    0.24    0.00   -0.04    0.00   -0.04    0.00    0.03    7.17    4.04    6.39    9.85   12.31
 103 161 264  105.00   -6.22    1.69   -7.91    0.23    0.00   -0.05    0.00   -0.03    0.00    0.02    6.56    4.36    5.92   10.22   12.31
 103 162 265  107.06   -5.75    1.65   -7.40    0.23    0.00   -0.05    0.00   -0.03    0.00    0.02    6.52    4.39    6.01   10.58   11.93
 103 163 266  110.49   -5.41    1.51   -6.92    0.22    0.00   -0.06    0.00   -0.02    0.00    0.02    7.42    4.63    4.64   10.86   10.65
 103 164 267  112.76   -4.95    1.45   -6.40    0.23    0.00   -0.05    0.00   -0.02    0.00    0.02    7.28    4.66    5.80   11.18   10.44
 103 165 268  116.67   -4.36    1.38   -5.75    0.22    0.00   -0.06    0.00   -0.01    0.00    0.01    7.47    4.81    4.16   11.42    9.96
 103 166 269  118.97   -4.11    1.29   -5.40    0.22    0.00   -0.05    0.00   -0.01    0.00    0.01    7.18    4.80    5.77   11.78    9.93
 103 167 270  122.81   -3.81    1.23   -5.04    0.19    0.00   -0.06    0.00    0.00    0.00    0.01    6.88    5.06    4.23   12.11   10.00
 103 168 271  125.34   -3.56    1.19   -4.75    0.19    0.00   -0.06    0.00   -0.01    0.00    0.01    6.74    5.07    5.55   12.42    9.78
 103 169 272  129.13   -3.53    0.94   -4.46    0.17    0.00   -0.05    0.00    0.00    0.00    0.01    6.36    5.28    4.27   12.73    9.82
 103 170 273  131.85   -3.30    0.99   -4.29    0.17    0.00   -0.05    0.00    0.00    0.00    0.01    6.25    5.29    5.35   13.08    9.63
 103 171 274  135.50   -3.64    1.04   -4.68    0.15    0.00   -0.06    0.00    0.01    0.00    0.00    5.79    5.46    4.43   13.43    9.78
 103 172 275  138.46   -3.38    1.05   -4.43    0.14    0.00   -0.06    0.00    0.01    0.00    0.00    5.68    5.50    5.11   13.78    9.53
 103 173 276  142.02   -4.02    1.50   -5.52    0.13    0.00   -0.07    0.00    0.02    0.00    0.00    5.25    5.95    4.51   14.22    9.62
 103 174 277  145.25   -3.72    0.33   -4.04    0.10    0.00   -0.03    0.00    0.00    0.00    0.00    5.15    5.71    4.85   14.37    9.36
 103 175 278  148.84   -4.53    0.52   -5.04    0.10    0.00   -0.04    0.00    0.01    0.00    0.00    4.75    6.08    4.48   14.79    9.32
 103 176 279  152.37   -4.12    0.52   -4.64    0.10    0.00   -0.04    0.00    0.01    0.00    0.00    4.91    5.91    4.54   14.92    9.01
 103 177 280  156.13   -4.97    0.30   -5.27   -0.10    0.00   -0.02    0.00    0.01    0.00    0.01    4.65    6.13    4.31   15.18    8.85
 103 178 281  159.81   -4.63    0.36   -4.99   -0.10    0.00   -0.02    0.00    0.01    0.00    0.01    4.67    6.21    4.40   15.61    8.71
 103 179 282  164.25   -5.00    0.08   -5.08    0.04    0.00   -0.02    0.00    0.00    0.00    0.00    5.10    6.46    3.62   15.94    8.02
 103 180 283  167.97   -4.81    0.14   -4.95   -0.06    0.00   -0.02    0.00    0.00    0.00    0.00    4.71    6.49    4.35   16.30    7.98
 103 181 284  172.10   -5.69    0.18   -5.87   -0.04    0.00   -0.02    0.00   -0.01    0.00    0.00    4.06    6.51    3.94   16.63    8.29
 103 182 285  176.25   -5.27    0.23   -5.50   -0.04    0.00   -0.03    0.00   -0.01    0.00    0.00    4.13    6.81    3.93   16.97    7.87
 103 183 286  180.58   -6.14    0.12   -6.26   -0.01    0.03    0.00    0.00    0.00    0.00    0.00    4.00    7.07    3.73   17.27    7.66
 103 184 287  184.91   -5.73    0.23   -5.95    0.00    0.04    0.00    0.00    0.01    0.00    0.00    3.85    7.09    3.74   17.62    7.47
 103 185 288  191.26   -4.77    0.75   -5.52    0.01    0.08    0.01    0.01    0.01    0.00    0.00    5.56    7.39    1.72   17.92    5.46
 103 186 289  195.46   -4.68    0.66   -5.35    0.00    0.08    0.00    0.00    0.01    0.00    0.00    5.09    7.51    3.87   18.31    5.59
 103 187 290  201.80   -3.92    1.05   -4.97    0.01   -0.10    0.01   -0.01    0.00    0.00    0.00    4.77    7.71    1.73   18.59    5.60
 103 188 291  206.34   -3.69    1.00   -4.69    0.00    0.10    0.01    0.00    0.00    0.00    0.00    4.71    7.84    3.54   18.99    5.27
 103 189 292  212.53   -3.25    2.39   -5.64    0.05   -0.13    0.04   -0.03    0.00   -0.01    0.00    4.30    7.96    1.87   19.20    5.41
 103 190 293  217.43   -2.84    1.49   -4.33    0.03   -0.12    0.01   -0.01    0.00    0.00    0.00    4.25    7.98    3.18   19.57    5.05
 103 191 294  223.39   -2.82    2.70   -5.51    0.05   -0.15    0.04   -0.02   -0.01    0.00    0.00    3.81    8.37    2.11   19.81    5.29
 103 192 295  228.48   -2.38    2.47   -4.86    0.06    0.15    0.04    0.02    0.00    0.00    0.00    3.64    8.36    2.98   20.12    5.09
 104 140 244   97.93   -0.63    0.58   -1.20    0.24    0.00    0.04    0.00   -0.02    0.00   -0.01   10.90    0.26    9.67   -0.53   18.74
 104 141 245   97.22   -1.45    0.70   -2.15    0.23    0.00    0.04    0.00   -0.02    0.00   -0.01   10.84    0.37    8.78   -0.17   18.44
 104 142 246   95.88   -1.43    0.72   -2.14    0.24    0.00    0.04    0.00   -0.02    0.00   -0.01   10.63    0.71    9.42    0.31   18.19
 104 143 247   95.48   -2.23    0.91   -3.14    0.24    0.00    0.04    0.00   -0.03    0.00   -0.01   10.58    0.78    8.46    0.71   17.88
 104 144 248   94.43   -2.20    0.86   -3.05    0.24    0.00    0.04    0.00   -0.03    0.00   -0.01   10.41    1.12    9.12    1.14   17.58
 104 145 249   94.26   -3.07    1.07   -4.14    0.24    0.00    0.04    0.00   -0.04    0.00   -0.01   10.22    1.19    8.25    1.51   17.37
 104 146 250   93.60   -2.93    0.97   -3.90    0.24    0.00    0.03    0.00   -0.04    0.00   -0.01   10.17    1.54    8.73    2.02   16.98
 104 147 251   93.78   -3.73    1.03   -4.77    0.24    0.00    0.02    0.00   -0.04    0.00   -0.01   10.16    1.63    7.89    2.47   16.62
 104 148 252   93.31   -3.67    1.01   -4.69    0.24    0.00    0.02    0.00   -0.04    0.00    0.00    9.85    1.99    8.54    2.98   16.43
 104 149 253   93.60   -4.65    1.17   -5.81    0.25    0.00    0.01    0.00   -0.05    0.00    0.00    9.50    2.11    7.78    3.52   16.32
 104 150 254   93.52   -4.48    1.18   -5.66    0.25    0.00    0.01    0.00   -0.05    0.00    0.00    9.38    2.47    8.16    3.98   15.94
 104 151 255   93.86   -5.66    1.38   -7.03    0.25    0.00    0.00    0.00   -0.05    0.00    0.01    8.89    2.60    7.73    4.50   15.88
 104 152 256   94.27   -5.26    1.45   -6.71    0.25    0.00    0.00    0.00   -0.05    0.00    0.01    8.93    2.97    7.66    4.97   15.39
 104 153 257   95.87   -5.45    1.67   -7.12    0.25    0.00   -0.01    0.00   -0.06    0.00    0.02    9.66    3.09    6.47    5.48   14.14
 104 154 258   96.37   -5.22    1.53   -6.74    0.25    0.00   -0.01    0.00   -0.05    0.00    0.02    9.28    3.41    7.57    5.93   14.04
 104 155 259   98.16   -5.47    1.90   -7.37    0.25    0.00   -0.02    0.00   -0.06    0.00    0.03    8.97    3.57    6.28    6.48   13.85
 104 156 260   98.98   -5.18    1.68   -6.86    0.25    0.00   -0.02    0.00   -0.05    0.00    0.02    8.83    3.88    7.25    6.92   13.53
 104 157 261  100.86   -5.60    2.22   -7.82    0.25    0.00   -0.03    0.00   -0.05    0.00    0.03    8.37    4.03    6.19    7.48   13.44
 104 158 262  101.99   -5.25    1.85   -7.09    0.25    0.00   -0.03    0.00   -0.05    0.00    0.03    8.24    4.32    6.94    7.89   13.14
 104 159 263  104.04   -5.74    1.90   -7.64    0.24    0.00   -0.04    0.00   -0.04    0.00    0.03    7.85    4.41    6.02    8.40   12.96
 104 160 264  105.38   -5.43    1.61   -7.03    0.24    0.00   -0.04    0.00   -0.04    0.00    0.03    7.65    4.76    6.74    8.80   12.76
 104 161 265  107.38   -6.22    1.68   -7.90    0.23    0.00   -0.05    0.00   -0.03    0.00    0.03    7.09    4.91    6.07    9.27   12.81
 104 162 266  109.08   -5.78    1.64   -7.42    0.23    0.00   -0.05    0.00   -0.03    0.00    0.02    7.05    5.27    6.37    9.66   12.44
 104 163 267  112.34   -5.54    1.51   -7.05    0.22    0.00   -0.06    0.00   -0.02    0.00    0.02    7.85    5.43    4.80   10.06   11.18
 104 164 268  114.34   -5.03    1.42   -6.46    0.22    0.00   -0.06    0.00   -0.02    0.00    0.02    7.76    5.71    6.07   10.37   10.88
 104 165 269  118.09   -4.55    1.52   -6.07    0.21    0.00   -0.07    0.00    0.00    0.00    0.01    7.84    5.87    4.33   10.67   10.40
 104 166 270  120.06   -4.31    1.33   -5.63    0.20   -0.01   -0.06    0.00   -0.01    0.00    0.01    7.50    6.20    6.10   11.01   10.43
 104 167 271  123.84   -4.01    1.15   -5.15    0.19    0.00   -0.06    0.00    0.00    0.00    0.01    7.23    6.26    4.28   11.32   10.39
 104 168 272  126.05   -3.75    1.11   -4.86    0.19    0.00   -0.06    0.00    0.00    0.00    0.01    7.14    6.58    5.87   11.65   10.15
 104 169 273  129.76   -3.75    0.90   -4.65    0.17    0.00   -0.05    0.00    0.00    0.00    0.01    6.75    6.66    4.36   11.94   10.22
 104 170 274  132.16   -3.53    0.90   -4.42    0.16    0.00   -0.05    0.00    0.00    0.00    0.01    6.62    6.98    5.68   12.28   10.03
 104 171 275  135.74   -3.88    0.85   -4.72    0.14    0.00   -0.05    0.00    0.01    0.00    0.00    6.19    7.05    4.49   12.51   10.17
 104 172 276  138.38   -3.63    0.77   -4.40    0.14    0.00   -0.05    0.00    0.01    0.00    0.00    6.09    7.37    5.43   12.87    9.92
 104 173 277  142.00   -4.15    1.34   -5.49    0.13    0.00   -0.07    0.00    0.02    0.00    0.00    5.91    7.31    4.45   13.26    9.88
 104 174 278  144.79   -3.97    0.26   -4.22   -0.13    0.00    0.00    0.00    0.01    0.00    0.00    5.69    7.74    5.28   13.45    9.73
 104 175 279  148.38   -4.74    0.60   -5.33    0.10    0.00   -0.04    0.00    0.01    0.00    0.00    5.27    7.75    4.49   13.83    9.77
 104 176 280  151.44   -4.49    0.19   -4.68   -0.11    0.00    0.00    0.00    0.00    0.00    0.00    5.35    8.23    5.01   14.14    9.50
 104 177 281  155.10   -5.39    0.26   -5.65   -0.10    0.00   -0.02    0.00    0.01    0.00    0.01    5.04    8.32    4.41   14.45    9.42
 104 178 282  158.46   -5.05    0.31   -5.36   -0.10    0.00   -0.02    0.00    0.01    0.00    0.01    5.03    8.64    4.71   14.85    9.12
 104 179 283  162.88   -5.39    0.13   -5.52   -0.07    0.00   -0.01    0.00    0.00    0.00    0.00    5.48    8.66    3.65   15.13    8.36
 104 180 284  166.29   -5.20    0.09   -5.29   -0.06    0.00   -0.01    0.00    0.00    0.00    0.00    5.14    8.97    4.66   15.46    8.31
 104 181 285  170.42   -6.04    0.16   -6.20   -0.04    0.00   -0.02    0.00   -0.01    0.00    0.00    4.57    8.97    3.94   15.49    8.60
 104 182 286  174.26   -5.62    0.18   -5.80   -0.04    0.00   -0.02    0.00   -0.01    0.00    0.00    4.65    9.28    4.24   16.09    8.18
 104 183 287  178.59   -6.44    0.02   -6.47    0.00    0.01    0.00    0.00    0.00    0.00    0.00    4.84    9.28    3.73   16.35    7.97
 104 184 288  182.61   -6.04    0.06   -6.10    0.00    0.02    0.00    0.00    0.00    0.00    0.00    4.42    9.59    4.06   16.68    7.79
 104 185 289  188.93   -5.07    0.64   -5.71    0.01    0.07    0.01    0.01    0.00    0.00    0.00    6.14    9.62    1.75   17.01    5.80
 104 186 290  192.85   -4.96    0.54   -5.49    0.00    0.07    0.00    0.00    0.00    0.00    0.00    5.71    9.90    4.16   17.41    5.90
 104 187 291  199.12   -4.23    1.04   -5.27    0.02    0.10    0.01    0.01    0.00    0.00    0.00    5.33    9.98    1.80   17.69    5.96
 104 188 292  203.39   -3.95    0.99   -4.93    0.01    0.10    0.01    0.00    0.00    0.00    0.00    5.28   10.24    3.80   18.08    5.60
 104 189 293  209.49   -3.58    1.98   -5.56    0.05   -0.13    0.03   -0.02    0.00   -0.01    0.00    4.83   10.34    1.97   18.30    5.77
 104 190 294  214.03   -3.20    1.65   -4.85    0.04   -0.12    0.02   -0.01    0.00    0.00    0.00    4.72   10.68    3.53   18.67    5.50
 104 191 295  220.06   -3.09    2.51   -5.60    0.06    0.15    0.03    0.02    0.00    0.00    0.00    4.43   10.62    2.05   18.99    5.57
 104 192 296  224.80   -2.70    2.12   -4.81    0.05    0.14    0.03    0.02    0.00    0.00    0.00    4.25   10.97    3.33   19.33    5.38
 105 141 246  105.89   -1.39    0.52   -1.91    0.23    0.00    0.03    0.00   -0.03    0.00    0.00   11.31   -1.37    8.90   -1.01   18.81
 105 142 247  104.30   -1.52    0.60   -2.12    0.25    0.00    0.01    0.00   -0.03    0.00    0.00   10.97   -1.13    9.66   -0.43   18.56
 105 143 248  103.63   -2.27    0.72   -2.99    0.24    0.00    0.02    0.00   -0.04    0.00    0.00   10.90   -0.85    8.74   -0.07   18.40
 105 144 249  102.44   -2.29    0.75   -3.04    0.25    0.00    0.01    0.00   -0.04    0.00    0.00   10.72   -0.72    9.26    0.40   18.00
 105 145 250  101.96   -3.13    0.85   -3.99    0.25    0.00    0.01    0.00   -0.04    0.00    0.00   10.56   -0.41    8.55    0.78   17.81
 105 146 251  101.09   -3.13    0.84   -3.96    0.25    0.00    0.01    0.00   -0.04    0.00    0.00   10.40   -0.20    8.94    1.34   17.49
 105 147 252  100.83   -4.03    0.94   -4.97    0.25    0.00    0.00    0.00   -0.04    0.00    0.01   10.24    0.24    8.33    1.87   17.27
 105 148 253  100.24   -4.03    0.97   -5.00    0.25    0.00    0.00    0.00   -0.04    0.00    0.01    9.96    0.36    8.66    2.36   16.99
 105 149 254  100.02   -5.17    1.20   -6.36    0.25    0.00   -0.01    0.00   -0.05    0.00    0.01    9.47    0.87    8.29    2.99   16.96
 105 150 255   99.90   -4.96    1.18   -6.14    0.25    0.00    0.00    0.00   -0.05    0.00    0.01    9.46    0.91    8.19    3.38   16.48
 105 151 256   99.83   -6.22    1.38   -7.60    0.25    0.00   -0.01    0.00   -0.05    0.00    0.01    8.98    1.32    8.14    3.92   16.33
 105 152 257  100.15   -5.85    1.38   -7.22    0.25    0.00   -0.01    0.00   -0.05    0.00    0.01    9.02    1.41    7.76    4.38   15.89
 105 153 258  101.31   -6.13    1.60   -7.73    0.25    0.00   -0.02    0.00   -0.05    0.00    0.02    9.72    1.84    6.90    4.94   14.66
 105 154 259  101.69   -5.96    1.54   -7.50    0.25    0.00   -0.02    0.00   -0.05    0.00    0.02    9.32    1.97    7.69    5.38   14.60
 105 155 260  103.04   -6.33    1.87   -8.20    0.25    0.00   -0.03    0.00   -0.05    0.00    0.03    8.94    2.41    6.72    5.98   14.42
 105 156 261  103.77   -6.06    1.79   -7.85    0.25    0.00   -0.03    0.00   -0.05    0.00    0.03    8.85    2.50    7.34    6.39   14.07
 105 157 262  105.20   -6.59    2.21   -8.80    0.25    0.00   -0.04    0.00   -0.05    0.00    0.04    8.33    2.95    6.64    6.98   13.98
 105 158 263  106.26   -6.25    1.96   -8.21    0.25    0.00   -0.04    0.00   -0.05    0.00    0.03    8.26    3.02    7.01    7.33   13.65
 105 159 264  107.93   -6.80    2.15   -8.95    0.25    0.00   -0.05    0.00   -0.05    0.00    0.03    7.90    3.40    6.40    7.81   13.42
 105 160 265  109.24   -6.45    1.93   -8.38    0.24    0.00   -0.05    0.00   -0.04    0.00    0.03    7.80    3.43    6.76    8.19   13.17
 105 161 266  110.92   -7.23    1.93   -9.16    0.24    0.00   -0.06    0.00   -0.03    0.00    0.03    7.33    3.75    6.39    8.66   13.16
 105 162 267  112.59   -6.76    1.85   -8.62    0.23    0.00   -0.06    0.00   -0.03    0.00    0.03    7.32    3.78    6.40    9.05   12.79
 105 163 268  115.60   -6.45    1.70   -8.15    0.23    0.00   -0.06    0.00   -0.02    0.00    0.02    8.17    4.03    5.06    9.47   11.46
 105 164 269  117.58   -5.91    1.65   -7.56    0.23    0.00   -0.06    0.00   -0.02    0.00    0.02    8.10    4.05    6.09    9.76   11.15
 105 165 270  121.06   -5.36    1.71   -7.07    0.22    0.00   -0.07    0.00   -0.01    0.00    0.02    8.15    4.31    4.59   10.18   10.67
 105 166 271  123.04   -5.06    1.52   -6.58    0.22    0.00   -0.06    0.00   -0.01    0.00    0.02    7.86    4.30    6.10   10.51   10.68
 105 167 272  126.62   -4.64    1.92   -6.55    0.20    0.00   -0.08    0.00    0.01    0.00    0.01    7.53    4.51    4.49   10.77   10.58
 105 168 273  128.83   -4.33    1.42   -5.76    0.20    0.00   -0.06    0.00   -0.01    0.00    0.01    7.43    4.51    5.87   11.09   10.36
 105 169 274  132.32   -4.23    1.49   -5.72    0.18    0.00   -0.07    0.00    0.01    0.00    0.01    7.08    4.73    4.58   11.39   10.45
 105 170 275  134.73   -3.94    1.45   -5.39    0.18    0.00   -0.07    0.00    0.01    0.00    0.00    6.97    4.71    5.66   11.70   10.24
 105 171 276  138.10   -4.18    1.01   -5.19    0.15    0.00   -0.06    0.00    0.01    0.00    0.00    6.54    4.92    4.70   11.97   10.36
 105 172 277  140.72   -3.90    1.01   -4.90    0.15    0.00   -0.06    0.00    0.01    0.00    0.00    6.45    4.94    5.45   12.31   10.15
 105 173 278  144.04   -4.41    1.56   -5.97    0.13    0.00   -0.07    0.00    0.02    0.00    0.00    6.12    5.25    4.76   12.56   10.21
 105 174 279  146.85   -4.16    0.74   -4.90    0.12    0.00   -0.05    0.00    0.01    0.00    0.00    5.96    5.23    5.26   12.98   10.02
 105 175 280  150.08   -4.97    0.76   -5.73    0.09    0.00   -0.05    0.00    0.01    0.00    0.00    5.63    5.59    4.84   13.34   10.10
 105 176 281  153.27   -4.54    0.78   -5.32    0.09    0.00   -0.05    0.00    0.01    0.00    0.00    5.60    5.46    4.88   13.68    9.72
 105 177 282  156.92   -5.14    0.26   -5.40   -0.10    0.00   -0.02    0.00    0.01    0.00    0.00    5.66    5.46    4.42   13.79    9.30
 105 178 283  160.25   -4.78    0.31   -5.09   -0.10    0.01   -0.02    0.00    0.01    0.00    0.01    5.45    5.50    4.75   14.14    9.16
 105 179 284  164.25   -5.24    0.25   -5.48    0.05    0.00   -0.03    0.00    0.01    0.00    0.00    5.69    5.92    4.07   14.58    8.82
 105 180 285  167.69   -4.97    0.16   -5.12   -0.05    0.02   -0.02    0.00    0.00    0.00    0.00    5.46    5.89    4.63   14.86    8.70
 105 181 286  171.50   -5.81    0.27   -6.08   -0.04    0.02   -0.03    0.00   -0.01    0.00    0.00    4.83    6.20    4.26   15.18    8.89
 105 182 287  175.31   -5.38    0.28   -5.66   -0.04   -0.02   -0.03    0.00   -0.01    0.00    0.00    4.91    6.24    4.27   15.52    8.53
 105 183 288  179.39   -6.15    0.06   -6.21   -0.01    0.02   -0.01    0.00    0.00    0.00    0.00    4.86    6.49    3.99   15.77    8.26
 105 184 289  183.39   -5.72    0.14   -5.86    0.00    0.04    0.00    0.00    0.00    0.00    0.00    4.72    6.51    4.07   16.10    8.06
 105 185 290  189.47   -4.68    0.63   -5.31    0.00    0.07    0.01    0.01    0.00    0.00    0.01    6.46    6.75    1.99   16.37    6.06
 105 186 291  193.28   -4.64    0.51   -5.15    0.00    0.07    0.00    0.00    0.00    0.00    0.00    5.94    6.86    4.26   16.76    6.25
 105 187 292  199.34   -3.81    0.95   -4.77    0.01    0.09    0.01    0.00    0.00    0.00    0.00    5.65    7.07    2.01   17.04    6.28
 105 188 293  203.48   -3.62    0.88   -4.50    0.00    0.09    0.00    0.00    0.00    0.00    0.00    5.59    7.19    3.93   17.43    5.94
 105 189 294  209.54   -2.98    1.45   -4.43    0.02    0.12    0.01    0.00    0.00    0.00    0.00    5.31    7.24    2.01   17.57    5.94
 105 190 295  213.93   -2.72    1.33   -4.05    0.01    0.11    0.01    0.00    0.00    0.00    0.00    5.17    7.39    3.68   18.07    5.69
 105 191 296  219.83   -2.43    2.35   -4.78    0.05    0.14    0.03    0.02   -0.01    0.00    0.00    4.87    7.51    2.17   18.14    5.85
 105 192 297  224.52   -2.06    2.13   -4.19    0.05   -0.14    0.02   -0.02   -0.01    0.00    0.00    4.67    7.57    3.38   18.54    5.56
 106 142 248  111.76   -0.97    0.43   -1.40    0.24    0.00    0.02    0.00   -0.03    0.00    0.00   11.41   -0.17    9.92   -1.30   18.98
 106 143 249  111.00   -1.73    0.58   -2.31    0.24    0.00    0.02    0.00   -0.03    0.00   -0.01   11.35   -0.08    8.83   -0.94   18.75
 106 144 250  109.48   -1.74    0.55   -2.29    0.24    0.00    0.02    0.00   -0.03    0.00    0.00   11.18    0.25    9.59   -0.47   18.42
 106 145 251  108.95   -2.56    0.69   -3.24    0.24    0.00    0.02    0.00   -0.04    0.00   -0.01   11.05    0.29    8.60   -0.12   18.19
 106 146 252  107.73   -2.57    0.67   -3.24    0.24    0.00    0.01    0.00   -0.04    0.00    0.00   10.87    0.65    9.30    0.45   17.90
 106 147 253  107.40   -3.47    0.81   -4.28    0.24    0.00    0.00    0.00   -0.04    0.00    0.01   10.72    0.71    8.40    0.95   17.69
 106 148 254  106.47   -3.46    0.83   -4.29    0.24    0.00    0.00    0.00   -0.04    0.00    0.00   10.45    1.06    9.00    1.42   17.40
 106 149 255  106.15   -4.63    1.07   -5.70    0.25    0.00   -0.01    0.00   -0.05    0.00    0.01    9.95    1.15    8.39    2.03   17.39
 106 150 256  105.70   -4.42    1.05   -5.46    0.25    0.00   -0.01    0.00   -0.04    0.00    0.01    9.96    1.48    8.52    2.39   16.91
 106 151 257  105.56   -5.68    1.24   -6.92    0.25    0.00   -0.01    0.00   -0.05    0.00    0.01    9.53    1.56    8.21    2.88   16.74
 106 152 258  105.55   -5.30    1.31   -6.61    0.25    0.00   -0.01    0.00   -0.05    0.00    0.01    9.61    1.88    8.08    3.30   16.29
 106 153 259  106.64   -5.60    1.57   -7.17    0.25    0.00   -0.02    0.00   -0.05    0.00    0.02   10.35    1.97    6.99    3.81   15.07
 106 154 260  106.64   -5.46    1.50   -6.97    0.25    0.00   -0.02    0.00   -0.05    0.00    0.02    9.95    2.33    8.06    4.30   15.05
 106 155 261  107.90   -5.86    1.90   -7.76    0.25    0.00   -0.03    0.00   -0.05    0.00    0.03    9.61    2.43    6.82    4.84   14.88
 106 156 262  108.28   -5.61    1.79   -7.40    0.25    0.00   -0.03    0.00   -0.05    0.00    0.03    9.49    2.77    7.69    5.28   14.50
 106 157 263  109.61   -6.18    2.27   -8.46    0.25    0.00   -0.04    0.00   -0.05    0.00    0.04    9.02    2.88    6.74    5.83   14.43
 106 158 264  110.33   -5.85    1.97   -7.82    0.25    0.00   -0.04    0.00   -0.05    0.00    0.03    8.92    3.22    7.36    6.24   14.10
 106 159 265  111.90   -6.43    2.09   -8.52    0.25    0.00   -0.05    0.00   -0.04    0.00    0.03    8.62    3.31    6.50    6.72   13.85
 106 160 266  112.84   -6.13    1.86   -7.98    0.24    0.00   -0.05    0.00   -0.04    0.00    0.03    8.43    3.68    7.13    7.11   13.63
 106 161 267  114.38   -6.98    1.87   -8.85    0.24    0.00   -0.06    0.00   -0.03    0.00    0.03    7.92    3.82    6.53    7.57   13.66
 106 162 268  115.69   -6.56    1.83   -8.38    0.23    0.00   -0.06    0.00   -0.03    0.00    0.03    7.89    4.19    6.77    7.97   13.30
 106 163 269  118.55   -6.33    1.69   -8.03    0.22    0.00   -0.07    0.00   -0.02    0.00    0.02    8.75    4.33    5.21    8.37   11.97
 106 164 270  120.24   -5.76    1.67   -7.43    0.22    0.00   -0.07    0.00   -0.02    0.00    0.02    8.74    4.63    6.38    8.68   11.59
 106 165 271  123.60   -5.28    1.75   -7.02    0.21    0.00   -0.07    0.00    0.00    0.00    0.02    8.84    4.75    4.71    9.06   11.09
 106 166 272  125.27   -4.96    1.54   -6.50    0.21    0.00   -0.07    0.00   -0.01    0.00    0.02    8.50    5.06    6.41    9.36   11.11
 106 167 273  128.72   -4.61    1.78   -6.39    0.21    0.00   -0.08    0.00    0.01    0.00    0.01    8.21    5.19    4.62    9.70   11.02
 106 168 274  130.60   -4.31    1.49   -5.80    0.20    0.00   -0.07    0.00    0.00    0.00    0.01    8.13    5.51    6.19   10.02   10.81
 106 169 275  134.05   -4.20    1.38   -5.57    0.18    0.00   -0.07    0.00    0.01    0.00    0.01    7.79    5.55    4.62   10.29   10.81
 106 170 276  136.12   -3.93    1.16   -5.09    0.17    0.00   -0.06    0.00    0.00    0.00    0.01    7.65    5.90    6.00   10.61   10.63
 106 171 277  139.37   -4.24    0.90   -5.14    0.15    0.00   -0.05    0.00    0.01    0.00    0.00    7.19    6.02    4.82   10.94   10.82
 106 172 278  141.66   -3.98    0.82   -4.79    0.14    0.00   -0.05    0.00    0.01    0.00    0.00    7.08    6.36    5.79   11.30   10.61
 106 173 279  144.90   -4.51    0.45   -4.97    0.12    0.00   -0.04    0.00    0.00    0.00    0.00    6.74    6.43    4.83   11.68   10.62
 106 174 280  147.37   -4.28    0.47   -4.74    0.11    0.00   -0.04    0.00    0.01    0.00    0.00    6.57    6.76    5.60   11.99   10.43
 106 175 281  150.57   -5.07    0.60   -5.67    0.10    0.00   -0.05    0.00    0.01    0.00    0.00    6.14    6.80    4.88   12.38   10.47
 106 176 282  153.45   -4.65    0.59   -5.24    0.10    0.00   -0.04    0.00    0.01    0.00    0.00    6.23    7.11    5.19   12.57   10.07
 106 177 283  156.81   -5.49    0.25   -5.74   -0.10    0.00   -0.02    0.00    0.01    0.00    0.01    6.01    7.40    4.71   12.87    9.90
 106 178 284  159.82   -5.13    0.31   -5.44   -0.10    0.00   -0.02    0.00    0.01    0.00    0.01    5.96    7.72    5.06   13.21    9.77
 106 179 285  163.91   -5.45    0.12   -5.57   -0.07    0.00   -0.02    0.00    0.00    0.00    0.00    6.39    7.63    3.98   13.55    9.04
 106 180 286  166.85   -5.38    0.00   -5.38    0.00    0.00    0.00    0.00    0.00    0.00    0.00    5.96    8.13    5.13   14.02    9.12
 106 181 287  170.78   -6.06    0.16   -6.22   -0.04    0.00   -0.02    0.00   -0.01    0.00    0.00    5.47    8.02    4.14   14.22    9.27
 106 182 288  174.28   -5.62    0.19   -5.81   -0.04    0.00   -0.03    0.00   -0.01    0.00    0.00    5.56    8.32    4.57   14.56    8.71
 106 183 289  178.34   -6.37    0.00   -6.37    0.00    0.00    0.00    0.00    0.00    0.00    0.00    5.49    8.34    4.01   14.83    8.58
 106 184 290  182.02   -5.95    0.00   -5.95    0.00    0.00    0.00    0.00    0.00    0.00    0.00    5.34    8.65    4.39   15.16    8.40
 106 185 291  188.10   -4.88    0.57   -5.45    0.01    0.07    0.01    0.01    0.01    0.00    0.00    7.08    8.66    2.00   15.41    6.38
 106 186 292  191.60   -4.83    0.37   -5.19    0.00   -0.06    0.00    0.00    0.00    0.00    0.00    6.57    8.96    4.57   15.82    6.56
 106 187 293  197.63   -4.00    0.93   -4.93    0.01    0.09    0.01    0.01    0.00    0.00    0.00    6.27    9.00    2.05   16.06    6.61
 106 188 294  201.49   -3.79    0.75   -4.54    0.00    0.08    0.01    0.00    0.00    0.00    0.00    6.21    9.28    4.22   16.48    6.26
 106 189 295  207.41   -3.25    1.95   -5.20    0.04    0.12    0.03    0.02    0.00    0.01    0.00    5.87    9.42    2.15   16.66    6.36
 106 190 296  211.57   -2.92    1.41   -4.33    0.02   -0.11    0.01   -0.01    0.00    0.00    0.00    5.76    9.66    3.91   17.04    6.06
 106 191 297  217.27   -2.78    2.51   -5.29    0.05    0.15    0.03    0.03    0.00    0.00    0.00    5.36    9.85    2.37   17.37    6.28
 106 192 298  221.68   -2.39    2.12   -4.51    0.05    0.14    0.03    0.02   -0.01    0.00    0.00    5.22   10.13    3.66   17.70    6.03
 107 143 250  119.75   -1.98    0.37   -2.35    0.23    0.00    0.00    0.00   -0.03    0.00    0.00   11.44   -1.46    9.07   -1.55   19.17
 107 144 251  118.08   -2.08    0.45   -2.53    0.24    0.00   -0.01    0.00   -0.03    0.00    0.01   11.36   -1.31    9.75   -1.06   18.82
 107 145 252  117.26   -2.84    0.57   -3.41    0.24    0.00    0.00    0.00   -0.03    0.00    0.00   11.21   -1.02    8.89   -0.72   18.63
 107 146 253  115.89   -2.93    0.60   -3.53    0.24    0.00   -0.01    0.00   -0.03    0.00    0.01   11.02   -0.87    9.45   -0.22   18.33
 107 147 254  115.19   -3.86    0.71   -4.57    0.24    0.00   -0.01    0.00   -0.04    0.00    0.01   10.81   -0.50    8.77    0.22   18.21
 107 148 255  114.19   -3.85    0.76   -4.61    0.24    0.00   -0.01    0.00   -0.04    0.00    0.01   10.67   -0.43    9.08    0.63   17.84
 107 149 256  113.46   -5.09    0.90   -6.00    0.24    0.00   -0.02    0.00   -0.04    0.00    0.01   10.21   -0.02    8.80    1.13   17.87
 107 150 257  113.00   -4.82    0.86   -5.68    0.24    0.00   -0.01    0.00   -0.04    0.00    0.01   10.34   -0.01    8.53    1.47   17.33
 107 151 258  112.53   -6.08    1.08   -7.16    0.24    0.00   -0.02    0.00   -0.04    0.00    0.01   10.09    0.32    8.55    1.88   17.08
 107 152 259  112.44   -5.71    1.14   -6.85    0.24    0.00   -0.02    0.00   -0.04    0.00    0.01   10.12    0.40    8.16    2.28   16.70
 107 153 260  113.14   -6.07    1.40   -7.47    0.25    0.00   -0.03    0.00   -0.05    0.00    0.02   10.88    0.79    7.38    2.76   15.53
 107 154 261  112.99   -6.02    1.34   -7.36    0.24    0.00   -0.03    0.00   -0.04    0.00    0.02   10.42    0.94    8.22    3.28   15.59
 107 155 262  113.85   -6.48    1.75   -8.23    0.25    0.00   -0.04    0.00   -0.04    0.00    0.03   10.11    1.34    7.22    3.77   15.43
 107 156 263  114.11   -6.29    1.66   -7.94    0.25    0.00   -0.04    0.00   -0.04    0.00    0.03    9.99    1.47    7.81    4.24   15.03
 107 157 264  115.04   -6.93    2.09   -9.02    0.25    0.00   -0.05    0.00   -0.04    0.00    0.04    9.57    1.86    7.14    4.74   14.95
 107 158 265  115.65   -6.65    1.90   -8.55    0.24    0.00   -0.05    0.00   -0.04    0.00    0.03    9.45    1.97    7.46    5.19   14.60
 107 159 266  116.78   -7.34    1.99   -9.33    0.24    0.00   -0.06    0.00   -0.03    0.00    0.03    9.15    2.42    6.94    5.73   14.40
 107 160 267  117.61   -7.08    1.91   -8.99    0.24    0.00   -0.06    0.00   -0.03    0.00    0.03    8.92    2.52    7.24    6.21   14.18
 107 161 268  118.69   -8.08    2.01  -10.08    0.24    0.00   -0.07    0.00   -0.03    0.00    0.03    8.33    2.98    6.99    6.80   14.23
 107 162 269  119.93   -7.66    1.99   -9.65    0.23    0.00   -0.07    0.00   -0.02    0.00    0.03    8.26    3.05    6.83    7.24   13.82
 107 163 270  122.43   -7.47    1.87   -9.35    0.23    0.00   -0.07    0.00   -0.01    0.00    0.02    9.09    3.41    5.57    7.75   12.40
 107 164 271  124.12   -6.84    1.86   -8.70    0.23    0.00   -0.07    0.00   -0.02    0.00    0.02    9.11    3.41    6.38    8.04   11.95
 107 165 272  127.18   -6.33    1.91   -8.24    0.22    0.00   -0.08    0.00   -0.01    0.00    0.02    9.16    3.71    5.01    8.46   11.39
 107 166 273  128.84   -5.96    1.80   -7.76    0.22    0.00   -0.07    0.00   -0.01    0.00    0.02    8.83    3.72    6.42    8.78   11.42
 107 167 274  132.10   -5.49    2.01   -7.50    0.21    0.00   -0.08    0.00    0.01    0.00    0.01    8.61    3.91    4.81    9.10   11.23
 107 168 275  133.99   -5.13    1.76   -6.88    0.21    0.00   -0.07    0.00    0.00    0.00    0.02    8.52    3.91    6.18    9.42   10.99
 107 169 276  137.32   -4.81    1.64   -6.45    0.19    0.00   -0.08    0.00    0.00    0.00    0.01    8.27    4.03    4.74    9.58   10.92
 107 170 277  139.38   -4.50    1.52   -6.02    0.19    0.00   -0.07    0.00    0.00    0.00    0.01    8.13    4.03    6.01    9.93   10.75
 107 171 278  142.58   -4.54    0.66   -5.20    0.13    0.00   -0.05    0.00    0.00    0.00    0.00    7.84    4.08    4.88   10.10   10.88
 107 172 279  144.72   -4.37    0.48   -4.86    0.12    0.00   -0.04    0.00    0.00    0.00    0.00    7.56    4.23    5.93   10.58   10.80
 107 173 280  147.51   -5.04    0.59   -5.64    0.11    0.00   -0.05    0.00    0.01    0.00    0.00    6.98    4.68    5.28   11.11   11.21
 107 174 281  149.92   -4.83    0.65   -5.47    0.10    0.00   -0.05    0.00    0.01    0.00    0.00    6.77    4.74    5.66   11.50   10.94
 107 175 282  152.76   -5.66    0.79   -6.45    0.10    0.00   -0.05    0.00    0.01    0.00    0.00    6.30    5.10    5.23   11.89   10.89
 107 176 283  155.63   -5.20    0.79   -5.99    0.10    0.00   -0.05    0.00    0.01    0.00    0.00    6.36    5.11    5.20   12.22   10.43
 107 177 284  159.21   -5.51    0.60   -6.11    0.08    0.00   -0.05    0.00    0.01    0.00    0.00    6.70    4.89    4.49   12.30    9.70
 107 178 285  162.21   -5.11    0.42   -5.53    0.07    0.00   -0.04    0.00    0.01    0.00    0.00    6.52    4.90    5.06   12.61    9.56
 107 179 286  165.74   -5.68    0.23   -5.90    0.05    0.00   -0.03    0.00    0.00    0.00    0.00    6.40    5.45    4.54   13.08    9.60
 107 180 287  168.93   -5.31    0.09   -5.40    0.04    0.00   -0.02    0.00    0.00    0.00    0.00    6.26    5.21    4.89   13.34    9.43
 107 181 288  172.46   -6.08    0.26   -6.34   -0.04    0.03   -0.02    0.00   -0.01    0.00    0.00    5.79    5.60    4.54   13.62    9.42
 107 182 289  175.93   -5.63    0.03   -5.66   -0.01    0.01   -0.01    0.00    0.00    0.00    0.00    5.81    5.64    4.60   13.95    9.14
 107 183 290  179.68   -6.38    0.03   -6.41   -0.01    0.01    0.00    0.01    0.00    0.00    0.00    5.75    5.95    4.32   14.29    8.92
 107 184 291  183.35   -5.93    0.03   -5.96    0.00    0.01    0.00    0.01    0.00    0.00    0.00    5.62    5.96    4.40   14.61    8.72
 107 185 292  189.30   -4.67    0.43   -5.11    0.00    0.06    0.01    0.02    0.00    0.00    0.00    7.49    6.08    2.12   14.74    6.52
 107 186 293  192.66   -4.73    0.06   -4.79    0.00    0.02    0.00    0.01    0.00    0.00    0.00    6.85    6.23    4.72   15.20    6.83
 107 187 294  198.59   -3.69    0.79   -4.49    0.01   -0.08    0.01   -0.01    0.00    0.00    0.00    6.69    6.33    2.14   15.33    6.86
 107 188 295  202.36   -3.53    0.53   -4.06    0.00    0.07    0.00    0.01    0.00    0.00    0.00    6.66    6.41    4.30   15.70    6.44
 107 189 296  208.15   -2.82    2.06   -4.88    0.04   -0.13    0.03   -0.03    0.00   -0.01    0.00    6.38    6.55    2.28   15.97    6.58
 107 190 297  212.18   -2.58    0.95   -3.53    0.00    0.09    0.00    0.00    0.00    0.00    0.00    6.28    6.67    4.04   16.33    6.32
 107 191 298  217.70   -2.33    2.47   -4.79    0.05    0.15    0.03    0.03   -0.01    0.00    0.00    5.74    6.86    2.55   16.71    6.59
 107 192 299  222.06   -1.94    2.18   -4.12    0.04    0.14    0.03    0.02    0.00    0.00    0.00    5.71    6.90    3.71   17.03    6.26
 108 144 252  126.13   -1.34    0.39   -1.73    0.24    0.00   -0.01    0.00   -0.03    0.00    0.00   11.95   -0.77   10.11   -2.07   19.24
 108 145 253  125.27   -2.07    0.46   -2.53    0.24    0.00   -0.01    0.00   -0.03    0.00    0.00   11.85   -0.73    8.93   -1.74   19.03
 108 146 254  123.53   -2.19    0.49   -2.67    0.24    0.00   -0.01    0.00   -0.03    0.00    0.01   11.63   -0.36    9.81   -1.23   18.74
 108 147 255  122.76   -3.12    0.76   -3.88    0.25    0.00   -0.02    0.00   -0.03    0.00    0.01   11.38   -0.28    8.84   -0.78   18.66
 108 148 256  121.41   -3.12    0.67   -3.79    0.24    0.00   -0.02    0.00   -0.03    0.00    0.01   11.26    0.06    9.42   -0.37   18.26
 108 149 257  120.61   -4.37    0.77   -5.13    0.24    0.00   -0.02    0.00   -0.04    0.00    0.01   10.78    0.14    8.87    0.12   18.29
 108 150 258  119.81   -4.10    0.80   -4.90    0.24    0.00   -0.02    0.00   -0.04    0.00    0.01   10.91    0.48    8.87    0.47   17.75
 108 151 259  119.27   -5.36    0.92   -6.28    0.24    0.00   -0.02    0.00   -0.04    0.00    0.01   10.69    0.54    8.61    0.87   17.48
 108 152 260  118.84   -5.00    1.05   -6.04    0.24    0.00   -0.02    0.00   -0.04    0.00    0.01   10.71    0.89    8.50    1.29   17.11
 108 153 261  119.47   -5.35    1.31   -6.66    0.24    0.00   -0.03    0.00   -0.04    0.00    0.02   11.49    0.95    7.44    1.74   15.94
 108 154 262  118.97   -5.33    1.25   -6.58    0.24    0.00   -0.04    0.00   -0.04    0.00    0.02   11.00    1.31    8.58    2.25   16.01
 108 155 263  119.73   -5.82    1.61   -7.43    0.25    0.00   -0.04    0.00   -0.04    0.00    0.03   10.67    1.40    7.31    2.74   15.88
 108 156 264  119.65   -5.64    1.57   -7.20    0.24    0.00   -0.05    0.00   -0.04    0.00    0.03   10.58    1.74    8.15    3.21   15.46
 108 157 265  120.49   -6.31    1.95   -8.26    0.25    0.00   -0.05    0.00   -0.04    0.00    0.03   10.17    1.84    7.23    3.70   15.39
 108 158 266  120.75   -6.04    1.81   -7.86    0.24    0.00   -0.05    0.00   -0.04    0.00    0.03   10.04    2.19    7.81    4.16   15.05
 108 159 267  121.79   -6.77    1.90   -8.68    0.24    0.00   -0.06    0.00   -0.03    0.00    0.03    9.75    2.28    7.03    4.70   14.85
 108 160 268  122.26   -6.54    1.87   -8.41    0.24    0.00   -0.06    0.00   -0.03    0.00    0.03    9.51    2.63    7.59    5.15   14.63
 108 161 269  123.24   -7.58    1.99   -9.57    0.23    0.00   -0.07    0.00   -0.02    0.00    0.03    8.91    2.74    7.09    5.72   14.69
 108 162 270  124.14   -7.18    2.01   -9.18    0.23    0.00   -0.07    0.00   -0.02    0.00    0.03    8.87    3.08    7.18    6.13   14.27
 108 163 271  126.52   -7.05    1.91   -8.95    0.23    0.00   -0.07    0.00   -0.01    0.00    0.02    9.72    3.19    5.68    6.60   12.86
 108 164 272  127.91   -6.39    1.91   -8.31    0.23    0.00   -0.07    0.00   -0.01    0.00    0.02    9.80    3.50    6.69    6.91   12.37
 108 165 273  130.86   -5.94    1.95   -7.89    0.22    0.00   -0.08    0.00    0.00    0.00    0.02    9.88    3.61    5.12    7.32   11.81
 108 166 274  132.22   -5.55    1.84   -7.39    0.22    0.00   -0.08    0.00    0.00    0.00    0.02    9.56    3.91    6.71    7.63   11.83
 108 167 275  135.29   -5.22    2.01   -7.22    0.21    0.00   -0.08    0.00    0.01    0.00    0.01    9.26    4.10    5.00    8.01   11.72
 108 168 276  136.89   -4.82    1.76   -6.59    0.21    0.00   -0.08    0.00    0.00    0.00    0.01    9.19    4.39    6.47    8.30   11.48
 108 169 277  140.06   -4.61    1.56   -6.17    0.18    0.00   -0.07    0.00    0.01    0.00    0.01    8.92    4.54    4.89    8.57   11.37
 108 170 278  141.79   -4.31    1.52   -5.83    0.18    0.00   -0.07    0.00    0.01    0.00    0.01    8.77    4.88    6.34    8.90   11.23
 108 171 279  144.65   -4.65    0.88   -5.53    0.14    0.00   -0.06    0.00    0.01    0.00    0.00    8.17    5.22    5.22    9.31   11.56
 108 172 280  146.56   -4.38    0.75   -5.13    0.13    0.00   -0.05    0.00    0.01    0.00    0.00    8.02    5.45    6.15    9.67   11.38
 108 173 281  149.41   -4.95    0.50   -5.45    0.11    0.00   -0.04    0.00    0.00    0.00    0.00    7.61    5.39    5.22   10.07   11.38
 108 174 282  151.53   -4.70    0.52   -5.22    0.11    0.00   -0.04    0.00    0.01    0.00    0.00    7.45    5.68    5.95   10.42   11.17
 108 175 283  154.33   -5.53    0.69   -6.22    0.10    0.00   -0.05    0.00    0.01    0.00    0.00    7.00    5.72    5.27   10.82   11.22
 108 176 284  156.88   -5.07    0.69   -5.76    0.10    0.00   -0.05    0.00    0.01    0.00    0.00    7.08    6.04    5.52   11.15   10.80
 108 177 285  160.11   -5.68    0.22   -5.90   -0.10    0.00   -0.02    0.00    0.01    0.00    0.01    7.12    6.38    4.84   11.28   10.36
 108 178 286  162.78   -5.32    0.26   -5.57   -0.09    0.00   -0.02    0.00    0.01    0.00    0.01    6.90    6.73    5.41   11.62   10.24
 108 179 287  166.42   -5.72    0.07   -5.79    0.04    0.00   -0.01    0.00    0.00    0.00    0.00    7.19    6.61    4.43   12.07    9.83
 108 180 288  169.07   -5.58    0.00   -5.58    0.00    0.00    0.00    0.00    0.00    0.00    0.00    6.82    7.15    5.43   12.36    9.85
 108 181 289  172.67   -6.24    0.16   -6.40   -0.04    0.00   -0.02    0.00   -0.01    0.00    0.00    6.33    7.09    4.47   12.69    9.90
 108 182 290  175.84   -5.78    0.20   -5.98   -0.04    0.00   -0.03    0.00   -0.01    0.00    0.00    6.57    7.38    4.90   13.02    9.37
 108 183 291  179.58   -6.50    0.00   -6.50   -0.01    0.00    0.00    0.00    0.00    0.00    0.00    6.38    7.39    4.33   13.34    9.23
 108 184 292  182.94   -6.05    0.00   -6.05    0.00    0.00    0.00    0.00    0.00    0.00    0.00    6.24    7.70    4.71   13.66    9.04
 108 185 293  188.80   -4.85    0.39   -5.23    0.01   -0.06    0.01   -0.01    0.01    0.00    0.00    8.03    7.80    2.21   13.88    6.93
 108 186 294  191.88   -4.87    0.12   -4.99    0.00    0.03    0.00    0.00    0.00    0.00    0.00    7.43    8.07    4.99   14.30    7.21
 108 187 295  197.72   -3.88    0.74   -4.62    0.01    0.08    0.01    0.01    0.00    0.00    0.00    7.19    8.16    2.23   14.49    7.22
 108 188 296  201.17   -3.73    0.54   -4.27    0.00    0.07    0.00    0.00    0.00    0.00    0.00    7.14    8.48    4.62   14.89    6.85
 108 189 297  206.92   -3.02    1.82   -4.85    0.04    0.12    0.03    0.02    0.00    0.01    0.00    6.86    8.52    2.32   15.07    6.94
 108 190 298  210.66   -2.77    0.89   -3.66    0.00   -0.09    0.01    0.00    0.00    0.00    0.00    6.75    8.81    4.33   15.48    6.65
 108 191 299  216.12   -2.54    2.53   -5.07    0.05    0.15    0.03    0.03   -0.01    0.00    0.00    6.29    8.87    2.62   15.73    6.94
 108 192 300  220.18   -2.16    2.11   -4.26    0.05    0.14    0.03    0.02   -0.01    0.00    0.00    6.19    9.18    4.01   16.08    6.63
 109 145 254  135.03   -1.73    0.31   -2.04    0.21    0.00    0.01    0.00   -0.03    0.00    0.00   12.86   -2.47    9.13   -3.19   19.26
 109 146 255  133.17   -1.89    0.34   -2.23    0.21    0.00    0.01    0.00   -0.03    0.00    0.00   12.67   -2.35    9.93   -2.70   19.07
 109 147 256  132.17   -2.71    0.40   -3.12    0.21    0.00    0.00    0.00   -0.03    0.00    0.01   12.48   -2.12    9.07   -2.40   19.01
 109 148 257  130.78   -2.69    0.44   -3.13    0.21    0.00    0.00    0.00   -0.03    0.00    0.01   12.46   -2.07    9.46   -2.01   18.54
 109 149 258  129.77   -3.80    0.66   -4.47    0.23    0.00    0.00    0.00   -0.04    0.00    0.01   12.15   -1.87    9.08   -1.73   18.54
 109 150 259  128.85   -3.58    0.67   -4.25    0.22    0.00   -0.01    0.00   -0.04    0.00    0.01   12.24   -1.75    8.99   -1.27   18.07
 109 151 260  128.03   -4.79    0.84   -5.63    0.23    0.00   -0.01    0.00   -0.04    0.00    0.01   12.14   -1.47    8.90   -0.92   17.88
 109 152 261  127.55   -4.41    0.88   -5.30    0.23    0.00   -0.01    0.00   -0.04    0.00    0.01   12.12   -1.42    8.55   -0.53   17.45
 109 153 262  127.95   -4.66    1.00   -5.66    0.23    0.00   -0.02    0.00   -0.04    0.00    0.02   13.00   -1.19    7.66   -0.24   16.22
 109 154 263  127.34   -4.69    1.01   -5.70    0.24    0.00   -0.04    0.00   -0.03    0.00    0.02   12.47   -1.08    8.69    0.23   16.35
 109 155 264  127.74   -5.20    1.30   -6.50    0.24    0.00   -0.05    0.00   -0.03    0.00    0.02   12.18   -0.72    7.66    0.68   16.35
 109 156 265  127.52   -5.10    1.23   -6.33    0.23    0.00   -0.05    0.00   -0.03    0.00    0.02   12.10   -0.58    8.30    1.16   15.96
 109 157 266  128.01   -5.80    1.59   -7.39    0.24    0.00   -0.06    0.00   -0.03    0.00    0.03   11.74   -0.23    7.58    1.61   15.88
 109 158 267  128.09   -5.64    1.51   -7.15    0.23    0.00   -0.06    0.00   -0.02    0.00    0.02   11.56   -0.06    7.98    2.13   15.57
 109 159 268  128.64   -6.53    1.60   -8.12    0.23    0.00   -0.07    0.00   -0.02    0.00    0.02   11.18    0.43    7.52    2.71   15.50
 109 160 269  129.02   -6.34    1.71   -8.05    0.23    0.00   -0.07    0.00   -0.02    0.00    0.02   10.95    0.53    7.70    3.17   15.22
 109 161 270  129.53   -7.51    1.98   -9.49    0.23    0.00   -0.08    0.00   -0.01    0.00    0.03   10.33    1.00    7.56    3.73   15.25
 109 162 271  130.30   -7.18    1.97   -9.15    0.23    0.00   -0.08    0.00   -0.01    0.00    0.03   10.27    1.12    7.31    4.20   14.86
 109 163 272  132.13   -7.28    1.95   -9.23    0.22    0.00   -0.08    0.00   -0.01    0.00    0.02   11.02    1.68    6.24    4.87   13.54
 109 164 273  133.46   -6.63    1.94   -8.58    0.22    0.00   -0.08    0.00    0.00    0.00    0.02   11.11    1.74    6.75    5.24   12.99
 109 165 274  135.86   -6.41    2.12   -8.52    0.21    0.00   -0.09    0.00    0.00    0.00    0.02   11.01    2.29    5.67    5.90   12.42
 109 166 275  137.21   -5.97    1.99   -7.95    0.21    0.00   -0.08    0.00    0.01    0.00    0.01   10.67    2.30    6.72    6.20   12.39
 109 167 276  139.77   -5.82    2.31   -8.13    0.21    0.00   -0.09    0.00    0.01    0.00    0.01   10.17    2.80    5.51    6.90   12.23
 109 168 277  141.40   -5.35    2.13   -7.48    0.21    0.00   -0.09    0.00    0.01    0.00    0.01   10.13    2.78    6.45    7.17   11.96
 109 169 278  144.30   -5.08    1.95   -7.04    0.19    0.00   -0.08    0.00    0.01    0.00    0.01    9.78    3.05    5.17    7.59   11.61
 109 170 279  145.98   -4.78    2.02   -6.81    0.19    0.00   -0.09    0.00    0.02    0.00    0.01    9.57    3.10    6.39    7.98   11.55
 109 171 280  148.57   -5.07    0.98   -6.05    0.14    0.00   -0.06    0.00    0.01    0.00    0.00    8.83    3.36    5.49    8.59   11.88
 109 172 281  150.44   -4.80    0.97   -5.77    0.13    0.00   -0.06    0.00    0.01    0.00    0.00    8.63    3.41    6.20    8.86   11.69
 109 173 282  152.93   -5.41    0.60   -6.01    0.10    0.00   -0.05    0.00    0.01    0.00    0.00    7.92    3.77    5.58    9.16   11.79
 109 174 283  155.01   -5.15    0.65   -5.81    0.10    0.00   -0.05    0.00    0.01    0.00    0.00    7.86    3.81    5.99    9.49   11.57
 109 175 284  157.47   -6.00    0.76   -6.76    0.10    0.00   -0.05    0.00    0.01    0.00    0.00    7.54    4.14    5.60    9.86   11.59
 109 176 285  159.99   -5.53    0.82   -6.34    0.10    0.00   -0.05    0.00    0.02    0.00    0.00    7.65    4.18    5.56   10.22   11.16
 109 177 286  163.17   -5.87    0.18   -6.05   -0.09    0.01   -0.01    0.00    0.01    0.00    0.00    7.99    4.23    4.89   10.61   10.45
 109 178 287  165.81   -5.49    0.19   -5.68   -0.09    0.01   -0.02    0.00    0.01    0.00    0.00    7.76    4.25    5.43   10.98   10.32
 109 179 288  168.88   -6.16    0.14   -6.29    0.04    0.00   -0.02    0.00    0.01    0.00    0.00    7.25    4.83    5.00   11.44   10.43
 109 180 289  171.67   -5.83    0.08   -5.91    0.03    0.00   -0.01    0.00    0.01    0.00    0.00    7.03    4.68    5.28   11.83   10.28
 109 181 290  174.91   -6.54    0.15   -6.69   -0.04    0.02   -0.02    0.00   -0.01    0.00    0.00    6.74    5.05    4.84   12.13   10.12
 109 182 291  178.01   -6.10    0.03   -6.13   -0.01    0.01    0.00    0.00    0.00    0.00    0.00    6.66    5.12    4.97   12.50    9.80
 109 183 292  181.48   -6.79    0.03   -6.81   -0.01    0.01    0.00    0.00    0.00    0.00    0.00    6.59    5.39    4.60   12.78    9.57
 109 184 293  184.82   -6.31    0.04   -6.35    0.00   -0.01    0.00   -0.01    0.00    0.00    0.00    6.47    5.40    4.73   13.11    9.33
 109 185 294  190.54   -4.94    0.24   -5.17    0.01    0.03    0.00    0.01    0.00    0.01    0.00    8.44    5.54    2.35   13.34    7.08
 109 186 295  193.43   -5.12    0.05   -5.17    0.00    0.01   -0.01    0.01    0.00    0.01    0.00    7.65    5.74    5.19   13.81    7.54
 109 187 296  199.26   -3.84    0.31   -4.14    0.01   -0.05    0.00   -0.01    0.00   -0.01    0.00    7.53    5.75    2.24   13.91    7.43
 109 188 297  202.51   -3.85    0.05   -3.90    0.00    0.01   -0.01    0.01    0.00    0.01    0.00    7.42    5.95    4.82   14.43    7.06
 109 189 298  208.39   -2.70    0.60   -3.30    0.01   -0.07    0.00   -0.01    0.00    0.00    0.00    7.38    5.82    2.19   14.33    7.01
 109 190 299  211.90   -2.65    0.08   -2.73    0.00   -0.01   -0.01   -0.01    0.00   -0.01    0.00    7.11    6.06    4.57   14.86    6.76
 109 191 300  217.29   -2.19    2.46   -4.64    0.05    0.14    0.03    0.03   -0.01    0.00    0.00    6.72    6.12    2.68   14.99    7.24
 109 192 301  221.29   -1.82    1.97   -3.79    0.04    0.13    0.02    0.02   -0.01    0.00    0.00    6.69    6.17    4.07   15.35    6.75
 110 146 256  141.56   -1.22    0.20   -1.42    0.22    0.00    0.01    0.00   -0.03    0.00    0.00   13.00   -1.10   10.20   -3.45   19.46
 110 147 257  140.46   -2.07    0.26   -2.33    0.23    0.00    0.00    0.00   -0.03    0.00    0.00   12.76   -1.00    9.17   -3.12   19.37
 110 148 258  138.68   -2.10    0.29   -2.39    0.23    0.00    0.00    0.00   -0.03    0.00    0.00   12.72   -0.61    9.85   -2.69   19.02
 110 149 259  137.54   -3.27    0.49   -3.76    0.24    0.00   -0.01    0.00   -0.03    0.00    0.01   12.35   -0.49    9.21   -2.35   19.06
 110 150 260  136.30   -3.05    0.44   -3.49    0.24    0.00   -0.01    0.00   -0.03    0.00    0.01   12.46   -0.16    9.32   -1.91   18.52
 110 151 261  135.37   -4.29    0.63   -4.92    0.24    0.00   -0.01    0.00   -0.04    0.00    0.01   12.33   -0.05    9.00   -1.52   18.32
 110 152 262  134.53   -3.94    0.66   -4.60    0.24    0.00   -0.02    0.00   -0.04    0.00    0.01   12.29    0.31    8.91   -1.11   17.91
 110 153 263  134.83   -4.22    0.82   -5.05    0.24    0.00   -0.03    0.00   -0.04    0.00    0.02   13.14    0.41    7.76   -0.78   16.67
 110 154 264  133.91   -4.22    0.87   -5.09    0.24    0.00   -0.03    0.00   -0.04    0.00    0.02   12.65    0.71    8.99   -0.37   16.75
 110 155 265  134.33   -4.66    1.20   -5.86    0.24    0.00   -0.04    0.00   -0.04    0.00    0.02   12.43    0.70    7.66   -0.02   16.65
 110 156 266  133.80   -4.53    1.10   -5.63    0.23    0.00   -0.04    0.00   -0.03    0.00    0.02   12.41    1.01    8.60    0.43   16.26
 110 157 267  134.26   -5.20    1.48   -6.68    0.24    0.00   -0.05    0.00   -0.03    0.00    0.03   12.10    1.04    7.61    0.81   16.21
 110 158 268  134.02   -5.04    1.35   -6.39    0.23    0.00   -0.06    0.00   -0.02    0.00    0.02   11.94    1.37    8.31    1.31   15.93
 110 159 269  134.53   -5.91    1.51   -7.42    0.23    0.00   -0.07    0.00   -0.02    0.00    0.02   11.61    1.41    7.56    1.84   15.88
 110 160 270  134.55   -5.74    1.60   -7.34    0.23    0.00   -0.07    0.00   -0.02    0.00    0.02   11.38    1.75    8.04    2.29   15.61
 110 161 271  135.01   -6.91    1.83   -8.74    0.23    0.00   -0.07    0.00   -0.01    0.00    0.03   10.80    1.81    7.61    2.81   15.65
 110 162 272  135.44   -6.60    1.89   -8.48    0.23    0.00   -0.08    0.00   -0.01    0.00    0.03   10.75    2.15    7.65    3.28   15.26
 110 163 273  137.16   -6.76    1.90   -8.66    0.22    0.00   -0.08    0.00    0.00    0.00    0.02   11.49    2.27    6.35    3.95   14.00
 110 164 274  138.15   -6.12    1.90   -8.01    0.22    0.00   -0.08    0.00    0.00    0.00    0.02   11.59    2.60    7.08    4.34   13.43
 110 165 275  140.43   -5.95    1.97   -7.92    0.21    0.00   -0.09    0.00    0.01    0.00    0.01   11.48    2.71    5.78    5.00   12.86
 110 166 276  141.44   -5.54    1.98   -7.52    0.21    0.00   -0.09    0.00    0.01    0.00    0.01   11.10    3.06    7.07    5.36   12.85
 110 167 277  143.90   -5.43    2.37   -7.80    0.21    0.00   -0.09    0.00    0.02    0.00    0.01   10.62    3.16    5.61    5.96   12.67
 110 168 278  145.19   -4.97    2.11   -7.08    0.20    0.00   -0.09    0.00    0.01    0.00    0.01   10.55    3.49    6.78    6.27   12.39
 110 169 279  147.90   -4.85    1.67   -6.52    0.18    0.00   -0.08    0.00    0.01    0.00    0.01   10.19    3.69    5.36    6.74   12.14
 110 170 280  149.22   -4.60    0.80   -5.40    0.15    0.00   -0.05    0.00    0.00    0.00    0.01    9.91    4.05    6.75    7.15   12.12
 110 171 281  151.57   -5.07    0.86   -5.93    0.14    0.00   -0.06    0.00    0.01    0.00    0.00    9.08    4.29    5.73    7.66   12.48
 110 172 282  153.11   -4.81    0.67   -5.49    0.13    0.00   -0.05    0.00    0.01    0.00    0.00    8.89    4.61    6.53    8.03   12.25
 110 173 283  155.54   -5.43    0.55   -5.98    0.11    0.00   -0.04    0.00    0.01    0.00    0.00    8.47    4.67    5.64    8.45   12.17
 110 174 284  157.32   -5.16    0.58   -5.74    0.10    0.00   -0.05    0.00    0.01    0.00    0.00    8.34    4.97    6.29    8.79   11.93
 110 175 285  159.74   -6.00    0.73   -6.73    0.10    0.00   -0.05    0.00    0.01    0.00    0.00    7.91    5.02    5.65    9.16   11.94
 110 176 286  161.95   -5.52    0.70   -6.22    0.09    0.00   -0.05    0.00    0.01    0.00    0.00    7.99    5.33    5.87    9.51   11.52
 110 177 287  164.96   -6.00    0.17   -6.17   -0.09    0.00   -0.02    0.00    0.01    0.00    0.00    8.20    5.51    5.06    9.73   10.93
 110 178 288  167.28   -5.62    0.17   -5.78   -0.09    0.00   -0.01    0.00    0.01    0.00    0.00    7.98    5.82    5.75   10.07   10.81
 110 179 289  170.44   -6.15    0.07   -6.22    0.03    0.00   -0.02    0.00    0.00    0.00    0.00    7.90    5.73    4.91   10.56   10.66
 110 180 290  172.87   -5.87    0.05   -5.92   -0.04    0.00   -0.01    0.00    0.00    0.00    0.00    7.67    6.09    5.64   10.77   10.55
 110 181 291  176.07   -6.58    0.14   -6.71   -0.04    0.00   -0.02    0.00   -0.01    0.00    0.00    7.22    6.13    4.88   11.18   10.51
 110 182 292  178.86   -6.14    0.00   -6.14   -0.01    0.00    0.00    0.00    0.00    0.00    0.00    7.37    6.43    5.27   11.55   10.15
 110 183 293  182.31   -6.81    0.02   -6.82    0.00   -0.01    0.00    0.00    0.00    0.00    0.00    7.22    6.46    4.63   11.85    9.90
 110 184 294  185.33   -6.34    0.01   -6.36    0.00   -0.01    0.00    0.00    0.00    0.00    0.00    7.06    6.79    5.05   12.19    9.68
 110 185 295  190.98   -5.00    0.23   -5.23    0.01    0.04    0.01    0.01    0.01    0.00    0.00    8.97    6.86    2.42   12.40    7.47
 110 186 296  193.57   -5.17    0.01   -5.18    0.00    0.01    0.00    0.00    0.00    0.00    0.00    8.20    7.15    5.48   12.89    7.90
 110 187 297  199.31   -3.94    0.41   -4.34    0.01   -0.06    0.01   -0.01    0.00    0.00    0.00    8.09    7.23    2.33   12.98    7.81
 110 188 298  202.30   -3.90    0.00   -3.91    0.00    0.00    0.00    0.00    0.00    0.00    0.00    8.00    7.50    5.09   13.45    7.41
 110 189 299  207.98   -2.92    1.61   -4.53    0.03   -0.11    0.02   -0.02    0.00    0.00    0.00    7.84    7.69    2.39   13.51    7.47
 110 190 300  211.28   -2.77    0.47   -3.24    0.00    0.07    0.00    0.00    0.00    0.00    0.00    7.68    7.91    4.78   13.96    7.16
 110 191 301  216.56   -2.38    2.42   -4.80    0.05    0.14    0.03    0.03   -0.01    0.00    0.00    7.22    8.01    2.79   14.14    7.57
 110 192 302  220.25   -2.03    1.82   -3.85    0.05    0.13    0.03    0.02    0.00    0.00    0.00    7.16    8.33    4.38   14.51    7.17
 111 147 258  150.57   -1.77    0.17   -1.94    0.19    0.00    0.00    0.00   -0.02    0.00    0.00   13.11   -2.82    9.40   -3.82   19.68
 111 148 259  148.82   -1.70    0.23   -1.93    0.19    0.00   -0.01    0.00   -0.03    0.00    0.00   13.22   -2.85    9.82   -3.46   19.23
 111 149 260  147.59   -2.63    0.31   -2.94    0.21    0.00   -0.01    0.00   -0.03    0.00    0.00   13.00   -2.76    9.30   -3.24   19.12
 111 150 261  146.17   -2.51    0.33   -2.84    0.21    0.00   -0.01    0.00   -0.03    0.00    0.00   12.97   -2.58    9.49   -2.74   18.79
 111 151 262  145.06   -3.61    0.47   -4.07    0.22    0.00   -0.02    0.00   -0.03    0.00    0.01   12.87   -2.40    9.18   -2.45   18.67
 111 152 263  144.14   -3.27    0.46   -3.73    0.22    0.00   -0.02    0.00   -0.03    0.00    0.01   12.86   -2.32    8.99   -2.01   18.17
 111 153 264  144.07   -3.59    0.61   -4.20    0.22    0.00   -0.03    0.00   -0.03    0.00    0.01   13.62   -1.95    8.14   -1.54   17.13
 111 154 265  143.02   -3.66    0.59   -4.24    0.21    0.00   -0.03    0.00   -0.03    0.00    0.01   13.05   -1.82    9.12   -1.11   17.26
 111 155 266  143.17   -4.03    0.81   -4.84    0.22    0.00   -0.04    0.00   -0.03    0.00    0.02   12.79   -1.55    7.92   -0.85   17.04
 111 156 267  142.45   -4.03    0.75   -4.78    0.21    0.00   -0.04    0.00   -0.02    0.00    0.01   12.69   -1.36    8.79   -0.35   16.71
 111 157 268  142.66   -4.62    0.78   -5.40    0.21    0.00   -0.05    0.00   -0.02    0.00    0.01   12.49   -1.11    7.87   -0.07   16.66
 111 158 269  142.25   -4.57    0.92   -5.48    0.21    0.00   -0.05    0.00   -0.02    0.00    0.02   12.30   -0.94    8.48    0.42   16.34
 111 159 270  142.42   -5.45    1.16   -6.60    0.21    0.00   -0.06    0.00   -0.02    0.00    0.02   11.99   -0.61    7.90    0.80   16.38
 111 160 271  142.36   -5.31    1.83   -7.14    0.23    0.00   -0.08    0.00   -0.01    0.00    0.02   11.84   -0.51    8.14    1.24   16.04
 111 161 272  142.35   -6.62    2.11   -8.73    0.23    0.00   -0.09    0.00   -0.01    0.00    0.03   11.28   -0.05    8.07    1.76   16.21
 111 162 273  142.67   -6.35    2.19   -8.54    0.22    0.00   -0.09    0.00    0.00    0.00    0.02   11.23    0.05    7.75    2.20   15.82
 111 163 274  143.86   -6.71    2.28   -8.99    0.22    0.00   -0.09    0.00    0.01    0.00    0.02   11.90    0.58    6.88    2.85   14.63
 111 164 275  144.78   -6.09    2.34   -8.43    0.22    0.00   -0.09    0.00    0.01    0.00    0.02   12.06    0.65    7.15    3.25   14.03
 111 165 276  146.54   -6.13    2.53   -8.66    0.21    0.00   -0.10    0.00    0.01    0.00    0.01   11.98    1.18    6.32    3.90   13.47
 111 166 277  147.52   -5.68    2.54   -8.22    0.21    0.00   -0.10    0.00    0.02    0.00    0.01   11.64    1.21    7.09    4.27   13.41
 111 167 278  149.47   -5.77    2.95   -8.73    0.21    0.00   -0.10    0.00    0.02    0.00    0.01   11.19    1.72    6.12    4.88   13.21
 111 168 279  150.76   -5.26    2.85   -8.10    0.20    0.00   -0.10    0.00    0.02    0.00    0.01   11.13    1.72    6.78    5.21   12.90
 111 169 280  152.97   -5.32    1.08   -6.40    0.16    0.00   -0.06    0.00    0.01    0.00    0.01   10.77    2.22    5.86    5.91   12.64
 111 170 281  154.18   -5.12    0.81   -5.94    0.15    0.00   -0.05    0.00    0.00    0.00    0.01   10.36    2.33    6.87    6.39   12.73
 111 171 282  156.21   -5.59    0.88   -6.48    0.14    0.00   -0.06    0.00    0.01    0.00    0.00    9.49    2.64    6.03    6.93   12.90
 111 172 283  157.73   -5.31    0.84   -6.15    0.13    0.00   -0.06    0.00    0.01    0.00    0.00    9.32    2.67    6.56    7.29   12.59
 111 173 284  159.95   -5.82    0.58   -6.40    0.12    0.00   -0.05    0.00    0.01    0.00    0.00    8.96    2.87    5.85    7.55   12.40
 111 174 285  161.70   -5.53    0.66   -6.18    0.12    0.00   -0.05    0.00    0.01    0.00    0.00    8.84    2.91    6.32    7.88   12.17
 111 175 286  164.02   -6.17    0.66   -6.82    0.11    0.00   -0.05    0.00    0.01    0.00    0.00    8.67    3.02    5.76    8.04   12.08
 111 176 287  166.20   -5.66    0.58   -6.24    0.08    0.00   -0.05    0.00    0.01    0.00    0.00    8.77    3.04    5.89    8.37   11.65
 111 177 288  168.61   -6.42    0.10   -6.53   -0.08    0.00   -0.01    0.00    0.01    0.00    0.00    8.71    3.63    5.66    9.14   11.55
 111 178 289  170.87   -6.06    0.07   -6.12   -0.07    0.00   -0.01    0.00    0.00    0.00    0.00    8.46    3.70    5.81    9.52   11.47
 111 179 290  173.59   -6.72    0.05   -6.77    0.03    0.00   -0.01    0.00    0.00    0.00    0.00    7.99    4.14    5.36    9.87   11.17
 111 180 291  175.96   -6.46    0.04   -6.50   -0.02    0.00   -0.01    0.00    0.00    0.00    0.00    7.72    4.20    5.70   10.29   11.06
 111 181 292  178.89   -7.12    0.14   -7.26   -0.03    0.00   -0.02    0.00   -0.01    0.00    0.00    7.59    4.46    5.14   10.59   10.84
 111 182 293  181.62   -6.71    0.03   -6.74    0.00    0.00    0.00    0.00    0.00    0.00    0.00    7.52    4.54    5.35   10.97   10.48
 111 183 294  184.81   -7.32    0.03   -7.35    0.00    0.00    0.00    0.00    0.00    0.00    0.00    7.48    4.79    4.88   11.25   10.23
 111 184 295  187.81   -6.83    0.03   -6.86    0.00    0.00    0.00    0.00    0.00    0.00    0.00    7.38    4.80    5.06   11.59    9.94
 111 185 296  193.26   -5.39    0.05   -5.44   -0.01    0.00    0.01    0.00   -0.01    0.01    0.00    9.36    5.00    2.62   11.86    7.69
 111 186 297  195.73   -5.64    0.04   -5.67    0.00    0.00    0.00    0.01   -0.01    0.01    0.00    8.49    5.12    5.60   12.27    8.22
 111 187 298  201.33   -4.24    0.18   -4.43    0.01    0.03    0.00    0.01    0.00    0.01    0.00    8.36    5.28    2.48   12.51    8.08
 111 188 299  204.14   -4.35    0.04   -4.39    0.00   -0.01    0.00    0.00    0.00    0.00    0.00    8.29    5.45    5.26   12.95    7.74
 111 189 300  209.84   -3.04    0.22   -3.26    0.01    0.04    0.00    0.01    0.00    0.01    0.00    8.16    5.43    2.37   13.12    7.62
 111 190 301  212.85   -3.14    0.05   -3.19    0.00   -0.01    0.00   -0.01   -0.01   -0.01    0.00    7.92    5.71    5.06   13.62    7.43
 111 191 302  218.52   -2.06    2.20   -4.26    0.05    0.14    0.03    0.03   -0.01    0.00    0.00    7.71    5.33    2.41   13.34    7.47
 111 192 303  221.84   -2.04    0.05   -2.08    0.00    0.00   -0.01    0.01   -0.01    0.01    0.00    7.52    5.69    4.75   14.03    7.15
 112 148 260  157.44   -1.18    0.14   -1.33    0.21    0.00    0.01    0.00   -0.03    0.00    0.00   13.46   -1.34   10.20   -4.19   19.69
 112 149 261  156.03   -2.23    0.19   -2.43    0.23    0.00    0.00    0.00   -0.03    0.00    0.01   13.15   -1.15    9.49   -3.91   19.69
 112 150 262  154.36   -2.03    0.22   -2.25    0.22    0.00    0.00    0.00   -0.03    0.00    0.01   13.26   -0.91    9.74   -3.49   19.23
 112 151 263  153.09   -3.22    0.35   -3.57    0.23    0.00   -0.01    0.00   -0.03    0.00    0.01   13.12   -0.74    9.35   -3.14   19.09
 112 152 264  151.84   -2.87    0.40   -3.27    0.23    0.00   -0.01    0.00   -0.03    0.00    0.01   13.12   -0.42    9.31   -2.74   18.66
 112 153 265  151.76   -3.15    0.56   -3.70    0.23    0.00   -0.02    0.00   -0.03    0.00    0.01   13.97   -0.40    8.16   -2.35   17.47
 112 154 266  150.45   -3.14    0.55   -3.68    0.23    0.00   -0.03    0.00   -0.03    0.00    0.01   13.50   -0.15    9.38   -1.96   17.53
 112 155 267  150.52   -3.53    0.76   -4.29    0.23    0.00   -0.04    0.00   -0.03    0.00    0.02   13.27   -0.07    8.00   -1.62   17.38
 112 156 268  149.48   -3.53    0.72   -4.25    0.22    0.00   -0.04    0.00   -0.02    0.00    0.01   13.14    0.26    9.12   -1.10   17.12
 112 157 269  149.57   -4.17    0.92   -5.09    0.22    0.00   -0.05    0.00   -0.02    0.00    0.02   12.81    0.38    7.98   -0.73   17.10
 112 158 270  148.81   -4.14    1.02   -5.16    0.22    0.00   -0.06    0.00   -0.01    0.00    0.02   12.58    0.73    8.83   -0.21   16.81
 112 159 271  148.84   -5.10    1.37   -6.47    0.22    0.00   -0.07    0.00   -0.01    0.00    0.02   12.15    0.87    8.04    0.27   16.87
 112 160 272  148.43   -4.98    1.46   -6.44    0.22    0.00   -0.07    0.00   -0.01    0.00    0.02   11.99    1.21    8.47    0.70   16.52
 112 161 273  148.43   -6.23    1.78   -8.01    0.22    0.00   -0.08    0.00    0.00    0.00    0.02   11.48    1.21    8.08    1.16   16.55
 112 162 274  148.42   -5.97    1.90   -7.87    0.22    0.00   -0.08    0.00   -0.01    0.00    0.02   11.44    1.55    8.08    1.60   16.16
 112 163 275  149.51   -6.37    2.02   -8.39    0.21    0.00   -0.09    0.00    0.00    0.00    0.02   12.08    1.64    6.97    2.22   15.06
 112 164 276  150.09   -5.77    1.99   -7.76    0.21    0.00   -0.09    0.00    0.01    0.00    0.02   12.23    1.98    7.50    2.63   14.47
 112 165 277  151.79   -5.81    2.37   -8.18    0.21    0.00   -0.10    0.00    0.01    0.00    0.01   12.21    2.04    6.37    3.22   13.87
 112 166 278  152.43   -5.39    2.26   -7.65    0.20    0.00   -0.09    0.00    0.01    0.00    0.01   11.86    2.38    7.43    3.58   13.80
 112 167 279  154.31   -5.49    2.83   -8.32    0.20    0.00   -0.10    0.00    0.03    0.00    0.01   11.45    2.45    6.19    4.17   13.62
 112 168 280  155.25   -5.00    2.60   -7.60    0.19    0.00   -0.10    0.00    0.03    0.00    0.01   11.39    2.80    7.13    4.52   13.32
 112 169 281  157.40   -5.08    3.46   -8.53    0.20    0.00   -0.11    0.00    0.04    0.00    0.00   11.07    2.86    5.92    5.08   13.05
 112 170 282  158.31   -4.86    0.86   -5.71    0.15    0.00   -0.06    0.00    0.01    0.00    0.01   10.69    3.15    7.16    5.49   13.08
 112 171 283  160.24   -5.38    0.85   -6.23    0.13    0.00   -0.06    0.00    0.01    0.00    0.00    9.91    3.26    6.15    5.91   13.31
 112 172 284  161.41   -5.13    0.85   -5.97    0.13    0.00   -0.06    0.00    0.01    0.00    0.00    9.77    3.60    6.89    6.27   13.04
 112 173 285  163.47   -5.75    0.55   -6.30    0.10    0.00   -0.05    0.00    0.01    0.00    0.00    9.48    3.77    6.01    6.64   12.91
 112 174 286  164.87   -5.50    0.50   -6.00    0.10    0.00   -0.04    0.00    0.01    0.00    0.00    9.33    4.12    6.68    7.03   12.69
 112 175 287  166.93   -6.34    0.75   -7.08    0.10    0.00   -0.05    0.00    0.02    0.00    0.00    8.97    4.37    6.01    7.39   12.68
 112 176 288  168.79   -5.85    0.74   -6.59    0.09    0.00   -0.05    0.00    0.02    0.00    0.00    9.04    4.70    6.22    7.74   12.22
 112 177 289  171.34   -6.42    0.12   -6.54   -0.08    0.00   -0.01    0.00    0.01    0.00    0.00    9.17    4.56    5.52    8.20   11.74
 112 178 290  173.30   -6.05    0.09   -6.14   -0.07    0.00   -0.01    0.00    0.01    0.00    0.00    8.93    4.86    6.11    8.56   11.63
 112 179 291  175.99   -6.69    0.03   -6.73    0.03    0.00   -0.01    0.00    0.00    0.00    0.00    8.61    4.88    5.38    9.02   11.49
 112 180 292  178.05   -6.43    0.00   -6.43    0.00    0.00    0.00    0.00    0.00    0.00    0.00    8.35    5.19    6.01    9.39   11.39
 112 181 293  181.01   -7.02    0.11   -7.13   -0.03    0.00   -0.02    0.00   -0.01    0.00    0.00    8.15    5.17    5.12    9.64   11.13
 112 182 294  183.37   -6.67    0.00   -6.67    0.00    0.00    0.00    0.00    0.00    0.00    0.00    8.08    5.53    5.71   10.07   10.83
 112 183 295  186.55   -7.25    0.00   -7.25    0.00    0.00    0.00    0.00    0.00    0.00    0.00    8.06    5.55    4.90   10.34   10.60
 112 184 296  189.25   -6.75    0.00   -6.75    0.00    0.00    0.00    0.00    0.00    0.00    0.00    7.97    5.85    5.36   10.65   10.26
 112 185 297  194.66   -5.31    0.14   -5.44    0.01    0.02    0.01    0.01    0.01    0.00    0.00    9.93    5.89    2.67   10.89    8.03
 112 186 298  196.81   -5.57    0.00   -5.57    0.00    0.00    0.00    0.00    0.00    0.00    0.00    9.06    6.21    5.92   11.34    8.59
 112 187 299  202.37   -4.18    0.14   -4.32    0.01   -0.03    0.01   -0.01    0.00    0.00    0.00    8.96    6.25    2.51   11.52    8.44
 112 188 300  204.86   -4.30    0.00   -4.30    0.00    0.00    0.00    0.00    0.00    0.00    0.00    8.86    6.57    5.58   12.02    8.09
 112 189 301  210.52   -3.00    0.26   -3.25    0.01    0.05    0.01    0.01    0.00    0.00    0.00    8.78    6.61    2.41   12.04    7.99
 112 190 302  213.22   -3.11    0.00   -3.11    0.00    0.00    0.00    0.00    0.00    0.00    0.00    8.49    6.93    5.37   12.64    7.78
 112 191 303  218.55   -2.33    2.28   -4.60    0.05    0.14    0.03    0.03   -0.01    0.00    0.00    8.14    7.26    2.74   12.59    8.11
 112 192 304  221.86   -2.01    1.53   -3.54    0.05    0.11    0.02    0.02    0.00    0.00    0.00    8.16    7.27    4.76   12.96    7.50
 113 149 262  166.75   -1.72   -0.02   -1.70    0.23    0.00    0.00    0.00   -0.02    0.00    0.01   13.75   -3.43    9.75   -4.58   19.98
 113 150 263  165.01   -1.52    0.00   -1.52    0.22    0.00    0.00    0.00   -0.02    0.00    0.01   13.77   -3.36    9.81   -4.26   19.56
 113 151 264  163.47   -2.64    0.12   -2.76    0.23    0.00    0.00    0.00   -0.03    0.00    0.01   13.46   -3.10    9.60   -3.84   19.41
 113 152 265  162.18   -2.27    0.16   -2.43    0.23    0.00   -0.01    0.00   -0.03    0.00    0.01   13.59   -3.05    9.36   -3.47   18.97
 113 153 266  161.83   -2.49    0.26   -2.75    0.23    0.00   -0.01    0.00   -0.03    0.00    0.02   14.35   -2.78    8.43   -3.18   17.79
 113 154 267  160.45   -2.48    0.47   -2.96    0.20    0.00   -0.04    0.00   -0.02    0.00    0.01   13.89   -2.71    9.45   -2.85   17.87
 113 155 268  159.99   -3.08    0.53   -3.61    0.20    0.00   -0.05    0.00   -0.01    0.00    0.01   13.50   -2.18    8.53   -2.24   17.98
 113 156 269  158.86   -3.09    0.65   -3.74    0.20    0.00   -0.05    0.00   -0.01    0.00    0.01   13.42   -2.10    9.20   -1.84   17.73
 113 157 270  158.46   -3.90    0.82   -4.72    0.20    0.00   -0.06    0.00    0.00    0.00    0.01   12.86   -1.60    8.48   -1.22   17.67
 113 158 271  157.66   -3.85    0.98   -4.83    0.20    0.00   -0.06    0.00   -0.01    0.00    0.01   12.79   -1.57    8.86   -0.84   17.34
 113 159 272  157.31   -4.86    1.32   -6.18    0.21    0.00   -0.07    0.00    0.00    0.00    0.02   12.23   -1.19    8.42   -0.32   17.29
 113 160 273  156.81   -4.78    1.41   -6.20    0.21    0.00   -0.07    0.00    0.00    0.00    0.02   12.13   -1.08    8.58    0.13   17.00
 113 161 274  156.46   -6.06    1.65   -7.71    0.21    0.00   -0.08    0.00    0.00    0.00    0.02   11.61   -0.74    8.42    0.47   17.00
 113 162 275  156.39   -5.79    2.54   -8.33    0.22    0.00   -0.10    0.00    0.01    0.00    0.03   11.61   -0.68    8.14    0.86   16.56
 113 163 276  156.94   -6.41    2.55   -8.96    0.21    0.00   -0.10    0.00    0.02    0.00    0.02   12.17   -0.14    7.52    1.50   15.65
 113 164 277  157.44   -5.83    2.60   -8.44    0.21    0.00   -0.10    0.00    0.02    0.00    0.02   12.34   -0.06    7.58    1.92   15.09
 113 165 278  158.62   -6.07    3.21   -9.28    0.21    0.00   -0.11    0.00    0.03    0.00    0.02   12.33    0.46    6.89    2.50   14.47
 113 166 279  159.23   -5.62    3.26   -8.88    0.21    0.00   -0.11    0.00    0.03    0.00    0.02   12.02    0.49    7.46    2.87   14.35
 113 167 280  160.56   -5.96    3.82   -9.77    0.21    0.00   -0.12    0.00    0.04    0.00    0.01   11.60    1.04    6.74    3.48   14.20
 113 168 281  161.50   -5.42    3.78   -9.20    0.21    0.00   -0.12    0.00    0.04    0.00    0.01   11.56    1.04    7.13    3.84   13.87
 113 169 282  163.12   -5.70    4.40  -10.10    0.21    0.00   -0.12    0.00    0.04    0.00    0.01   11.23    1.57    6.45    4.43   13.59
 113 170 283  164.28   -5.18    1.51   -6.69    0.15    0.00   -0.08    0.00    0.02    0.00    0.00   11.09    1.32    6.91    4.47   13.36
 113 171 284  165.90   -5.70    0.29   -5.98   -0.13    0.00    0.03    0.00    0.00    0.00   -0.01   10.51    1.62    6.45    4.89   13.36
 113 172 285  167.06   -5.41    1.35   -6.77    0.14    0.00   -0.07    0.00    0.02    0.00    0.00   10.46    1.65    6.92    5.25   13.37
 113 173 286  168.77   -6.07    0.35   -6.41    0.09    0.00   -0.04    0.00    0.01    0.00    0.00   10.13    1.99    6.36    5.76   13.28
 113 174 287  170.16   -5.78    0.39   -6.17    0.09    0.00   -0.04    0.00    0.01    0.00    0.00   10.00    2.00    6.69    6.13   13.05
 113 175 288  171.96   -6.56    0.65   -7.21    0.09    0.00   -0.05    0.00    0.01    0.00    0.00    9.58    2.26    6.27    6.64   12.95
 113 176 289  173.56   -6.28    0.05   -6.33   -0.07    0.00    0.00    0.00    0.01    0.00    0.00    9.44    2.51    6.47    7.21   12.73
 113 177 290  175.56   -7.09    0.07   -7.17   -0.08    0.00    0.00    0.00    0.01    0.00    0.00    9.12    3.07    6.08    7.63   12.54
 113 178 291  177.44   -6.76    0.01   -6.77    0.02    0.00   -0.01    0.00    0.00    0.00    0.00    8.81    3.15    6.20    8.01   12.27
 113 179 292  179.83   -7.39    0.03   -7.42    0.03    0.00   -0.01    0.00    0.00    0.00    0.00    8.79    3.45    5.68    8.34   11.87
 113 180 293  181.87   -7.10    0.00   -7.10    0.01    0.00    0.00    0.00    0.00    0.00    0.00    8.58    3.47    6.03    8.66   11.70
 113 181 294  184.58   -7.63    0.09   -7.72   -0.03    0.00   -0.02    0.00   -0.01    0.00    0.00    8.57    3.71    5.36    8.89   11.39
 113 182 295  186.92   -7.26    0.00   -7.26    0.00    0.00    0.00    0.00    0.00    0.00    0.00    8.53    3.74    5.74    9.28   11.10
 113 183 296  189.83   -7.80    0.00   -7.80   -0.01    0.00    0.00    0.00    0.00    0.00    0.00    8.52    4.00    5.16    9.55   10.89
 113 184 297  192.53   -7.27    0.00   -7.27    0.00    0.00    0.00    0.00    0.00    0.00    0.00    8.49    4.02    5.38    9.87   10.53
 113 185 298  197.63   -5.82    0.03   -5.85   -0.02    0.00    0.01    0.00    0.00    0.00    0.00   10.40    4.32    2.96   10.21    8.34
 113 186 299  199.76   -6.07    0.00   -6.07    0.00    0.00    0.00    0.00    0.00    0.00    0.00    9.52    4.34    5.95   10.55    8.91
 113 187 300  204.99   -4.70    0.22   -4.92    0.02   -0.03    0.01   -0.02    0.00   -0.01    0.00    9.30    4.67    2.84   10.92    8.79
 113 188 301  207.49   -4.77    0.00   -4.77    0.00    0.00    0.00    0.00    0.00    0.00    0.00    9.33    4.66    5.57   11.23    8.41
 113 189 302  212.83   -3.48    0.23   -3.71    0.02   -0.03    0.01   -0.01    0.00    0.00    0.00    9.08    4.98    2.73   11.59    8.30
 113 190 303  215.53   -3.55    0.00   -3.56    0.00    0.01    0.00    0.00    0.00    0.00    0.00    8.97    4.98    5.37   11.90    8.10
 113 191 304  220.90   -2.44    0.34   -2.78    0.04   -0.03    0.02   -0.02    0.00    0.00    0.00    8.63    4.94    2.71   12.20    8.07
 113 192 305  223.85   -2.44    0.11   -2.55    0.02    0.02    0.01    0.01    0.00    0.00    0.00    8.57    5.30    5.11   12.57    7.82
 114 150 264  173.87   -1.16   -0.07   -1.09    0.23    0.00    0.01    0.00   -0.02    0.00    0.01   14.00   -1.57   10.15   -4.93   19.97
 114 151 265  172.24   -2.31    0.06   -2.37    0.24    0.00    0.00    0.00   -0.03    0.00    0.01   13.78   -1.48    9.70   -4.57   19.86
 114 152 266  170.61   -1.95    0.10   -2.05    0.24    0.00    0.00    0.00   -0.03    0.00    0.01   13.83   -1.14    9.70   -4.19   19.40
 114 153 267  170.16   -2.20    0.27   -2.47    0.23    0.00   -0.02    0.00   -0.03    0.00    0.01   14.65   -1.05    8.52   -3.82   18.22
 114 154 268  168.43   -2.22    0.26   -2.48    0.21    0.00   -0.03    0.00   -0.02    0.00    0.01   14.16   -0.69    9.81   -3.40   18.33
 114 155 269  168.01   -2.71    0.37   -3.07    0.20    0.00   -0.04    0.00   -0.01    0.00    0.01   13.83   -0.73    8.49   -2.91   18.29
 114 156 270  166.56   -2.72    0.52   -3.23    0.20    0.00   -0.05    0.00   -0.01    0.00    0.01   13.68   -0.41    9.52   -2.51   18.01
 114 157 271  166.14   -3.48    0.72   -4.20    0.20    0.00   -0.06    0.00    0.00    0.00    0.01   13.19   -0.39    8.50   -1.99   18.02
 114 158 272  165.03   -3.42    0.77   -4.19    0.20    0.00   -0.06    0.00   -0.01    0.00    0.01   13.13   -0.07    9.18   -1.64   17.68
 114 159 273  164.64   -4.41    1.24   -5.64    0.20    0.00   -0.07    0.00    0.00    0.00    0.02   12.65   -0.04    8.45   -1.23   17.64
 114 160 274  163.79   -4.35    1.33   -5.68    0.21    0.00   -0.07    0.00    0.00    0.00    0.02   12.56    0.30    8.92   -0.78   17.38
 114 161 275  163.35   -5.65    1.82   -7.47    0.21    0.00   -0.08    0.00    0.00    0.00    0.02   12.09    0.39    8.51   -0.34   17.43
 114 162 276  162.96   -5.39    1.83   -7.22    0.21    0.00   -0.08    0.00    0.00    0.00    0.02   12.10    0.71    8.46    0.03   16.97
 114 163 277  163.45   -6.02    2.11   -8.13    0.21    0.00   -0.09    0.00    0.01    0.00    0.02   12.60    0.78    7.58    0.64   16.04
 114 164 278  163.62   -5.44    2.10   -7.54    0.20    0.00   -0.09    0.00    0.01    0.00    0.02   12.78    1.11    7.90    1.05   15.49
 114 165 279  164.80   -5.63    2.57   -8.20    0.20    0.00   -0.10    0.00    0.02    0.00    0.01   12.86    1.11    6.89    1.57   14.80
 114 166 280  165.04   -5.23    2.41   -7.63    0.19    0.00   -0.10    0.00    0.02    0.00    0.01   12.53    1.48    7.83    1.97   14.72
 114 167 281  166.37   -5.52    3.03   -8.54    0.20    0.00   -0.11    0.00    0.03    0.00    0.01   12.15    1.49    6.75    2.52   14.57
 114 168 282  166.93   -5.03    2.87   -7.90    0.19    0.00   -0.10    0.00    0.03    0.00    0.01   12.08    1.86    7.50    2.90   14.25
 114 169 283  168.54   -5.28    3.96   -9.23    0.20    0.00   -0.12    0.00    0.04    0.00    0.01   11.80    1.87    6.47    3.44   13.97
 114 170 284  169.00   -5.14    1.44   -6.58    0.15    0.00   -0.07    0.00    0.02    0.00    0.00   11.32    2.58    7.62    3.89   14.08
 114 171 285  170.66   -5.57    0.22   -5.79   -0.12    0.00    0.02    0.00    0.00    0.00   -0.01   10.83    2.54    6.41    4.16   14.03
 114 172 286  171.53   -5.24    0.21   -5.45   -0.12    0.00    0.02    0.00    0.00    0.00   -0.01   10.80    2.81    7.19    4.46   13.61
 114 173 287  173.10   -5.99    0.30   -6.29    0.09    0.00   -0.03    0.00    0.00    0.00    0.00   10.44    2.96    6.50    4.95   13.70
 114 174 288  174.16   -5.71    0.37   -6.08    0.09    0.00   -0.04    0.00    0.01    0.00    0.00   10.33    3.28    7.01    5.28   13.51
 114 175 289  175.90   -6.52    0.71   -7.23    0.09    0.00   -0.05    0.00    0.02    0.00    0.00   10.00    3.35    6.34    5.61   13.35
 114 176 290  177.36   -6.07    0.03   -6.09   -0.07    0.00    0.00    0.00    0.00    0.00    0.00   10.07    3.49    6.61    6.00   12.95
 114 177 291  179.30   -6.89    0.00   -6.89    0.00    0.00    0.00    0.00    0.00    0.00    0.00    9.94    3.55    6.13    6.61   12.74
 114 178 292  180.59   -6.83    0.00   -6.83    0.00    0.00    0.00    0.00    0.00    0.00    0.00    9.38    4.13    6.78    7.29   12.91
 114 179 293  183.21   -7.19    0.03   -7.22    0.02    0.00   -0.01    0.00    0.00    0.00    0.00    9.45    3.91    5.45    7.36   12.24
 114 180 294  184.86   -6.99    0.00   -6.99    0.00    0.00    0.00    0.00    0.00    0.00    0.00    9.14    4.30    6.42    7.77   11.87
 114 181 295  187.61   -7.43    0.08   -7.51   -0.03    0.00   -0.02    0.00    0.00    0.00    0.00    9.20    4.26    5.32    7.97   11.74
 114 182 296  189.60   -7.10    0.00   -7.10    0.00    0.00    0.00    0.00    0.00    0.00    0.00    9.12    4.60    6.08    8.35   11.40
 114 183 297  192.50   -7.61    0.00   -7.61    0.00    0.00    0.00    0.00    0.00    0.00    0.00    9.07    4.62    5.17    8.63   11.26
 114 184 298  194.88   -7.09    0.00   -7.09    0.00    0.00    0.00    0.00    0.00    0.00    0.00    9.09    4.93    5.69    8.95   10.86
 114 185 299  199.98   -5.61    0.02   -5.63   -0.01    0.00    0.01    0.00    0.00    0.00    0.00   11.00    4.95    2.98    9.26    8.66
 114 186 300  201.75   -5.91    0.00   -5.91    0.00    0.00    0.00    0.00    0.00    0.00    0.00   10.07    5.30    6.30    9.64    9.28
 114 187 301  207.00   -4.47    0.03   -4.50   -0.02    0.00    0.01    0.00    0.00    0.00    0.00    9.91    5.28    2.82    9.95    9.12
 114 188 302  209.11   -4.63    0.00   -4.63    0.00    0.00    0.00    0.00    0.00    0.00    0.00    9.88    5.67    5.96   10.32    8.78
 114 189 303  214.50   -3.26    0.01   -3.26   -0.01    0.00    0.00    0.00    0.00    0.00    0.00    9.71    5.62    2.68   10.60    8.64
 114 190 304  216.79   -3.43    0.00   -3.43    0.00    0.00    0.00    0.00    0.00    0.00    0.00    9.51    6.03    5.78   11.00    8.46
 114 191 305  222.28   -2.16    0.09   -2.24    0.02   -0.02    0.01    0.00    0.00    0.00    0.00    9.34    5.90    2.58   10.85    8.36
 114 192 306  224.75   -2.35    0.00   -2.35    0.00    0.00    0.00    0.00    0.00    0.00    0.00    9.11    6.39    5.60   11.69    8.18
 115 151 266  183.34   -1.80   -0.13   -1.68    0.24    0.00    0.01    0.00   -0.03    0.00    0.01   14.17   -3.81    9.98   -5.29   20.21
 115 152 267  181.66   -1.43   -0.06   -1.37    0.24    0.00    0.00    0.00   -0.03    0.00    0.01   14.23   -3.76    9.75   -4.90   19.73
 115 153 268  180.99   -1.57    0.02   -1.58    0.24    0.00   -0.01    0.00   -0.03    0.00    0.01   15.09   -3.54    8.74   -4.59   18.49
 115 154 269  179.11   -1.67    0.47   -2.14    0.20    0.00   -0.05    0.00    0.00    0.00    0.01   14.50   -3.39    9.95   -4.08   18.69
 115 155 270  178.11   -2.41    0.74   -3.16    0.19    0.00   -0.06    0.00    0.00    0.00    0.01   13.86   -2.81    9.07   -3.54   19.02
 115 156 271  176.58   -2.44    0.85   -3.30    0.19    0.00   -0.06    0.00    0.00    0.00    0.01   13.71   -2.73    9.60   -3.14   18.67
 115 157 272  175.63   -3.41    1.20   -4.61    0.19    0.00   -0.07    0.00    0.01    0.00    0.01   13.21   -2.20    9.02   -2.59   18.63
 115 158 273  174.46   -3.34    1.20   -4.54    0.19    0.00   -0.07    0.00    0.00    0.00    0.01   13.17   -2.14    9.24   -2.22   18.26
 115 159 274  173.69   -4.39    1.55   -5.94    0.20    0.00   -0.08    0.00    0.01    0.00    0.02   12.81   -1.76    8.84   -1.80   18.08
 115 160 275  172.76   -4.36    1.60   -5.95    0.19    0.00   -0.08    0.00    0.01    0.00    0.02   12.67   -1.68    9.01   -1.37   17.85
 115 161 276  171.97   -5.68    1.91   -7.59    0.20    0.00   -0.09    0.00    0.01    0.00    0.02   12.23   -1.33    8.86   -0.94   17.86
 115 162 277  171.54   -5.40    2.27   -7.67    0.21    0.00   -0.09    0.00    0.01    0.00    0.02   12.31   -1.29    8.50   -0.57   17.36
 115 163 278  171.49   -6.25    2.44   -8.69    0.20    0.00   -0.10    0.00    0.02    0.00    0.02   12.61   -0.75    8.12    0.03   16.62
 115 164 279  171.57   -5.71    2.17   -7.88    0.19    0.00   -0.09    0.00    0.02    0.00    0.02   12.75   -0.66    7.99    0.45   16.12
 115 165 280  172.28   -6.04    2.77   -8.82    0.19    0.00   -0.10    0.00    0.03    0.00    0.01   12.91   -0.19    7.36    0.92   15.35
 115 166 281  172.44   -5.67    2.87   -8.54    0.19    0.00   -0.10    0.00    0.03    0.00    0.01   12.58   -0.11    7.90    1.37   15.26
 115 167 282  173.32   -6.08    3.37   -9.45    0.19    0.00   -0.11    0.00    0.04    0.00    0.01   12.27    0.34    7.20    1.82   15.10
 115 168 283  173.83   -5.60    3.32   -8.92    0.19    0.00   -0.11    0.00    0.04    0.00    0.01   12.17    0.39    7.56    2.25   14.76
 115 169 284  175.04   -5.93    4.02   -9.95    0.19    0.00   -0.12    0.00    0.05    0.00    0.01   12.05    0.79    6.87    2.66   14.42
 115 170 285  175.76   -5.48    2.73   -8.21    0.17    0.00   -0.10    0.00    0.03    0.00    0.01   11.83    0.53    7.35    3.10   14.22
 115 171 286  176.91   -6.10    0.17   -6.27   -0.12    0.00    0.02    0.00    0.00    0.00   -0.01   11.36    1.04    6.92    3.57   14.27
 115 172 287  177.71   -5.80    0.14   -5.93   -0.11    0.00    0.02    0.00    0.00    0.00   -0.01   11.01    1.11    7.26    3.92   14.19
 115 173 288  179.11   -6.40    0.14   -6.54    0.08    0.00   -0.02    0.00    0.00    0.00    0.00   10.78    1.28    6.68    4.24   13.94
 115 174 289  180.09   -6.16    0.04   -6.19   -0.09    0.00    0.01    0.00    0.00    0.00    0.00   10.61    1.36    7.09    4.64   13.77
 115 175 290  181.61   -6.87    0.04   -6.90   -0.08    0.00   -0.01    0.00    0.00    0.00    0.00   10.42    1.58    6.55    4.93   13.64
 115 176 291  182.84   -6.59    0.03   -6.63   -0.07    0.00    0.00    0.00    0.01    0.00    0.00   10.26    1.81    6.84    5.30   13.39
 115 177 292  184.51   -7.38    0.07   -7.44   -0.08    0.00   -0.01    0.00    0.01    0.00    0.00   10.13    2.08    6.40    5.62   13.24
 115 178 293  186.11   -6.96    0.06   -7.02   -0.07    0.00   -0.01    0.00    0.01    0.00    0.00   10.12    1.77    6.48    5.91   12.88
 115 179 294  188.38   -7.37    0.00   -7.37    0.03    0.00    0.00    0.00    0.00    0.00    0.00   10.39    2.12    5.80    6.03   12.28
 115 180 295  190.05   -7.09    0.02   -7.11   -0.04    0.00   -0.01    0.00    0.00    0.00    0.00   10.19    2.10    6.40    6.40   12.20
 115 181 296  192.44   -7.59    0.06   -7.66   -0.04    0.00   -0.01    0.00    0.00    0.00    0.00   10.18    2.46    5.69    6.73   12.08
 115 182 297  194.58   -7.06    0.00   -7.07   -0.03    0.00    0.00    0.00    0.00    0.00    0.00   10.28    2.31    5.93    6.91   11.61
 115 183 298  197.26   -7.49    0.00   -7.49   -0.01    0.00    0.00    0.00    0.00    0.00    0.00   10.25    2.53    5.39    7.15   11.32
 115 184 299  199.67   -6.90    0.02   -6.92    0.01    0.00    0.01    0.00    0.00    0.00    0.00   10.33    2.50    5.66    7.43   11.05
 115 185 300  204.24   -5.63    0.27   -5.90    0.02    0.02    0.02    0.01    0.00    0.01    0.01   11.99    3.02    3.50    7.97    9.16
 115 186 301  206.17   -5.74    0.03   -5.77    0.01    0.00    0.01    0.00    0.00    0.00    0.00   11.22    2.86    6.14    8.16    9.64
 115 187 302  210.89   -4.53    0.32   -4.84    0.02   -0.03    0.02   -0.02    0.00   -0.01    0.00   10.83    3.39    3.35    8.67    9.50
 115 188 303  213.18   -4.47    0.05   -4.52    0.02    0.00    0.01    0.00    0.00    0.00    0.00   10.99    3.22    5.79    8.89    9.14
 115 189 304  218.01   -3.36    0.50   -3.86    0.03    0.05    0.02    0.02    0.00    0.01    0.00   10.60    3.78    3.24    9.40    9.03
 115 190 305  220.48   -3.31    0.07   -3.38    0.02    0.00    0.02    0.00    0.00    0.00    0.00   10.57    3.60    5.60    9.63    8.84
 115 191 306  225.21   -2.49    0.78   -3.27    0.05   -0.05    0.04   -0.02    0.01   -0.01    0.00    9.96    4.35    3.34   10.26    8.94
 115 192 307  227.93   -2.40    0.62   -3.02    0.05   -0.05    0.03   -0.02    0.00   -0.01    0.00    9.97    4.11    5.36   10.50    8.70
 116 152 268  190.81   -1.17   -0.17   -1.00    0.24    0.00    0.00    0.00   -0.03    0.00    0.01   14.52   -1.86   10.08   -5.62   20.13
 116 153 269  190.02   -1.36   -0.02   -1.34    0.23    0.00   -0.01    0.00   -0.02    0.00    0.01   15.36   -1.74    8.86   -5.28   18.94
 116 154 270  187.94   -1.34    0.01   -1.35    0.21    0.00   -0.02    0.00   -0.02    0.00    0.01   14.90   -1.54   10.15   -4.94   19.01
 116 155 271  187.04   -1.92    0.33   -2.25    0.19    0.00   -0.05    0.00    0.00    0.00    0.00   14.46   -1.64    8.97   -4.45   19.12
 116 156 272  185.20   -1.93    0.48   -2.41    0.19    0.00   -0.05    0.00    0.00    0.00    0.01   14.35   -1.33    9.91   -4.06   18.88
 116 157 273  184.26   -2.83    0.93   -3.75    0.19    0.00   -0.07    0.00    0.00    0.00    0.01   13.82   -1.34    9.02   -3.54   18.93
 116 158 274  182.76   -2.77    0.94   -3.71    0.19    0.00   -0.07    0.00    0.00    0.00    0.01   13.77   -1.01    9.57   -3.15   18.59
 116 159 275  181.95   -3.80    1.35   -5.15    0.20    0.00   -0.08    0.00    0.01    0.00    0.02   13.39   -0.97    8.88   -2.73   18.45
 116 160 276  180.69   -3.76    1.44   -5.21    0.20    0.00   -0.08    0.00    0.01    0.00    0.02   13.24   -0.64    9.33   -2.32   18.21
 116 161 277  179.86   -5.07    1.83   -6.91    0.20    0.00   -0.09    0.00    0.01    0.00    0.02   12.79   -0.60    8.90   -1.93   18.23
 116 162 278  179.11   -4.79    1.92   -6.71    0.20    0.00   -0.09    0.00    0.01    0.00    0.02   12.89   -0.28    8.83   -1.57   17.73
 116 163 279  179.01   -5.63    2.18   -7.81    0.19    0.00   -0.09    0.00    0.02    0.00    0.02   13.23   -0.23    8.17   -0.98   17.00
 116 164 280  178.74   -5.12    2.19   -7.31    0.19    0.00   -0.09    0.00    0.02    0.00    0.02   13.36    0.11    8.33   -0.55   16.51
 116 165 281  179.43   -5.43    2.59   -8.01    0.19    0.00   -0.10    0.00    0.03    0.00    0.01   13.55    0.14    7.39   -0.05   15.72
 116 166 282  179.25   -5.07    2.53   -7.60    0.19    0.00   -0.10    0.00    0.03    0.00    0.01   13.20    0.49    8.25    0.37   15.64
 116 167 283  180.10   -5.46    3.09   -8.55    0.18    0.00   -0.11    0.00    0.03    0.00    0.01   12.87    0.51    7.22    0.85   15.47
 116 168 284  180.25   -5.02    3.00   -8.02    0.18    0.00   -0.10    0.00    0.04    0.00    0.01   12.78    0.87    7.92    1.26   15.14
 116 169 285  181.44   -5.31    3.82   -9.14    0.18    0.00   -0.12    0.00    0.05    0.00    0.01   12.65    0.89    6.88    1.68   14.80
 116 170 286  181.68   -5.02    0.09   -5.12   -0.11    0.00    0.02    0.00    0.00    0.00    0.00   12.32    1.37    7.83    1.89   14.71
 116 171 287  182.54   -5.89    0.16   -6.05   -0.12    0.00    0.02    0.00    0.00    0.00   -0.01   11.57    1.66    7.21    2.70   15.04
 116 172 288  183.05   -5.57    0.12   -5.69   -0.12    0.00    0.02    0.00    0.00    0.00   -0.01   11.63    1.96    7.56    3.06   14.78
 116 173 289  184.38   -6.18    0.21   -6.39    0.08    0.00   -0.03    0.00    0.00    0.00    0.00   11.30    2.01    6.74    3.30   14.30
 116 174 290  185.10   -5.89    0.03   -5.92   -0.09    0.00    0.01    0.00    0.00    0.00    0.00   11.14    2.28    7.35    3.64   14.09
 116 175 291  186.54   -6.63    0.69   -7.32    0.08    0.00   -0.05    0.00    0.02    0.00    0.00   11.01    2.36    6.64    3.94   13.99
 116 176 292  187.51   -6.31    0.04   -6.35   -0.08    0.00    0.00    0.00    0.01    0.00    0.00   10.92    2.63    7.10    4.43   13.74
 116 177 293  189.13   -7.10    0.08   -7.18   -0.08    0.00   -0.01    0.00    0.01    0.00    0.00   10.81    2.67    6.45    4.75   13.55
 116 178 294  190.41   -6.68    0.05   -6.73   -0.07    0.00   -0.01    0.00    0.01    0.00    0.00   10.63    2.98    6.79    4.75   13.24
 116 179 295  192.54   -7.18    0.03   -7.21    0.03    0.00   -0.01    0.00    0.00    0.00    0.00   10.82    3.12    5.94    5.24   12.73
 116 180 296  193.96   -6.86    0.00   -6.86    0.00    0.00    0.00    0.00    0.00    0.00    0.00   10.94    3.38    6.66    5.48   12.60
 116 181 297  196.28   -7.38    0.10   -7.47   -0.03    0.00   -0.02    0.00   -0.01    0.00    0.00   10.65    3.44    5.74    5.91   12.40
 116 182 298  198.02   -6.95    0.00   -6.95    0.00    0.00    0.00    0.00    0.00    0.00    0.00   10.73    3.85    6.34    6.16   12.08
 116 183 299  200.62   -7.40    0.00   -7.40    0.00    0.00    0.00    0.00    0.00    0.00    0.00   10.58    3.93    5.47    6.46   11.81
 116 184 300  202.67   -6.87    0.00   -6.87    0.00    0.00    0.00    0.00    0.00    0.00    0.00   10.65    4.29    6.02    6.79   11.49
 116 185 301  207.39   -5.42    0.17   -5.59    0.01   -0.02    0.01   -0.01    0.01   -0.01    0.01   12.47    4.14    3.35    7.17    9.37
 116 186 302  208.81   -5.72    0.00   -5.72    0.00    0.00    0.00    0.00    0.00    0.00    0.00   11.50    4.65    6.65    7.52   10.00
 116 187 303  213.70   -4.31    0.17   -4.48    0.01    0.03    0.01    0.01    0.00    0.00    0.00   11.29    4.48    3.18    7.88    9.84
 116 188 304  215.47   -4.47    0.00   -4.47    0.00    0.00    0.00    0.00    0.00    0.00    0.00   11.30    5.00    6.30    8.22    9.48
 116 189 305  220.47   -3.15    0.22   -3.37    0.02    0.04    0.01    0.01    0.00    0.00    0.00   11.04    4.83    3.07    8.61    9.37
 116 190 306  222.44   -3.29    0.00   -3.29    0.00    0.00    0.00    0.00    0.00    0.00    0.00   10.91    5.33    6.09    8.92    9.16
 116 191 307  227.26   -2.35    1.82   -4.17    0.05   -0.12    0.02   -0.03    0.00    0.01    0.00   10.33    5.24    3.26    9.60    9.35
 116 192 308  229.71   -2.23    0.00   -2.23    0.00    0.00    0.00    0.00    0.00    0.00    0.00   10.49    5.51    5.62    9.62    8.88
 117 153 270  201.44   -0.92    0.36   -1.28    0.17    0.00   -0.05    0.00    0.00    0.00    0.00   15.68   -4.13    9.32   -5.87   19.45
 117 154 271  199.18   -1.02    0.72   -1.74    0.17    0.00   -0.06    0.00    0.01    0.00    0.01   15.10   -3.95   10.33   -5.49   19.65
 117 155 272  197.73   -1.82    0.60   -2.42    0.18    0.00   -0.06    0.00    0.01    0.00    0.00   14.32   -3.40    9.52   -5.04   19.85
 117 156 273  195.84   -1.82    0.90   -2.71    0.17    0.00   -0.07    0.00    0.01    0.00    0.01   14.31   -3.35    9.96   -4.69   19.48
 117 157 274  194.55   -2.73    0.98   -3.72    0.18    0.00   -0.07    0.00    0.01    0.00    0.01   14.02   -3.01    9.36   -4.35   19.32
 117 158 275  193.01   -2.66    1.08   -3.74    0.17    0.00   -0.07    0.00    0.01    0.00    0.01   14.00   -2.96    9.62   -3.97   18.98
 117 159 276  191.98   -3.58    1.33   -4.91    0.18    0.00   -0.08    0.00    0.01    0.00    0.01   13.93   -2.75    9.10   -3.71   18.71
 117 160 277  190.65   -3.56    1.35   -4.91    0.18    0.00   -0.08    0.00    0.01    0.00    0.01   13.76   -2.67    9.41   -3.31   18.50
 117 161 278  189.64   -4.73    1.71   -6.44    0.19    0.00   -0.08    0.00    0.01    0.00    0.02   13.52   -2.49    9.08   -3.09   18.49
 117 162 279  188.85   -4.42    1.74   -6.17    0.19    0.00   -0.09    0.00    0.01    0.00    0.02   13.67   -2.46    8.86   -2.74   17.93
 117 163 280  188.28   -5.42    1.93   -7.35    0.18    0.00   -0.09    0.00    0.02    0.00    0.02   13.88   -1.98    8.65   -2.21   17.51
 117 164 281  187.95   -4.91    1.99   -6.90    0.18    0.00   -0.09    0.00    0.02    0.00    0.01   13.99   -1.92    8.40   -1.81   17.05
 117 165 282  188.27   -5.26    2.38   -7.64    0.18    0.00   -0.10    0.00    0.03    0.00    0.01   14.35   -1.55    7.76   -1.41   16.15
 117 166 283  187.97   -4.97    2.30   -7.27    0.17    0.00   -0.09    0.00    0.03    0.00    0.01   13.98   -1.44    8.36   -0.95   16.12
 117 167 284  188.47   -5.39    2.84   -8.23    0.17    0.00   -0.10    0.00    0.04    0.00    0.01   13.77   -1.09    7.57   -0.58   15.93
 117 168 285  188.51   -5.02    2.56   -7.58    0.17    0.00   -0.10    0.00    0.03    0.00    0.01   13.64   -0.97    8.04   -0.10   15.61
 117 169 286  189.16   -5.53    0.03   -5.55    0.08    0.00    0.00    0.00   -0.01    0.00    0.00   13.42   -0.43    7.42    0.45   15.46
 117 170 287  189.20   -5.39    0.04   -5.43   -0.11    0.00    0.01    0.00    0.00    0.00    0.00   12.94   -0.23    8.03    1.14   15.45
 117 171 288  189.83   -6.16    0.08   -6.24   -0.12    0.00    0.01    0.00    0.01    0.00   -0.01   12.37   -0.01    7.44    1.65   15.47
 117 172 289  190.26   -5.88    0.04   -5.92   -0.11    0.00    0.01    0.00    0.00    0.00    0.00   12.08    0.08    7.65    2.03   15.08
 117 173 290  191.17   -6.60    0.22   -6.82    0.08    0.00   -0.03    0.00    0.01    0.00    0.00   11.84    0.50    7.16    2.52   14.81
 117 174 291  191.87   -6.28    0.24   -6.52    0.08    0.00   -0.03    0.00    0.01    0.00    0.00   11.73    0.52    7.38    2.80   14.54
 117 175 292  193.00   -7.01    0.74   -7.75    0.08    0.00   -0.05    0.00    0.02    0.00    0.00   11.47    0.82    6.93    3.18   14.31
 117 176 293  194.04   -6.58    0.07   -6.65   -0.09    0.00   -0.01    0.00    0.01    0.00    0.00   11.53    0.75    7.03    3.38   13.97
 117 177 294  195.36   -7.36    0.13   -7.49   -0.09    0.00   -0.02    0.00    0.01    0.00    0.00   11.32    1.06    6.76    3.73   13.79
 117 178 295  196.64   -6.90    0.17   -7.07   -0.09    0.00   -0.02    0.00    0.01    0.00    0.01   11.37    1.06    6.79    4.05   13.55
 117 179 296  198.63   -7.23    0.09   -7.32    0.04    0.00   -0.02    0.00    0.00    0.00    0.00   11.69    1.20    6.08    4.32   12.87
 117 180 297  200.11   -6.80    0.05   -6.85    0.03    0.00   -0.01    0.00    0.00    0.00    0.00   11.58    1.13    6.59    4.52   12.67
 117 181 298  202.14   -7.30    0.14   -7.44   -0.04    0.00   -0.02    0.00   -0.01    0.00    0.00   11.34    1.43    6.04    4.87   12.63
 117 182 299  203.94   -6.77    0.01   -6.78    0.01    0.00    0.00    0.00    0.00    0.00    0.00   11.46    1.37    6.28    5.22   12.32
 117 183 300  206.27   -7.19    0.01   -7.20   -0.01    0.00   -0.01    0.00    0.00    0.00    0.00   11.41    1.64    5.74    5.57   12.02
 117 184 301  208.30   -6.63    0.00   -6.63    0.00    0.00    0.00    0.00    0.00    0.00    0.00   11.30    1.66    6.04    5.94   11.77
 117 185 302  212.69   -5.21    0.21   -5.42    0.02    0.03    0.01    0.01    0.01    0.00    0.01   13.00    1.99    3.69    6.13    9.72
 117 186 303  214.09   -5.49    0.00   -5.49    0.00    0.00    0.00    0.00    0.00    0.00    0.00   12.00    2.00    6.67    6.66   10.35
 117 187 304  218.59   -4.16    0.35   -4.51    0.03    0.05    0.01    0.02    0.00    0.00    0.00   11.93    2.39    3.57    6.87   10.24
 117 188 305  220.41   -4.23    0.01   -4.24    0.00    0.00    0.01    0.00    0.00    0.00    0.00   11.81    2.35    6.26    7.35    9.83
 117 189 306  224.84   -3.17    0.87   -4.04    0.04    0.08    0.02    0.03    0.00    0.00    0.00   11.52    2.91    3.64    7.74    9.90
 117 190 307  227.05   -3.06    0.01   -3.07    0.00    0.00    0.01    0.00    0.00    0.00    0.00   11.45    2.68    5.86    8.01    9.50
 117 191 308  231.25   -2.43    1.62   -4.05    0.05   -0.12    0.02   -0.03    0.00    0.01    0.00   10.81    3.30    3.87    8.55    9.74
 117 192 309  233.64   -2.33    1.43   -3.76   -0.40    0.00    0.01    0.00    0.01    0.00   -0.01   10.73    3.35    5.68    8.86    9.55
 118 154 272  208.85   -0.62   -0.27   -0.35    0.23    0.00   -0.02    0.00   -0.01    0.00    0.01   15.62   -2.38   10.50   -6.33   19.72
 118 155 273  207.55   -1.21    0.38   -1.59    0.17    0.00   -0.05    0.00    0.01    0.00    0.00   15.10   -2.53    9.38   -5.93   19.88
 118 156 274  205.36   -1.19    0.40   -1.59    0.18    0.00   -0.05    0.00    0.00    0.00    0.01   14.99   -2.23   10.26   -5.58   19.64
 118 157 275  204.04   -2.07    0.66   -2.73    0.18    0.00   -0.06    0.00    0.01    0.00    0.01   14.57   -2.20    9.39   -5.21   19.65
 118 158 276  202.16   -2.01    0.73   -2.73    0.18    0.00   -0.06    0.00    0.01    0.00    0.01   14.54   -1.87    9.95   -4.83   19.34
 118 159 277  201.05   -2.96    1.05   -4.01    0.19    0.00   -0.07    0.00    0.01    0.00    0.02   14.37   -1.78    9.18   -4.52   19.13
 118 160 278  199.41   -2.92    1.04   -3.97    0.19    0.00   -0.07    0.00    0.01    0.00    0.02   14.22   -1.47    9.72   -4.14   18.90
 118 161 279  198.25   -4.19    1.49   -5.68    0.20    0.00   -0.08    0.00    0.01    0.00    0.02   13.87   -1.32    9.23   -3.81   18.95
 118 162 280  197.12   -3.90    1.63   -5.53    0.20    0.00   -0.08    0.00    0.01    0.00    0.02   14.01   -0.98    9.20   -3.44   18.43
 118 163 281  196.60   -4.78    1.69   -6.47    0.19    0.00   -0.08    0.00    0.02    0.00    0.02   14.31   -1.04    8.59   -3.02   17.79
 118 164 282  195.95   -4.27    1.83   -6.10    0.19    0.00   -0.09    0.00    0.02    0.00    0.02   14.42   -0.72    8.72   -2.63   17.31
 118 165 283  196.29   -4.56    2.20   -6.75    0.18    0.00   -0.09    0.00    0.03    0.00    0.01   14.85   -0.73    7.74   -2.28   16.46
 118 166 284  195.69   -4.25    2.05   -6.30    0.18    0.00   -0.09    0.00    0.03    0.00    0.01   14.52   -0.43    8.67   -1.87   16.41
 118 167 285  196.19   -4.61    2.66   -7.27    0.17    0.00   -0.10    0.00    0.03    0.00    0.01   14.34   -0.43    7.57   -1.52   16.24
 118 168 286  195.76   -4.39    0.02   -4.41   -0.11    0.00    0.01    0.00    0.00    0.00    0.00   14.09    0.03    8.50   -0.93   16.07
 118 169 287  196.16   -5.10    0.06   -5.15   -0.12    0.00    0.01    0.00    0.01    0.00    0.00   13.64    0.29    7.67   -0.15   16.17
 118 170 288  195.77   -5.07    0.05   -5.12   -0.12    0.00    0.01    0.00    0.01    0.00    0.00   13.10    0.71    8.46    0.48   16.13
 118 171 289  196.28   -5.92    0.13   -6.05   -0.13    0.00    0.02    0.00    0.01    0.00   -0.01   12.42    0.84    7.56    0.83   16.02
 118 172 290  196.44   -5.59    0.10   -5.68   -0.12    0.00    0.01    0.00    0.01    0.00   -0.01   12.34    1.11    7.91    1.18   15.47
 118 173 291  197.38   -6.24    0.29   -6.53    0.08    0.00   -0.04    0.00    0.01    0.00    0.00   12.42    1.08    7.13    1.58   15.04
 118 174 292  197.75   -5.92    0.30   -6.22    0.08    0.00   -0.04    0.00    0.01    0.00    0.00   12.28    1.40    7.70    1.93   14.83
 118 175 293  198.83   -6.67    0.70   -7.37    0.08    0.00   -0.05    0.00    0.02    0.00    0.00   12.02    1.46    7.00    2.28   14.69
 118 176 294  199.61   -6.18    0.04   -6.22   -0.09    0.00   -0.01    0.00    0.01    0.00    0.00   12.09    1.72    7.29    2.47   14.28
 118 177 295  200.89   -6.95    0.11   -7.06   -0.09    0.00   -0.01    0.00    0.01    0.00    0.00   11.93    1.76    6.79    2.82   14.08
 118 178 296  201.85   -6.51    0.14   -6.64   -0.09    0.00   -0.01    0.00    0.01    0.00    0.01   11.92    2.08    7.11    3.14   13.90
 118 179 297  203.81   -6.82    0.06   -6.88    0.03    0.00   -0.02    0.00    0.00    0.00    0.00   12.25    2.11    6.11    3.31   13.23
 118 180 298  204.91   -6.46    0.04   -6.50   -0.04    0.00   -0.01    0.00    0.00    0.00    0.00   12.07    2.49    6.97    3.63   13.09
 118 181 299  206.91   -6.96    0.14   -7.09   -0.04    0.00   -0.02    0.00   -0.01    0.00    0.00   11.94    2.52    6.07    3.96   13.04
 118 182 300  208.36   -6.45    0.00   -6.45    0.00    0.00    0.00    0.00    0.00    0.00    0.00   11.98    2.86    6.61    4.23   12.69
 118 183 301  210.67   -6.86    0.00   -6.86   -0.01    0.00    0.00    0.00    0.00    0.00    0.00   11.97    2.88    5.76    4.52   12.37
 118 184 302  212.39   -6.31    0.00   -6.31    0.00    0.00    0.00    0.00    0.00    0.00    0.00   11.95    3.20    6.35    4.86   12.12
 118 185 303  216.66   -4.96    0.28   -5.24    0.01    0.04    0.01    0.01    0.01    0.01    0.01   13.62    3.31    3.80    5.30   10.15
 118 186 304  217.80   -5.20    0.00   -5.20    0.00    0.00    0.00    0.00    0.00    0.00    0.00   12.70    3.58    6.94    5.59   10.73
 118 187 305  222.18   -3.95    0.43   -4.38    0.02    0.05    0.01    0.02    0.00    0.00    0.00   12.37    3.70    3.69    6.09   10.62
 118 188 306  223.75   -3.97    0.00   -3.97    0.00    0.00    0.00    0.00    0.00    0.00    0.00   12.52    3.95    6.50    6.29   10.19
 118 189 307  228.05   -3.01    1.18   -4.19    0.04   -0.10    0.02   -0.03    0.00    0.00    0.00   11.93    4.08    3.77    7.00   10.28
 118 190 308  230.03   -2.82    0.00   -2.82    0.00    0.00    0.00    0.00    0.00    0.00    0.00   12.13    4.31    6.09    7.00    9.87
 118 191 309  234.02   -2.37    1.78   -4.14    0.05   -0.13    0.02   -0.03    0.00    0.01    0.00   11.13    4.52    4.08    7.82   10.17
 118 192 310  236.07   -2.30    1.30   -3.61   -0.41    0.00    0.01    0.00    0.01    0.00   -0.01   11.20    4.86    6.02    8.22   10.10
 119 155 274  218.04   -2.08    0.56   -2.63   -0.42    0.00    0.03    0.00    0.02    0.00   -0.02   14.18   -3.21    9.45   -5.73   20.14
 119 156 275  215.78   -2.06    0.56   -2.62   -0.43    0.00    0.04    0.00    0.01    0.00   -0.01   14.18   -3.14   10.33   -5.36   19.78
 119 157 276  214.63   -2.45    0.62   -3.07   -0.43    0.00    0.04    0.00    0.01    0.00   -0.02   14.48   -3.30    9.22   -5.50   19.55
 119 158 277  212.63   -2.45    0.68   -3.13   -0.43    0.00    0.04    0.00    0.01    0.00   -0.02   14.37   -3.18   10.07   -5.05   19.29
 119 159 278  211.66   -2.93    0.80   -3.73   -0.44    0.00    0.04    0.00    0.02    0.00   -0.02   14.68   -3.32    9.04   -5.10   19.11
 119 160 279  209.96   -2.90    0.80   -3.70   -0.44    0.00    0.04    0.00    0.01    0.00   -0.02   14.53   -3.26    9.77   -4.74   18.82
 119 161 280  209.03   -3.61    1.28   -4.89    0.20    0.00   -0.07    0.00    0.01    0.00    0.02   14.63   -3.50    9.00   -4.82   18.77
 119 162 281  207.80   -3.37    0.91   -4.28   -0.44    0.00    0.05    0.00    0.02    0.00   -0.02   14.73   -3.39    9.31   -4.37   18.30
 119 163 282  207.12   -4.09    1.59   -5.68    0.20    0.00   -0.08    0.00    0.02    0.00    0.02   15.06   -3.23    8.75   -4.27   18.06
 119 164 283  206.24   -3.76    1.04   -4.80   -0.44    0.00    0.05    0.00    0.02    0.00   -0.02   14.96   -3.00    8.95   -3.71   17.70
 119 165 284  206.00   -4.29    1.19   -5.48   -0.45    0.00    0.06    0.00    0.02    0.00   -0.02   15.30   -2.43    8.31   -3.16   17.26
 119 166 285  205.37   -3.97    0.90   -4.87    0.13    0.00   -0.06    0.00    0.01    0.00    0.01   15.00   -2.39    8.71   -2.82   17.01
 119 167 286  205.05   -4.84    0.02   -4.86   -0.10    0.00    0.01    0.00    0.01    0.00    0.00   14.36   -1.57    8.39   -2.00   17.09
 119 168 287  204.50   -4.69    0.02   -4.71   -0.11    0.00    0.01    0.00    0.01    0.00    0.00   14.10   -1.45    8.63   -1.41   17.02
 119 169 288  204.62   -5.36    0.06   -5.42   -0.12    0.00    0.01    0.00    0.01    0.00    0.00   13.72   -1.17    7.95   -0.88   16.58
 119 170 289  204.20   -5.32    0.05   -5.37   -0.12    0.00    0.01    0.00    0.01    0.00    0.00   13.27   -1.14    8.49   -0.42   16.44
 119 171 290  204.42   -6.13    0.12   -6.25   -0.13    0.00    0.01    0.00    0.01    0.00   -0.01   12.84   -0.85    7.85   -0.01   16.34
 119 172 291  204.50   -5.83    0.35   -6.18    0.09    0.00   -0.04    0.00    0.01    0.00    0.00   12.87   -0.77    8.00    0.34   15.85
 119 173 292  204.95   -6.66    0.46   -7.12    0.08    0.00   -0.04    0.00    0.01    0.00    0.00   12.69   -0.28    7.62    0.80   15.61
 119 174 293  205.28   -6.35    0.55   -6.90    0.08    0.00   -0.05    0.00    0.01    0.00    0.00   12.59   -0.23    7.75    1.17   15.36
 119 175 294  206.01   -7.12    0.77   -7.89    0.08    0.00   -0.05    0.00    0.02    0.00    0.00   12.41    0.11    7.34    1.58   15.09
 119 176 295  206.80   -6.58    0.84   -7.41    0.08    0.00   -0.05    0.00    0.02    0.00    0.00   12.51    0.10    7.28    1.82   14.62
 119 177 296  208.18   -6.93    0.13   -7.06   -0.10    0.00   -0.01    0.00    0.01    0.00    0.00   12.75    0.00    6.69    1.75   13.97
 119 178 297  209.12   -6.47    0.17   -6.63   -0.09    0.00   -0.01    0.00    0.02    0.00    0.01   12.65    0.02    7.13    2.10   13.82
 119 179 298  210.94   -6.61    0.31   -6.92    0.06    0.00   -0.03    0.00    0.01    0.00    0.00   13.16    0.16    6.25    2.27   13.38
 119 180 299  211.99   -6.26    0.10   -6.36   -0.03    0.00   -0.02    0.00    0.00    0.00    0.00   12.92    0.21    7.02    2.70   13.28
 119 181 300  213.69   -6.74    0.21   -6.95   -0.03    0.00   -0.03    0.00   -0.01    0.00    0.00   12.64    0.50    6.37    3.03   13.39
 119 182 301  215.11   -6.24    0.00   -6.24    0.00    0.00    0.00    0.00    0.00    0.00    0.00   12.57    0.54    6.65    3.40   13.02
 119 183 302  217.15   -6.60    0.00   -6.60    0.00    0.00    0.00    0.00    0.00    0.00    0.00   12.58    0.82    6.04    3.70   12.69
 119 184 303  218.85   -6.03    0.00   -6.03    0.00    0.00    0.00    0.00    0.00    0.00    0.00   12.49    0.83    6.37    4.03   12.41
 119 185 304  222.72   -4.77    0.38   -5.16    0.01   -0.05    0.01   -0.01    0.01   -0.01    0.01   14.03    1.23    4.20    4.54   10.57
 119 186 305  223.91   -4.93    0.00   -4.93    0.00    0.00    0.00    0.00    0.00    0.00    0.00   13.18    1.18    6.88    4.76   11.08
 119 187 306  227.85   -3.81    0.56   -4.38    0.02    0.07    0.01    0.01    0.01    0.00    0.00   12.74    1.62    4.13    5.32   11.01
 119 188 307  229.53   -3.69    0.00   -3.69    0.00    0.00    0.00    0.00    0.00    0.00    0.00   13.01    1.51    6.40    5.46   10.53
 119 189 308  233.22   -3.02    1.44   -4.46    0.05   -0.11    0.02   -0.03    0.01    0.00    0.00   12.21    2.11    4.37    6.19   10.77
 119 190 309  234.93   -3.07    1.19   -4.26   -0.40    0.00    0.01    0.00    0.01    0.00   -0.01   12.10    2.38    6.36    6.69   10.74
 119 191 310  238.28   -2.95    1.19   -4.14   -0.41    0.00    0.01    0.00    0.01    0.00   -0.01   11.02    3.02    4.72    7.54   11.08
 119 192 311  240.31   -2.88    1.19   -4.07   -0.41    0.00    0.01    0.00    0.01    0.00   -0.01   10.84    3.04    6.04    7.91   10.76
 120 156 276  225.74   -1.76    0.35   -2.11   -0.43    0.00    0.04    0.00    0.01    0.00   -0.01   14.46   -2.66   10.68   -5.80   20.20
 120 157 277  224.49   -2.19    0.42   -2.60   -0.43    0.00    0.04    0.00    0.01    0.00   -0.02   14.52   -2.57    9.31   -5.88   20.00
 120 158 278  222.16   -2.19    0.49   -2.68   -0.44    0.00    0.04    0.00    0.02    0.00   -0.02   14.38   -2.24   10.40   -5.42   19.72
 120 159 279  221.10   -2.71    0.60   -3.31   -0.44    0.00    0.04    0.00    0.02    0.00   -0.02   14.64   -2.15    9.13   -5.47   19.53
 120 160 280  219.09   -2.66    0.60   -3.26   -0.44    0.00    0.04    0.00    0.02    0.00   -0.02   14.50   -1.84   10.08   -5.11   19.21
 120 161 281  218.14   -3.33    0.66   -3.99   -0.44    0.00    0.05    0.00    0.01    0.00   -0.02   14.67   -1.82    9.02   -5.32   19.10
 120 162 282  216.52   -3.16    0.74   -3.90   -0.44    0.00    0.05    0.00    0.02    0.00   -0.02   14.69   -1.44    9.69   -4.83   18.71
 120 163 283  215.77   -3.90    0.81   -4.71   -0.45    0.00    0.05    0.00    0.02    0.00   -0.02   15.10   -1.36    8.83   -4.59   18.51
 120 164 284  214.58   -3.56    0.83   -4.39   -0.44    0.00    0.05    0.00    0.02    0.00   -0.02   15.03   -1.05    9.26   -4.05   18.09
 120 165 285  214.25   -4.13    0.98   -5.11   -0.45    0.00    0.06    0.00    0.02    0.00   -0.02   15.23   -0.96    8.40   -3.39   17.66
 120 166 286  213.54   -3.56    0.98   -4.54   -0.45    0.00    0.05    0.00    0.02    0.00   -0.02   15.16   -0.88    8.78   -3.27   17.18
 120 167 287  213.28   -4.33    0.00   -4.33   -0.12    0.00    0.01    0.00    0.01    0.00    0.00   14.57   -0.93    8.34   -2.51   17.12
 120 168 288  212.37   -4.21    0.01   -4.22   -0.12    0.00    0.01    0.00    0.01    0.00    0.00   14.25   -0.58    8.98   -2.03   17.32
 120 169 289  212.35   -4.98    0.04   -5.01   -0.13    0.00    0.01    0.00    0.01    0.00    0.00   13.73   -0.44    8.09   -1.61   17.07
 120 170 290  211.62   -4.92    0.03   -4.95   -0.13    0.00    0.01    0.00    0.01    0.00    0.00   13.44   -0.13    8.80   -1.27   16.89
 120 171 291  211.72   -5.82    0.10   -5.92   -0.14    0.00    0.02    0.00    0.01    0.00   -0.01   13.13    0.00    7.98   -0.86   16.77
 120 172 292  211.57   -5.43    0.08   -5.51   -0.14    0.00    0.02    0.00    0.01    0.00   -0.01   13.37    0.22    8.22   -0.55   16.20
 120 173 293  212.24   -5.99    0.49   -6.48    0.09    0.00   -0.04    0.00    0.01    0.00    0.01   13.54    0.00    7.40   -0.28   15.62
 120 174 294  212.25   -5.67    0.70   -6.38    0.09    0.00   -0.05    0.00    0.02    0.00    0.00   13.39    0.31    8.06    0.08   15.46
 120 175 295  212.93   -6.46    0.85   -7.31    0.09    0.00   -0.05    0.00    0.02    0.00    0.00   13.12    0.37    7.40    0.48   15.45
 120 176 296  213.41   -5.91    0.92   -6.83    0.09    0.00   -0.06    0.00    0.02    0.00    0.00   13.24    0.67    7.59    0.78   14.98
 120 177 297  214.56   -6.46    0.10   -6.56   -0.10    0.00   -0.01    0.00    0.01    0.00    0.00   13.30    0.91    6.93    0.91   14.51
 120 178 298  215.18   -6.00    0.13   -6.13   -0.09    0.00   -0.01    0.00    0.01    0.00    0.01   13.14    1.23    7.45    1.25   14.38
 120 179 299  216.87   -6.23    0.06   -6.29    0.03    0.00   -0.02    0.00    0.00    0.00    0.00   13.55    1.36    6.38    1.52   13.83
 120 180 300  217.62   -5.87    0.08   -5.95   -0.04    0.00   -0.02    0.00    0.00    0.00    0.00   13.35    1.65    7.32    1.86   13.70
 120 181 301  219.30   -6.33    0.21   -6.54   -0.04    0.00   -0.03    0.00   -0.01    0.00    0.00   13.06    1.68    6.40    2.19   13.72
 120 182 302  220.45   -5.79    0.00   -5.79    0.00    0.00    0.00    0.00    0.00    0.00    0.00   13.12    1.95    6.92    2.49   13.32
 120 183 303  222.46   -6.14    0.00   -6.14   -0.01    0.00    0.00    0.00    0.00    0.00    0.00   13.13    1.97    6.06    2.79   12.98
 120 184 304  223.86   -5.57    0.00   -5.57    0.00    0.00    0.00    0.00    0.00    0.00    0.00   13.07    2.28    6.68    3.11   12.73
 120 185 305  227.62   -4.38    0.46   -4.84    0.01    0.05    0.01    0.01    0.01    0.00    0.01   14.52    2.39    4.31    3.62   10.99
 120 186 306  228.54   -4.50    0.00   -4.50    0.00    0.00    0.00    0.00    0.00    0.00    0.00   13.73    2.66    7.15    3.84   11.46
 120 187 307  232.32   -3.51    0.62   -4.13    0.03   -0.07    0.01   -0.01    0.01    0.00    0.00   13.23    2.82    4.29    4.44   11.44
 120 188 308  233.79   -3.28    0.00   -3.28    0.00    0.00    0.00    0.00    0.00    0.00    0.00   13.57    3.03    6.60    4.54   10.89
 120 189 309  237.23   -2.84    1.42   -4.25    0.05   -0.11    0.02   -0.02    0.01    0.00    0.00   12.63    3.28    4.63    5.39   11.23
 120 190 310  238.74   -2.78    1.04   -3.82   -0.41    0.00    0.01    0.00    0.01    0.00   -0.01   12.57    3.48    6.56    5.86   11.19
 120 191 311  242.03   -2.69    1.03   -3.72   -0.41    0.00    0.01    0.00    0.01    0.00   -0.01   11.56    3.54    4.78    6.56   11.35
 120 192 312  243.75   -2.63    1.05   -3.68   -0.41    0.00    0.01    0.00    0.01    0.00   -0.01   11.30    3.85    6.36    6.90   11.14
 121 157 278  235.80   -2.61    0.19   -2.80   -0.45    0.00    0.04    0.00    0.01    0.00   -0.02   15.34   -4.02    9.71   -6.60   20.54
 121 158 279  233.41   -2.62    0.26   -2.88   -0.44    0.00    0.04    0.00    0.01    0.00   -0.02   15.20   -3.96   10.47   -6.20   20.18
 121 159 280  231.97   -3.19    0.37   -3.56   -0.45    0.00    0.04    0.00    0.01    0.00   -0.02   14.91   -3.58    9.51   -5.73   19.98
 121 160 281  229.88   -3.16    0.38   -3.55   -0.45    0.00    0.05    0.00    0.01    0.00   -0.02   14.82   -3.50   10.16   -5.34   19.67
 121 161 282  228.53   -3.91    0.43   -4.34   -0.45    0.00    0.05    0.00    0.01    0.00   -0.02   14.45   -3.10    9.42   -4.92   19.58
 121 162 283  226.87   -3.73    0.51   -4.24   -0.45    0.00    0.05    0.00    0.01    0.00   -0.02   14.49   -3.06    9.73   -4.49   19.15
 121 163 284  225.74   -4.53    0.59   -5.11   -0.45    0.00    0.06    0.00    0.01    0.00   -0.02   14.28   -2.68    9.20   -4.04   18.94
 121 164 285  224.47   -4.21    0.63   -4.84   -0.45    0.00    0.06    0.00    0.01    0.00   -0.02   14.25   -2.60    9.34   -3.65   18.54
 121 165 286  223.71   -4.89    0.76   -5.65   -0.46    0.00    0.06    0.00    0.01    0.00   -0.02   14.17   -2.17    8.83   -3.13   18.17
 121 166 287  222.96   -4.32    0.78   -5.10   -0.46    0.00    0.06    0.00    0.01    0.00   -0.02   14.30   -2.13    8.82   -3.02   17.65
 121 167 288  222.84   -4.62    0.01   -4.63   -0.13    0.00    0.01    0.00    0.01    0.00    0.00   14.41   -2.27    8.20   -3.21   17.02
 121 168 289  221.88   -4.50    0.02   -4.52   -0.13    0.00    0.01    0.00    0.01    0.00    0.00   14.09   -2.23    9.03   -2.81   17.22
 121 169 290  221.52   -5.29    0.05   -5.34   -0.14    0.00    0.01    0.00    0.01    0.00    0.00   14.05   -1.89    8.43   -2.33   17.45
 121 170 291  220.77   -5.21    0.05   -5.26   -0.14    0.00    0.01    0.00    0.01    0.00    0.00   13.85   -1.86    8.82   -1.99   17.25
 121 171 292  220.54   -6.12    0.10   -6.21   -0.14    0.00    0.02    0.00    0.02    0.00   -0.01   13.50   -1.54    8.30   -1.54   17.12
 121 172 293  220.38   -5.69    0.10   -5.79   -0.14    0.00    0.01    0.00    0.02    0.00    0.00   13.76   -1.53    8.23   -1.31   16.53
 121 173 294  221.12   -5.87    0.04   -5.92   -0.13    0.00    0.01    0.00    0.01    0.00   -0.01   14.27   -1.59    7.34   -1.59   15.57
 121 174 295  220.90   -5.75    0.09   -5.83   -0.12    0.00    0.01    0.00    0.02    0.00    0.00   13.97   -1.35    8.29   -1.04   15.63
 121 175 296  221.73   -6.07    0.03   -6.10   -0.12    0.00    0.00    0.00    0.01    0.00    0.00   14.35   -1.51    7.24   -1.15   15.53
 121 176 297  221.92   -5.76    0.06   -5.82   -0.12    0.00    0.00    0.00    0.01    0.00    0.00   14.22   -1.22    7.88   -0.54   15.12
 121 177 298  222.77   -6.29    0.08   -6.38   -0.11    0.00   -0.01    0.00    0.01    0.00    0.01   14.34   -0.93    7.22   -0.01   15.10
 121 178 299  223.41   -5.77    0.16   -5.93   -0.11    0.00   -0.02    0.00    0.01    0.00    0.01   14.19   -0.95    7.43    0.29   14.65
 121 179 300  224.88   -5.91    0.07   -5.98    0.03    0.00   -0.02    0.00    0.00    0.00    0.00   14.28   -0.72    6.60    0.64   14.03
 121 180 301  225.61   -5.53    0.18   -5.71   -0.04    0.00   -0.03    0.00   -0.01    0.00    0.00   14.06   -0.70    7.35    0.96   13.95
 121 181 302  226.99   -5.99    0.27   -6.26   -0.04    0.00   -0.03    0.00   -0.01    0.00    0.00   13.62   -0.40    6.69    1.28   14.04
 121 182 303  228.14   -5.40    0.30   -5.71   -0.04    0.00   -0.03    0.00   -0.01    0.00    0.00   13.73   -0.40    6.92    1.55   13.61
 121 183 304  230.01   -5.59    0.00   -5.59   -0.01    0.00    0.00    0.00    0.00    0.00    0.00   13.89   -0.26    6.20    1.71   13.12
 121 184 305  231.41   -4.97    0.00   -4.97    0.01    0.00    0.00    0.00    0.00    0.00    0.00   13.88   -0.27    6.67    2.01   12.87
 121 185 306  234.43   -4.22    0.88   -5.10    0.02   -0.08    0.01   -0.01    0.02    0.00    0.01   14.86    0.48    5.05    2.87   11.72
 121 186 307  235.60   -4.05    0.68   -4.74    0.02    0.08    0.00    0.01    0.01    0.00    0.01   14.33    0.23    6.90    2.89   11.95
 121 187 308  238.63   -3.50    1.15   -4.66    0.03   -0.10    0.01   -0.01    0.02    0.00    0.00   13.49    0.97    5.04    3.79   11.94
 121 188 309  240.13   -3.22    0.19   -3.41   -0.18    0.00    0.00    0.00    0.02    0.00    0.01   13.79    0.95    6.58    3.98   11.62
 121 189 310  243.06   -2.98    0.35   -3.33   -0.19    0.00   -0.01    0.00    0.03    0.00    0.01   12.78    1.47    5.14    4.75   11.72
 121 190 311  244.64   -2.81    0.31   -3.12   -0.19    0.00   -0.01    0.00    0.02    0.00    0.01   12.69    1.39    6.48    4.87   11.63
 121 191 312  247.59   -2.77    0.86   -3.63   -0.42    0.00    0.02    0.00    0.00    0.00   -0.01   11.94    1.73    5.13    5.28   11.61
 121 192 313  249.26   -2.71    0.89   -3.60   -0.42    0.00    0.02    0.00    0.00    0.00   -0.01   11.90    1.78    6.40    5.63   11.53
 122 158 280  243.99   -2.06    0.00   -2.07   -0.45    0.00    0.04    0.00    0.01    0.00   -0.02   15.83   -3.29   10.79   -7.25   20.57
 122 159 281  242.46   -2.67    0.12   -2.78   -0.45    0.00    0.04    0.00    0.01    0.00   -0.02   15.55   -3.21    9.60   -6.78   20.39
 122 160 282  240.04   -2.65    0.14   -2.79   -0.45    0.00    0.05    0.00    0.01    0.00   -0.02   15.45   -2.87   10.50   -6.37   20.09
 122 161 283  238.62   -3.42    0.20   -3.62   -0.45    0.00    0.05    0.00    0.01    0.00   -0.02   15.10   -2.80    9.49   -5.90   19.98
 122 162 284  236.62   -3.26    0.26   -3.52   -0.45    0.00    0.05    0.00    0.01    0.00   -0.02   15.10   -2.46   10.08   -5.51   19.57
 122 163 285  235.40   -4.08    0.35   -4.43   -0.46    0.00    0.06    0.00    0.01    0.00   -0.02   14.84   -2.37    9.28   -5.06   19.36
 122 164 286  233.80   -3.78    0.40   -4.18   -0.46    0.00    0.06    0.00    0.01    0.00   -0.02   14.85   -2.04    9.68   -4.64   18.96
 122 165 287  232.94   -4.52    0.51   -5.03   -0.46    0.00    0.06    0.00    0.01    0.00   -0.02   14.74   -1.93    8.93   -4.11   18.61
 122 166 288  231.86   -3.94    0.55   -4.50   -0.46    0.00    0.06    0.00    0.01    0.00   -0.02   14.86   -1.61    9.15   -3.74   18.08
 122 167 289  231.87   -4.07   -0.03   -4.03   -0.14    0.00    0.02    0.00    0.01    0.00    0.00   15.19   -1.74    8.07   -4.02   17.21
 122 168 290  230.57   -3.97   -0.01   -3.96   -0.14    0.00    0.02    0.00    0.01    0.00    0.00   14.61   -1.40    9.37   -3.63   17.43
 122 169 291  230.14   -4.78    0.01   -4.79   -0.14    0.00    0.02    0.00    0.01    0.00    0.00   14.44   -1.33    8.50   -3.22   17.87
 122 170 292  229.08   -4.70    0.01   -4.70   -0.15    0.00    0.01    0.00    0.01    0.00    0.00   14.29   -1.02    9.13   -2.88   17.63
 122 171 293  228.78   -5.63    0.08   -5.71   -0.15    0.00    0.02    0.00    0.02    0.00   -0.01   14.00   -0.94    8.38   -2.48   17.51
 122 172 294  228.28   -5.22    0.09   -5.31   -0.15    0.00    0.02    0.00    0.02    0.00   -0.01   14.24   -0.61    8.56   -2.14   16.94
 122 173 295  229.03   -5.35    0.04   -5.39   -0.14    0.00    0.01    0.00    0.01    0.00   -0.01   14.89   -0.62    7.33   -2.21   15.89
 122 174 296  228.51   -5.21    0.04   -5.25   -0.14    0.00    0.01    0.00    0.01    0.00    0.00   14.52   -0.32    8.59   -1.68   15.92
 122 175 297  229.30   -5.53    0.01   -5.54   -0.12    0.00    0.00    0.00    0.01    0.00    0.00   14.63   -0.28    7.28   -1.79   15.87
 122 176 298  229.18   -5.22    0.03   -5.25   -0.12    0.00    0.00    0.00    0.01    0.00    0.00   14.50    0.03    8.19   -1.18   15.47
 122 177 299  229.91   -5.83    0.18   -6.00   -0.11    0.00   -0.02    0.00    0.02    0.00    0.00   14.56    0.15    7.33   -0.78   15.53
 122 178 300  230.24   -5.30    0.17   -5.47   -0.10    0.00   -0.02    0.00    0.01    0.00    0.01   14.41    0.46    7.74   -0.49   15.07
 122 179 301  231.72   -5.39    0.05   -5.45    0.03    0.00   -0.01    0.00    0.00    0.00    0.00   14.74    0.45    6.59   -0.27   14.33
 122 180 302  232.08   -5.07    0.13   -5.21   -0.04    0.00   -0.02    0.00   -0.01    0.00    0.00   14.47    0.82    7.72    0.12   14.31
 122 181 303  233.43   -5.51    0.25   -5.76   -0.04    0.00   -0.03    0.00   -0.01    0.00    0.00   14.14    0.84    6.72    0.44   14.43
 122 182 304  234.27   -4.94    0.00   -4.94    0.00    0.00    0.00    0.00    0.00    0.00    0.00   14.22    1.16    7.24    0.76   13.95
 122 183 305  235.99   -5.23    0.00   -5.23   -0.01    0.00    0.00    0.00    0.00    0.00    0.00   14.27    1.31    6.35    1.05   13.58
 122 184 306  237.05   -4.65    0.00   -4.65    0.00    0.00    0.00    0.00    0.00    0.00    0.00   14.18    1.65    7.01    1.39   13.36
 122 185 307  240.14   -3.79    0.90   -4.69    0.02   -0.08    0.01   -0.01    0.02    0.00    0.00   15.25    1.58    4.98    2.06   11.99
 122 186 308  240.98   -3.65    0.61   -4.26    0.01    0.07    0.00    0.01    0.01    0.00    0.00   14.70    1.91    7.23    2.14   12.21
 122 187 309  243.85   -3.23    0.15   -3.38   -0.19    0.00    0.00    0.00    0.02    0.00    0.01   13.80    2.08    5.21    3.05   12.44
 122 188 310  244.92   -3.06    0.13   -3.19   -0.19    0.00    0.00    0.00    0.02    0.00    0.01   13.96    2.49    7.00    3.44   12.20
 122 189 311  247.75   -2.89    0.30   -3.19   -0.20    0.00   -0.01    0.00    0.02    0.00    0.01   13.00    2.60    5.25    4.06   12.24
 122 190 312  249.02   -2.73    0.24   -2.96   -0.20    0.00   -0.01    0.00    0.02    0.00    0.01   12.81    2.91    6.80    4.30   12.04
 122 191 313  252.09   -2.53    0.72   -3.25   -0.42    0.00    0.01    0.00    0.01    0.00   -0.01   12.43    2.79    5.01    4.52   11.80
 122 192 314  253.45   -2.48    0.72   -3.20   -0.42    0.00    0.01    0.00    0.01    0.00   -0.01   12.29    3.10    6.71    4.87   11.71
 123 159 282  254.45   -2.78   -0.16   -2.63   -0.46    0.00    0.05    0.00    0.01    0.00   -0.02   16.22   -4.70    9.96   -7.91   20.82
 123 160 283  252.00   -2.75   -0.15   -2.60   -0.46    0.00    0.05    0.00    0.01    0.00   -0.01   16.16   -4.67   10.53   -7.54   20.49
 123 161 284  250.21   -3.56   -0.07   -3.49   -0.46    0.00    0.05    0.00    0.01    0.00   -0.01   15.81   -4.30    9.86   -7.10   20.39
 123 162 285  248.16   -3.39    0.00   -3.39   -0.46    0.00    0.05    0.00    0.01    0.00   -0.01   15.85   -4.25   10.12   -6.71   19.98
 123 163 286  246.58   -4.25    0.09   -4.34   -0.46    0.00    0.06    0.00    0.01    0.00   -0.01   15.63   -3.89    9.64   -6.27   19.77
 123 164 287  244.92   -3.97    0.14   -4.10   -0.46    0.00    0.06    0.00    0.01    0.00   -0.01   15.62   -3.83    9.74   -5.87   19.38
 123 165 288  243.67   -4.77    0.25   -5.02   -0.47    0.00    0.06    0.00    0.01    0.00   -0.02   15.50   -3.44    9.32   -5.38   19.06
 123 166 289  242.53   -4.21    0.29   -4.50   -0.47    0.00    0.06    0.00    0.01    0.00   -0.02   15.64   -3.38    9.20   -4.99   18.53
 123 167 290  242.31   -4.24    0.38   -4.61   -0.48    0.00    0.06    0.00    0.01    0.00   -0.02   16.18   -3.16    8.29   -4.90   17.50
 123 168 291  241.14   -3.97   -0.01   -3.96   -0.16    0.00    0.03    0.00    0.01    0.00    0.00   15.75   -3.27    9.25   -4.68   17.54
 123 169 292  240.43   -4.74   -0.01   -4.73   -0.16    0.00    0.02    0.00    0.01    0.00    0.00   15.17   -3.00    8.78   -4.33   18.02
 123 170 293  239.33   -4.65    0.00   -4.64   -0.16    0.00    0.02    0.00    0.01    0.00    0.00   15.03   -2.96    9.17   -3.98   17.94
 123 171 294  238.75   -5.55    0.05   -5.59   -0.16    0.00    0.02    0.00    0.01    0.00    0.00   14.80   -2.68    8.66   -3.62   17.83
 123 172 295  238.22   -5.13    0.06   -5.19   -0.16    0.00    0.02    0.00    0.01    0.00    0.00   15.02   -2.64    8.60   -3.25   17.26
 123 173 296  238.71   -5.19    0.09   -5.28   -0.18    0.00    0.03    0.00    0.01    0.00    0.00   15.74   -2.39    7.58   -3.02   16.18
 123 174 297  238.20   -4.99    0.05   -5.04   -0.17    0.00    0.03    0.00    0.01    0.00    0.00   15.39   -2.40    8.58   -2.73   16.16
 123 175 298  238.83   -5.16    0.09   -5.25   -0.20    0.00    0.04    0.00    0.01    0.00    0.00   15.29   -2.24    7.44   -2.52   16.02
 123 176 299  238.63   -4.90    0.10   -4.99   -0.20    0.00    0.04    0.00    0.01    0.00    0.00   15.31   -2.16    8.28   -2.13   15.72
 123 177 300  238.94   -5.61    0.41   -6.02   -0.22    0.00    0.05    0.00    0.01    0.00    0.00   14.79   -1.74    7.75   -1.60   16.03
 123 178 301  239.17   -5.15    0.44   -5.59   -0.23    0.00    0.05    0.00    0.01    0.00   -0.01   14.82   -1.63    7.85   -1.18   15.60
 123 179 302  240.25   -5.33    0.58   -5.91   -0.24    0.00    0.06    0.00    0.02    0.00   -0.01   15.05   -1.24    6.99   -0.79   14.84
 123 180 303  240.75   -4.82    0.49   -5.30   -0.24    0.00    0.05    0.00    0.02    0.00   -0.01   14.91   -1.39    7.57   -0.57   14.56
 123 181 304  242.10   -4.96    0.27   -5.23   -0.04    0.00   -0.03    0.00   -0.01    0.00    0.00   14.79   -1.38    6.72   -0.53   14.29
 123 182 305  242.81   -4.46    1.13   -5.59    0.02   -0.09    0.00    0.00    0.03    0.00    0.00   14.78   -1.26    7.36   -0.09   14.08
 123 183 306  244.12   -4.87    1.36   -6.23    0.02   -0.10    0.00    0.01    0.03   -0.01    0.00   14.70   -0.84    6.77    0.47   14.13
 123 184 307  245.12   -4.31    1.47   -5.77    0.02   -0.10    0.00    0.01    0.03   -0.01   -0.01   14.55   -0.78    7.07    0.87   13.84
 123 185 308  247.48   -3.87    1.76   -5.63    0.03   -0.11    0.01    0.00    0.03   -0.01   -0.01   15.04   -0.05    5.71    1.53   12.78
 123 186 309  248.36   -3.65    1.68   -5.32    0.03   -0.12    0.00    0.01    0.03   -0.01   -0.01   14.53   -0.09    7.19    1.81   12.90
 123 187 310  250.84   -3.31    0.22   -3.53   -0.19    0.00   -0.01    0.00    0.02    0.00    0.01   13.98    0.29    5.59    2.37   12.78
 123 188 311  251.88   -3.15    0.07   -3.21   -0.20    0.00    0.01    0.00    0.02    0.00    0.01   13.85    0.34    7.04    2.83   12.63
 123 189 312  254.33   -3.05    0.41   -3.45   -0.20    0.00   -0.02    0.00    0.03    0.00    0.01   13.27    0.71    5.62    3.30   12.65
 123 190 313  255.59   -2.87    0.35   -3.22   -0.20    0.00   -0.01    0.00    0.03    0.00    0.01   13.04    0.72    6.81    3.63   12.43
 123 191 314  258.32   -2.69    0.59   -3.28   -0.21    0.00   -0.02    0.00    0.03    0.00    0.01   12.84    1.05    5.34    3.84   12.15
 123 192 315  259.70   -2.60    0.46   -3.06   -0.21    0.00   -0.02    0.00    0.03    0.00    0.01   12.64    1.04    6.69    4.13   12.02
 124 160 284  262.74   -2.40   -0.39   -2.02   -0.46    0.00    0.05    0.00    0.01    0.00   -0.01   16.32   -3.46   10.86   -8.12   20.89
 124 161 285  260.88   -3.23   -0.32   -2.91   -0.46    0.00    0.05    0.00    0.01    0.00   -0.01   15.99   -3.39    9.93   -7.68   20.79
 124 162 286  258.50   -3.07   -0.25   -2.82   -0.46    0.00    0.05    0.00    0.01    0.00   -0.01   16.04   -3.06   10.45   -7.31   20.38
 124 163 287  256.86   -3.95   -0.17   -3.78   -0.46    0.00    0.06    0.00    0.01    0.00   -0.01   15.81   -2.98    9.72   -6.88   20.17
 124 164 288  254.86   -3.67   -0.11   -3.56   -0.47    0.00    0.06    0.00    0.01    0.00   -0.01   15.82   -2.65   10.07   -6.48   19.78
 124 165 289  253.52   -4.52   -0.02   -4.50   -0.47    0.00    0.06    0.00    0.01    0.00   -0.02   15.69   -2.56    9.41   -6.00   19.48
 124 166 290  252.04   -3.98    0.04   -4.02   -0.47    0.00    0.06    0.00    0.01    0.00   -0.02   15.82   -2.22    9.55   -5.60   18.96
 124 167 291  251.72   -4.06    0.12   -4.18   -0.48    0.00    0.07    0.00    0.01    0.00   -0.02   16.36   -2.12    8.39   -5.27   17.94
 124 168 292  250.44   -3.58    0.13   -3.71   -0.48    0.00    0.06    0.00    0.01    0.00   -0.02   16.15   -2.02    9.35   -5.29   17.74
 124 169 293  249.73   -4.31   -0.05   -4.26   -0.16    0.00    0.02    0.00    0.01    0.00    0.00   15.44   -2.01    8.78   -5.01   18.13
 124 170 294  248.29   -4.24   -0.05   -4.19   -0.16    0.00    0.02    0.00    0.01    0.00    0.00   15.29   -1.67    9.51   -4.63   18.29
 124 171 295  247.62   -5.17    0.03   -5.20   -0.16    0.00    0.02    0.00    0.02    0.00    0.00   15.06   -1.59    8.74   -4.27   18.25
 124 172 296  246.76   -4.77    0.03   -4.80   -0.16    0.00    0.02    0.00    0.02    0.00   -0.01   15.26   -1.26    8.93   -3.90   17.67
 124 173 297  247.19   -4.86    0.04   -4.89   -0.18    0.00    0.03    0.00    0.02    0.00    0.00   15.99   -1.19    7.65   -3.58   16.58
 124 174 298  246.37   -4.66    0.01   -4.66   -0.17    0.00    0.02    0.00    0.02    0.00    0.00   15.66   -0.88    8.89   -3.28   16.54
 124 175 299  246.87   -4.90    0.12   -5.02   -0.21    0.00    0.04    0.00    0.01    0.00    0.00   15.42   -0.76    7.57   -3.00   16.46
 124 176 300  246.34   -4.66    0.13   -4.79   -0.21    0.00    0.04    0.00    0.01    0.00    0.00   15.41   -0.43    8.61   -2.59   16.17
 124 177 301  246.58   -5.40    0.22   -5.63   -0.23    0.00    0.05    0.00    0.01    0.00   -0.01   14.86   -0.35    7.83   -2.09   16.44
 124 178 302  246.47   -4.97    0.30   -5.27   -0.23    0.00    0.05    0.00    0.01    0.00   -0.01   14.87   -0.02    8.18   -1.65   16.01
 124 179 303  247.46   -5.19    0.37   -5.57   -0.25    0.00    0.05    0.00    0.02    0.00   -0.01   15.13    0.07    7.08   -1.16   15.26
 124 180 304  247.67   -4.67    0.30   -4.97   -0.24    0.00    0.05    0.00    0.01    0.00   -0.01   15.00    0.37    7.87   -1.01   14.95
 124 181 305  249.31   -4.48    0.28   -4.76   -0.04    0.00   -0.03    0.00   -0.01    0.00    0.00   15.16    0.08    6.43   -1.30   14.30
 124 182 306  249.59   -4.11    0.25   -4.35   -0.24    0.00    0.04    0.00    0.02    0.00   -0.01   15.09    0.51    7.78   -0.75   14.22
 124 183 307  251.08   -4.29    1.62   -5.91    0.02    0.11    0.00   -0.01    0.03    0.01   -0.01   15.23    0.32    6.58   -0.51   14.37
 124 184 308  251.75   -3.75    1.62   -5.37    0.02    0.11    0.00   -0.01    0.03    0.01   -0.01   15.06    0.65    7.40   -0.12   13.98
 124 185 309  253.95   -3.44    0.01   -3.45   -0.20    0.00    0.01    0.00    0.02    0.00    0.01   15.54    0.82    5.87    0.76   13.27
 124 186 310  254.42   -3.32    0.02   -3.34   -0.19    0.00    0.01    0.00    0.02    0.00    0.01   14.95    1.23    7.60    1.13   13.47
 124 187 311  256.64   -3.21    0.12   -3.33   -0.20    0.00    0.00    0.00    0.02    0.00    0.01   14.08    1.48    5.85    1.78   13.45
 124 188 312  257.38   -3.04    0.11   -3.15   -0.20    0.00    0.00    0.00    0.02    0.00    0.01   13.97    1.79    7.34    2.12   13.19
 124 189 313  259.79   -2.95    0.30   -3.25   -0.20    0.00   -0.01    0.00    0.03    0.00    0.01   13.52    1.83    5.66    2.54   13.00
 124 190 314  260.73   -2.79    0.22   -3.01   -0.21    0.00   -0.01    0.00    0.02    0.00    0.01   13.38    2.15    7.14    2.88   12.79
 124 191 315  263.42   -2.62    0.47   -3.09   -0.21    0.00   -0.02    0.00    0.03    0.00    0.01   13.25    2.19    5.37    3.24   12.51
 124 192 316  264.50   -2.53    0.35   -2.88   -0.21    0.00   -0.01    0.00    0.03    0.00    0.01   13.05    2.50    7.00    3.53   12.37
 125 161 286  273.17   -3.41   -0.60   -2.82   -0.47    0.00    0.06    0.00    0.00    0.00   -0.01   16.30   -5.00   10.29   -8.39   21.19
 125 162 287  270.76   -3.23   -0.53   -2.70   -0.47    0.00    0.06    0.00    0.00    0.00   -0.01   16.34   -4.97   10.49   -8.03   20.77
 125 163 288  268.78   -4.13   -0.45   -3.68   -0.47    0.00    0.06    0.00    0.01    0.00   -0.01   16.15   -4.64   10.05   -7.62   20.54
 125 164 289  266.71   -3.87   -0.39   -3.47   -0.47    0.00    0.06    0.00    0.01    0.00   -0.01   16.13   -4.57   10.14   -7.22   20.19
 125 165 290  265.00   -4.76   -0.30   -4.47   -0.48    0.00    0.06    0.00    0.01    0.00   -0.02   16.00   -4.20    9.78   -6.76   19.92
 125 166 291  263.46   -4.24   -0.24   -4.00   -0.48    0.00    0.06    0.00    0.01    0.00   -0.02   16.12   -4.13    9.62   -6.35   19.40
 125 167 292  262.75   -4.40   -0.16   -4.24   -0.49    0.00    0.07    0.00    0.00    0.00   -0.02   16.66   -3.74    8.78   -5.86   18.40
 125 168 293  261.45   -3.89   -0.13   -3.76   -0.49    0.00    0.07    0.00    0.00    0.00   -0.02   16.49   -3.72    9.37   -5.73   18.16
 125 169 294  260.57   -4.46   -0.08   -4.38   -0.18    0.00    0.03    0.00    0.01    0.00    0.00   15.83   -3.55    8.95   -5.56   18.32
 125 170 295  259.10   -4.38   -0.08   -4.29   -0.18    0.00    0.03    0.00    0.01    0.00    0.00   15.55   -3.53    9.54   -5.19   18.48
 125 171 296  258.21   -5.22   -0.05   -5.18   -0.17    0.00    0.02    0.00    0.02    0.00    0.00   15.35   -3.30    8.97   -4.88   18.51
 125 172 297  257.29   -4.83   -0.03   -4.80   -0.18    0.00    0.02    0.00    0.02    0.00    0.00   15.53   -3.24    8.99   -4.50   17.96
 125 173 298  257.21   -5.11   -0.01   -5.10   -0.19    0.00    0.03    0.00    0.02    0.00    0.00   16.04   -2.73    8.15   -3.92   17.14
 125 174 299  256.37   -4.89   -0.02   -4.88   -0.19    0.00    0.03    0.00    0.01    0.00    0.00   15.73   -2.71    8.92   -3.59   17.07
 125 175 300  256.49   -5.21    0.03   -5.24   -0.20    0.00    0.04    0.00    0.01    0.00    0.00   15.35   -2.32    7.95   -3.08   16.87
 125 176 301  255.93   -4.94    0.03   -4.97   -0.21    0.00    0.04    0.00    0.01    0.00    0.00   15.31   -2.30    8.63   -2.73   16.58
 125 177 302  255.94   -5.61    0.13   -5.74   -0.22    0.00    0.05    0.00    0.01    0.00    0.00   14.69   -2.07    8.06   -2.42   16.69
 125 178 303  255.83   -5.13    0.13   -5.26   -0.23    0.00    0.04    0.00    0.01    0.00    0.00   14.78   -2.07    8.18   -2.09   16.24
 125 179 304  256.60   -5.27    0.17   -5.44   -0.24    0.00    0.04    0.00    0.02    0.00   -0.01   15.23   -1.85    7.30   -1.77   15.48
 125 180 305  256.71   -4.80    0.10   -4.90   -0.23    0.00    0.04    0.00    0.02    0.00   -0.01   15.12   -1.76    7.96   -1.39   15.26
 125 181 306  258.20   -4.45    0.22   -4.67   -0.22    0.00    0.04    0.00    0.02    0.00    0.00   15.53   -1.61    6.58   -1.53   14.54
 125 182 307  258.26   -4.27    0.07   -4.34   -0.23    0.00    0.03    0.00    0.02    0.00    0.00   15.09   -1.38    8.01   -0.87   14.60
 125 183 308  259.47   -4.42    3.29   -7.72    0.04   -0.14   -0.01    0.03    0.04   -0.01   -0.03   14.95   -1.10    6.86   -0.78   14.88
 125 184 309  260.09   -3.90    3.31   -7.20    0.04   -0.14   -0.01    0.03    0.04   -0.01   -0.03   14.86   -1.05    7.45   -0.40   14.31
 125 185 310  261.89   -3.68    0.01   -3.69   -0.21    0.00    0.01    0.00    0.02    0.00    0.01   15.35   -0.65    6.27    0.16   13.72
 125 186 311  262.37   -3.52    0.03   -3.54   -0.20    0.00    0.01    0.00    0.02    0.00    0.01   14.83   -0.66    7.60    0.57   13.86
 125 187 312  264.27   -3.42    0.13   -3.54   -0.21    0.00    0.00    0.00    0.02    0.00    0.01   14.37   -0.34    6.17    1.15   13.77
 125 188 313  264.96   -3.26    0.12   -3.38   -0.21    0.00    0.00    0.00    0.02    0.00    0.01   14.17   -0.30    7.38    1.49   13.55
 125 189 314  267.05   -3.19    0.31   -3.50   -0.21    0.00   -0.01    0.00    0.03    0.00    0.01   13.78    0.03    5.99    1.86   13.37
 125 190 315  267.95   -3.03    0.27   -3.29   -0.21    0.00   -0.01    0.00    0.03    0.00    0.01   13.65    0.06    7.17    2.22   13.16
 125 191 316  270.30   -2.90    0.46   -3.37   -0.22    0.00   -0.02    0.00    0.03    0.00    0.02   13.55    0.41    5.72    2.60   12.89
 125 192 317  271.37   -2.79    0.38   -3.17   -0.22    0.00   -0.01    0.00    0.03    0.00    0.02   13.36    0.42    7.01    2.91   12.72
 126 162 288  281.92   -2.84   -0.82   -2.02   -0.47    0.00    0.06    0.00    0.00    0.00   -0.01   16.76   -3.87   10.82   -8.84   21.18
 126 163 289  279.86   -3.76   -0.73   -3.03   -0.47    0.00    0.06    0.00    0.01    0.00   -0.01   16.55   -3.79   10.13   -8.43   20.95
 126 164 290  277.47   -3.51   -0.67   -2.83   -0.47    0.00    0.06    0.00    0.01    0.00   -0.01   16.54   -3.47   10.46   -8.03   20.59
 126 165 291  275.66   -4.45   -0.58   -3.87   -0.48    0.00    0.06    0.00    0.01    0.00   -0.01   16.38   -3.37    9.88   -7.56   20.35
 126 166 292  273.78   -3.95   -0.52   -3.42   -0.48    0.00    0.06    0.00    0.01    0.00   -0.01   16.50   -3.03    9.95   -7.16   19.83
 126 167 293  272.98   -4.14   -0.45   -3.70   -0.49    0.00    0.07    0.00    0.00    0.00   -0.02   17.04   -2.94    8.87   -6.68   18.82
 126 168 294  271.36   -3.64   -0.41   -3.23   -0.49    0.00    0.07    0.00    0.00    0.00   -0.01   16.89   -2.62    9.70   -6.34   18.57
 126 169 295  270.78   -3.87   -0.15   -3.72   -0.18    0.00    0.02    0.00    0.01    0.00    0.00   16.64   -2.92    8.65   -6.47   18.34
 126 170 296  268.98   -3.80   -0.14   -3.66   -0.18    0.00    0.02    0.00    0.01    0.00    0.00   16.12   -2.59    9.87   -6.11   18.52
 126 171 297  268.00   -4.68   -0.08   -4.61   -0.18    0.00    0.02    0.00    0.02    0.00    0.00   15.84   -2.50    9.05   -5.80   18.92
 126 172 298  266.77   -4.30   -0.07   -4.23   -0.18    0.00    0.02    0.00    0.02    0.00    0.00   16.05   -2.19    9.30   -5.42   18.36
 126 173 299  266.61   -4.61   -0.06   -4.55   -0.19    0.00    0.03    0.00    0.02    0.00    0.00   16.56   -2.11    8.23   -4.84   17.53
 126 174 300  265.44   -4.40   -0.04   -4.36   -0.19    0.00    0.03    0.00    0.02    0.00    0.00   16.26   -1.79    9.23   -4.50   17.46
 126 175 301  265.43   -4.81   -0.03   -4.78   -0.21    0.00    0.04    0.00    0.01    0.00    0.00   15.81   -1.65    8.09   -3.97   17.32
 126 176 302  264.54   -4.56   -0.03   -4.53   -0.21    0.00    0.04    0.00    0.01    0.00    0.00   15.75   -1.32    8.96   -3.62   17.05
 126 177 303  264.45   -5.29    0.07   -5.35   -0.23    0.00    0.04    0.00    0.01    0.00    0.00   15.15   -1.22    8.16   -3.29   17.12
 126 178 304  264.01   -4.82    0.06   -4.88   -0.23    0.00    0.04    0.00    0.01    0.00    0.00   15.25   -0.90    8.50   -2.97   16.67
 126 179 305  264.65   -5.06    0.16   -5.21   -0.24    0.00    0.05    0.00    0.02    0.00   -0.01   15.64   -0.76    7.44   -2.61   15.94
 126 180 306  264.48   -4.56    0.08   -4.64   -0.24    0.00    0.04    0.00    0.02    0.00    0.00   15.59   -0.48    8.24   -2.24   15.68
 126 181 307  265.99   -4.15    0.12   -4.28   -0.22    0.00    0.04    0.00    0.02    0.00    0.00   16.10   -0.50    6.56   -2.11   14.80
 126 182 308  265.68   -4.03    0.04   -4.07   -0.24    0.00    0.03    0.00    0.02    0.00    0.00   15.59   -0.13    8.38   -1.51   14.95
 126 183 309  267.33   -3.70    2.95   -6.66    0.03   -0.13   -0.01    0.03    0.04   -0.01   -0.03   15.60   -0.57    6.42   -1.67   14.80
 126 184 310  267.30   -3.52   -0.03   -3.49   -0.22    0.00    0.02    0.00    0.02    0.00    0.00   15.28    0.08    8.10   -0.97   14.52
 126 185 311  268.98   -3.39   -0.04   -3.34   -0.21    0.00    0.01    0.00    0.02    0.00    0.01   15.48    0.20    6.38   -0.45   14.49
 126 186 312  269.16   -3.21   -0.02   -3.19   -0.21    0.00    0.01    0.00    0.02    0.00    0.01   14.99    0.50    7.89   -0.16   14.27
 126 187 313  271.00   -3.14    0.09   -3.23   -0.21    0.00    0.00    0.00    0.02    0.00    0.01   14.62    0.56    6.23    0.22   14.12
 126 188 314  271.38   -2.99    0.08   -3.07   -0.21    0.00    0.00    0.00    0.02    0.00    0.01   14.54    0.87    7.69    0.57   13.92
 126 189 315  273.41   -2.95    0.28   -3.22   -0.21    0.00   -0.01    0.00    0.03    0.00    0.01   14.34    0.93    6.05    0.96   13.74
 126 190 316  273.99   -2.80    0.20   -3.01   -0.21    0.00   -0.01    0.00    0.03    0.00    0.01   14.19    1.25    7.49    1.31   13.54
 126 191 317  276.26   -2.72    0.45   -3.18   -0.22    0.00   -0.02    0.00    0.03    0.00    0.02   14.05    1.33    5.80    1.74   13.29
 126 192 318  277.04   -2.59    0.35   -2.94   -0.22    0.00   -0.02    0.00    0.03    0.00    0.02   13.89    1.61    7.29    2.03   13.09
