# Z   N   A      M      Etot    Emac    Emic     b2      b22     b3      b4      b42     b44     b5      b6      b7      b8      Bf
  98 134 232   61.80    2.35    1.68    0.67    0.39    0.04    0.00   -0.02    0.00    0.00    0.00   -0.01    0.00   -0.02    2.28
  98 135 233   62.03    2.06    1.60    0.47    0.38    0.00    0.00   -0.01    0.00    0.00    0.00   -0.02    0.00   -0.02    2.74
  98 136 234   61.20    2.20    1.83    0.37    0.39    0.03    0.00   -0.02    0.00    0.00    0.00   -0.02    0.00   -0.02    2.83
  98 137 235   61.99    2.18    2.30   -0.12    0.43    0.00    0.00   -0.04    0.00    0.00    0.00   -0.02    0.00   -0.01    3.45
  98 138 236   61.47    2.33    2.68   -0.35    0.43    0.00    0.00   -0.05    0.00    0.00    0.00   -0.03    0.00    0.00    3.62
  98 139 237   62.77    2.52    3.57   -1.05    0.47    0.00    0.00   -0.07    0.00    0.00    0.00   -0.03    0.00    0.01    4.63
  98 140 238   62.63    2.77    3.21   -0.45    0.46    0.00    0.00   -0.06    0.00    0.00    0.00   -0.03    0.00    0.01    4.78
  98 141 239   64.22    2.95    2.93    0.03    0.48    0.00    0.00   -0.05    0.00    0.00    0.00   -0.02    0.00    0.01    5.86
  98 142 240   64.36    3.19    2.98    0.22    0.46    0.00    0.00   -0.05    0.00    0.00    0.00   -0.03    0.00    0.01    5.90
  98 143 241   66.19    3.34    2.66    0.68    0.47    0.00    0.00   -0.04    0.00    0.00    0.00   -0.02    0.00    0.01    6.71
  98 144 242   66.33    3.31    2.70    0.61    0.47    0.17    0.00    0.05    0.00    0.00    0.00    0.01    0.00    0.00    6.61
  98 145 243   68.20    3.22    2.53    0.68    0.49    0.14    0.00    0.01    0.00    0.00    0.00    0.00    0.00    0.00    7.35
  98 146 244   68.51    3.08    2.55    0.54    0.48    0.15    0.00    0.03    0.00    0.00    0.00    0.00    0.00    0.01    6.88
  98 147 245   70.64    2.98    2.57    0.41    0.49    0.14    0.00    0.03    0.00    0.00    0.00    0.01    0.00    0.01    7.41
  98 148 246   71.15    2.78    2.59    0.19    0.48    0.15    0.00    0.03    0.00    0.00    0.00    0.00    0.00    0.01    6.86
  98 149 247   73.33    2.47    2.60   -0.13    0.47    0.15    0.00    0.02    0.00    0.00    0.00    0.00    0.00    0.01    7.08
  98 150 248   74.29    2.46    2.49   -0.03    0.47    0.14    0.00    0.03    0.00    0.00    0.00    0.00    0.00    0.01    6.79
  98 151 249   76.90    2.32    2.46   -0.15    0.46    0.14    0.00    0.04    0.00    0.00    0.00    0.00    0.00    0.01    7.36
  98 152 250   77.95    2.14    2.58   -0.44    0.46    0.15    0.00    0.04    0.00    0.00    0.00    0.00    0.00    0.01    6.67
  98 153 251   80.60    1.80    2.65   -0.86    0.46    0.14    0.00    0.05    0.00    0.00    0.00    0.00    0.00    0.02    6.26
  98 154 252   82.05    1.77    2.58   -0.82    0.47    0.14    0.00    0.05    0.00    0.00    0.00    0.00    0.00    0.01    5.98
  98 155 253   85.02    1.49    2.66   -1.17    0.50    0.13    0.00    0.05    0.00    0.00    0.00    0.01    0.00    0.01    5.62
  98 156 254   86.61    1.36    2.62   -1.26    0.50    0.13    0.00    0.05    0.00    0.00    0.00    0.00    0.00    0.01    5.19
  98 157 255   89.89    1.15    2.62   -1.47    0.51    0.13    0.00    0.05    0.00    0.00    0.00    0.00    0.00    0.00    5.00
  98 158 256   91.83    1.14    2.73   -1.59    0.51    0.14    0.00    0.05    0.00    0.00    0.00    0.00    0.00    0.00    4.73
  98 159 257   95.58    1.16    2.78   -1.62    0.54    0.13    0.00    0.03    0.00    0.00    0.00    0.00    0.00    0.00    4.99
  98 160 258   97.58    0.96    2.84   -1.87    0.55    0.13    0.00    0.03    0.00    0.00    0.00    0.00    0.00    0.00    4.48
  98 161 259  101.52    0.96    2.86   -1.90    0.55    0.13    0.00    0.03    0.00    0.00    0.00   -0.01    0.00    0.00    5.06
  98 162 260  103.93    0.94    2.86   -1.93    0.55    0.13    0.00    0.03    0.00    0.00    0.00   -0.01    0.00    0.00    4.59
  98 163 261  108.17    1.00    2.91   -1.91    0.56    0.13    0.00    0.03    0.00    0.00    0.00   -0.01    0.00    0.00    4.41
  98 164 262  110.78    0.96    2.91   -1.95    0.56    0.13    0.00    0.03    0.00    0.00    0.00   -0.01    0.00    0.00    4.10
  98 165 263  115.28    1.05    2.87   -1.82    0.56    0.13    0.00    0.04    0.00    0.00    0.00   -0.01    0.00    0.00    3.97
  98 166 264  118.09    1.00    2.81   -1.82    0.57    0.12    0.00    0.04    0.00    0.00    0.00   -0.01    0.00    0.00    3.71
  98 167 265  122.70    0.99    2.94   -1.95    0.58    0.13    0.00    0.04    0.00    0.00    0.00   -0.01    0.00    0.00    3.71
  98 168 266  125.81    1.01    2.81   -1.80    0.57    0.12    0.00    0.04    0.00    0.00    0.00   -0.01    0.00    0.00    3.62
  98 169 267  130.97    1.33    2.81   -1.48    0.58    0.12    0.00    0.05    0.00    0.00    0.00   -0.01    0.00    0.00    4.38
  98 170 268  133.96    1.03    2.87   -1.84    0.57    0.13    0.00    0.05    0.00    0.00    0.00   -0.01    0.00    0.00    3.85
  98 171 269  139.19    1.22    2.84   -1.62    0.58    0.11    0.00    0.04    0.00    0.00    0.00   -0.02    0.00    0.01    4.81
  98 172 270  142.54    1.06    2.75   -1.68    0.58    0.11    0.00    0.05    0.00    0.00    0.00   -0.01    0.00    0.01    4.48
  98 173 271  147.85    1.12    2.74   -1.61    0.56    0.09    0.00    0.04    0.00    0.00    0.00   -0.03    0.00    0.01    5.13
  98 174 272  151.48    1.05    2.73   -1.68    0.58    0.11    0.00    0.05    0.00    0.00    0.00   -0.01    0.00    0.01    5.13
  98 175 273  156.99    1.10    2.66   -1.56    0.58    0.05    0.00    0.04    0.00    0.00    0.00   -0.03    0.00    0.02    6.00
  98 176 274  160.63    0.85    2.54   -1.70    0.56    0.06    0.00    0.04    0.00    0.00    0.00   -0.03    0.00    0.01    5.58
  98 177 275  166.37    0.93    2.61   -1.68    0.58    0.05    0.00    0.05    0.00    0.00    0.00   -0.03    0.00    0.02    6.63
  98 178 276  170.34    0.80    2.54   -1.75    0.57    0.04    0.00    0.05    0.00    0.00    0.00   -0.03    0.00    0.02    6.17
  98 179 277  176.02    0.64    2.61   -1.97    0.57    0.04    0.00    0.06    0.00    0.00    0.00   -0.02    0.00    0.03    6.71
  98 180 278  180.18    0.50    2.42   -1.92    0.58    0.04    0.00    0.06    0.00    0.00    0.00   -0.02    0.00    0.02    6.49
  98 181 279  185.98    0.28    2.55   -2.27    0.57    0.05    0.00    0.09    0.00    0.00    0.00   -0.01    0.00    0.02    7.84
  98 182 280  190.32    0.13    2.41   -2.28    0.58    0.04    0.00    0.08    0.00    0.00    0.00   -0.01    0.00    0.02    6.93
  98 183 281  196.23   -0.18    2.43   -2.61    0.58    0.03    0.00    0.10    0.00    0.00    0.00   -0.01    0.00    0.01    7.65
  98 184 282  200.73   -0.34    2.29   -2.63    0.59    0.03    0.00    0.09    0.00    0.00    0.00   -0.01    0.00    0.01    7.14
  98 185 283  206.88   -0.59    2.30   -2.89    0.63    0.03    0.00    0.09    0.00    0.00    0.00   -0.02    0.00    0.01    5.72
  98 186 284  211.52   -0.79    2.22   -3.01    0.62    0.03    0.00    0.09    0.00    0.00    0.00   -0.01    0.00    0.01    5.43
  98 187 285  218.11   -0.79    2.37   -3.16    0.70    0.06    0.00    0.07    0.00    0.00    0.00   -0.03    0.00    0.01    4.59
  98 188 286  222.91   -1.01    2.20   -3.21    0.67    0.05    0.00    0.07    0.00    0.00    0.00   -0.02    0.00    0.01    4.00
  98 189 287  229.93   -0.75    2.48   -3.23    0.72    0.07    0.00    0.07    0.00    0.00    0.00   -0.04    0.00    0.01    4.13
  98 190 288  234.98   -0.89    2.31   -3.20    0.74    0.06    0.00    0.08    0.00    0.00    0.00   -0.04    0.00    0.01    3.52
  98 191 289  242.05   -0.76    2.54   -3.30    0.74    0.08    0.00    0.09    0.00    0.00    0.00   -0.05    0.00    0.00    3.53
  98 192 290  247.30   -0.88    2.30   -3.17    0.75    0.08    0.00    0.08    0.00    0.00    0.00   -0.04    0.00    0.00    3.08
  99 135 234   69.52    2.21    1.92    0.29    0.42    0.00    0.00   -0.03    0.00    0.00    0.00   -0.02    0.00   -0.02    2.82
  99 136 235   68.80    2.56    1.91    0.65    0.41    0.00    0.00   -0.03    0.00    0.00    0.00   -0.02    0.00   -0.02    3.30
  99 137 236   69.46    2.75    1.95    0.80    0.44    0.00    0.00   -0.03    0.00    0.00    0.00   -0.02    0.00   -0.01    4.18
  99 138 237   68.86    2.91    1.98    0.93    0.44    0.00    0.00   -0.03    0.00    0.00    0.00   -0.02    0.00   -0.01    4.37
  99 139 238   69.71    2.99    3.15   -0.15    0.45    0.00    0.00   -0.06    0.00    0.00    0.00   -0.04    0.00    0.01    5.32
  99 140 239   69.23    2.98    2.42    0.56    0.44    0.18    0.00    0.06    0.00    0.00    0.00    0.00    0.00    0.00    5.23
  99 141 240   70.28    2.98    2.78    0.20    0.43    0.20    0.00    0.07    0.00    0.00    0.00    0.00    0.00    0.00    6.14
  99 142 241   70.11    2.98    2.71    0.28    0.44    0.19    0.00    0.07    0.00    0.00    0.00    0.00    0.00    0.00    6.01
  99 143 242   71.66    3.20    3.48   -0.28    0.44    0.20    0.00    0.10    0.00    0.00    0.00    0.02    0.00    0.00    7.01
  99 144 243   71.54    2.98    2.76    0.21    0.44    0.19    0.00    0.07    0.00    0.00    0.00    0.00    0.00    0.00    6.72
  99 145 244   73.23    3.06    3.32   -0.26    0.45    0.20    0.00    0.09    0.00    0.00    0.00    0.01    0.00    0.01    7.72
  99 146 245   73.45    2.91    2.77    0.14    0.44    0.19    0.00    0.06    0.00    0.00    0.00   -0.01    0.00    0.01    7.25
  99 147 246   75.38    2.95    2.23    0.72    0.44    0.15    0.00    0.02    0.00    0.00    0.00   -0.01    0.00    0.01    7.99
  99 148 247   75.85    2.78    2.50    0.27    0.44    0.17    0.00    0.05    0.00    0.00    0.00   -0.01    0.00    0.01    7.50
  99 149 248   77.75    2.53    2.48    0.05    0.44    0.17    0.00    0.04    0.00    0.00    0.00   -0.01    0.00    0.01    7.87
  99 150 249   78.61    2.49    2.44    0.05    0.44    0.16    0.00    0.05    0.00    0.00    0.00   -0.01    0.00    0.01    7.53
  99 151 250   80.73    2.20    2.37   -0.17    0.45    0.15    0.00    0.05    0.00    0.00    0.00    0.00    0.00    0.01    8.06
  99 152 251   81.79    2.10    2.47   -0.37    0.44    0.16    0.00    0.05    0.00    0.00    0.00   -0.01    0.00    0.01    7.42
  99 153 252   84.05    1.70    2.47   -0.78    0.45    0.15    0.00    0.06    0.00    0.00    0.00    0.00    0.00    0.01    6.95
  99 154 253   85.47    1.71    2.46   -0.75    0.44    0.15    0.00    0.06    0.00    0.00    0.00    0.00    0.00    0.01    6.66
  99 155 254   87.70    1.03    2.82   -1.80    0.42    0.15    0.00    0.08    0.00    0.00    0.00    0.00    0.00    0.02    5.88
  99 156 255   89.51    1.18    2.60   -1.42    0.43    0.15    0.00    0.07    0.00    0.00    0.00   -0.01    0.00    0.01    5.69
  99 157 256   92.28    0.80    2.68   -1.88    0.42    0.13    0.00    0.08    0.00    0.00    0.00   -0.01    0.00    0.02    5.32
  99 158 257   94.23    0.86    2.69   -1.83    0.42    0.13    0.00    0.08    0.00    0.00    0.00   -0.01    0.00    0.02    5.04
  99 159 258   97.64    0.87    2.63   -1.76    0.55    0.14    0.00    0.04    0.00    0.00    0.00    0.00    0.00    0.00    5.26
  99 160 259   99.50    0.60    2.59   -1.98    0.42    0.13    0.00    0.08    0.00    0.00    0.00   -0.01    0.00    0.01    4.63
  99 161 260  103.17    0.64    2.69   -2.05    0.56    0.14    0.00    0.04    0.00    0.00    0.00   -0.01    0.00    0.00    5.19
  99 162 261  105.53    0.64    2.69   -2.05    0.56    0.14    0.00    0.04    0.00    0.00    0.00    0.00    0.00    0.00    4.71
  99 163 262  109.45    0.71    2.71   -2.00    0.56    0.14    0.00    0.04    0.00    0.00    0.00   -0.01    0.00    0.00    4.58
  99 164 263  112.01    0.68    2.71   -2.04    0.56    0.14    0.00    0.04    0.00    0.00    0.00   -0.01    0.00    0.00    4.20
  99 165 264  116.10    0.69    2.72   -2.03    0.57    0.14    0.00    0.05    0.00    0.00    0.00   -0.01    0.00    0.00    3.99
  99 166 265  118.90    0.68    2.72   -2.05    0.57    0.14    0.00    0.05    0.00    0.00    0.00   -0.01    0.00    0.00    3.78
  99 167 266  123.26    0.73    2.81   -2.08    0.59    0.14    0.00    0.04    0.00    0.00    0.00   -0.01    0.00    0.00    3.65
  99 168 267  126.25    0.70    2.75   -2.05    0.58    0.14    0.00    0.05    0.00    0.00    0.00   -0.01    0.00    0.00    3.50
  99 169 268  130.94    0.88    2.83   -1.96    0.60    0.14    0.00    0.05    0.00    0.00    0.00   -0.01    0.00    0.01    3.78
  99 170 269  134.07    0.76    2.81   -2.04    0.59    0.14    0.00    0.05    0.00    0.00    0.00   -0.01    0.00    0.01    3.52
  99 171 270  139.08    1.04    2.81   -1.77    0.60    0.14    0.00    0.06    0.00    0.00    0.00   -0.01    0.00    0.01    4.20
  99 172 271  142.31    0.83    2.82   -1.99    0.60    0.14    0.00    0.05    0.00    0.00    0.00   -0.01    0.00    0.01    3.79
  99 173 272  147.38    0.96    2.80   -1.84    0.60    0.14    0.00    0.06    0.00    0.00    0.00   -0.01    0.00    0.01    4.46
  99 174 273  150.89    0.82    2.79   -1.97    0.60    0.14    0.00    0.06    0.00    0.00    0.00   -0.01    0.00    0.01    4.31
  99 175 274  156.12    0.92    2.79   -1.88    0.60    0.14    0.00    0.07    0.00    0.00    0.00   -0.01    0.00    0.01    5.18
  99 176 275  159.84    0.78    2.77   -1.99    0.60    0.14    0.00    0.06    0.00    0.00    0.00   -0.01    0.00    0.01    4.89
  99 177 276  165.40    1.00    2.25   -1.25    0.58    0.04    0.00    0.05    0.00    0.00    0.00   -0.03    0.00    0.01    6.10
  99 178 277  169.15    0.70    2.76   -2.05    0.60    0.14    0.00    0.07    0.00    0.00    0.00   -0.01    0.00    0.01    5.41
  99 179 278  174.76    0.78    2.74   -1.96    0.60    0.14    0.00    0.07    0.00    0.00    0.00    0.00    0.00    0.01    6.03
  99 180 279  178.84    0.62    2.11   -1.49    0.57    0.04    0.00    0.07    0.00    0.00    0.00   -0.02    0.00    0.01    5.73
  99 181 280  184.34    0.39    2.27   -1.87    0.57    0.04    0.00    0.08    0.00    0.00    0.00   -0.02    0.00    0.02    6.50
  99 182 281  188.60    0.22    2.22   -2.01    0.57    0.03    0.00    0.08    0.00    0.00    0.00   -0.02    0.00    0.02    5.99
  99 183 282  194.18   -0.12    2.12   -2.23    0.59    0.00    0.00    0.09    0.00    0.00    0.00   -0.02    0.00    0.01    6.68
  99 184 283  198.68   -0.23    2.10   -2.33    0.59    0.00    0.00    0.09    0.00    0.00    0.00   -0.02    0.00    0.01    6.19
  99 185 284  204.29   -0.72    2.07   -2.79    0.61    0.03    0.00    0.09    0.00    0.00    0.00   -0.02    0.00    0.01    4.79
  99 186 285  209.04   -0.77    2.05   -2.82    0.60    0.02    0.00    0.09    0.00    0.00    0.00   -0.02    0.00    0.01    4.54
  99 187 286  215.16   -0.92    1.70   -2.62    0.49    0.00    0.00    0.05    0.00    0.00    0.00   -0.01    0.00    0.01    3.76
  99 188 287  220.03   -1.04    1.71   -2.75    0.49    0.00    0.00    0.06    0.00    0.00    0.00    0.00    0.00    0.01    3.30
  99 189 288  226.72   -0.80    1.67   -2.47    0.50    0.00    0.00    0.04    0.00    0.00    0.00   -0.01    0.00    0.01    3.30
  99 190 289  231.77   -0.91    1.65   -2.56    0.50    0.00    0.00    0.04    0.00    0.00    0.00   -0.01    0.00    0.01    2.79
  99 191 290  238.46   -0.84    1.69   -2.54    0.49    0.00    0.00    0.03    0.00    0.00    0.00   -0.02    0.00    0.01    2.69
  99 192 291  243.66   -0.98    1.72   -2.69    0.49    0.00    0.00    0.02    0.00    0.00    0.00   -0.02    0.00    0.01    2.17
 100 136 236   74.44    2.53    1.41    1.13    0.40    0.00    0.00   -0.02    0.00    0.00    0.00   -0.02    0.00   -0.01    2.62
 100 137 237   74.82    2.53    1.98    0.55    0.44    0.00    0.00   -0.04    0.00    0.00    0.00   -0.02    0.00   -0.01    3.30
 100 138 238   73.94    2.76    1.97    0.79    0.43    0.00    0.00   -0.04    0.00    0.00    0.00   -0.02    0.00   -0.01    3.58
 100 139 239   74.80    2.94    2.74    0.20    0.45    0.00    0.00   -0.06    0.00    0.00    0.00   -0.03    0.00    0.01    4.64
 100 140 240   74.03    2.99    2.20    0.78    0.45    0.18    0.00    0.06    0.00    0.00    0.00    0.00    0.00    0.00    4.61
 100 141 241   75.07    3.05    2.33    0.72    0.43    0.19    0.00    0.06    0.00    0.00    0.00    0.00    0.00    0.00    5.60
 100 142 242   74.45    2.96    2.49    0.47    0.45    0.19    0.00    0.07    0.00    0.00    0.00    0.00    0.00    0.00    5.38
 100 143 243   75.76    3.01    2.96    0.05    0.44    0.20    0.00    0.09    0.00    0.00    0.00    0.01    0.00    0.00    6.23
 100 144 244   75.42    2.91    2.54    0.37    0.44    0.19    0.00    0.07    0.00    0.00    0.00    0.00    0.00    0.00    6.07
 100 145 245   77.05    3.01    2.80    0.21    0.46    0.19    0.00    0.08    0.00    0.00    0.00    0.01    0.00    0.01    7.09
 100 146 246   76.89    2.82    2.65    0.17    0.44    0.19    0.00    0.07    0.00    0.00    0.00    0.00    0.00    0.01    6.61
 100 147 247   78.70    2.82    2.60    0.22    0.45    0.19    0.00    0.06    0.00    0.00    0.00   -0.01    0.00    0.01    7.32
 100 148 248   78.85    2.67    2.36    0.31    0.44    0.17    0.00    0.06    0.00    0.00    0.00    0.00    0.00    0.01    6.89
 100 149 249   80.75    2.49    2.35    0.15    0.45    0.17    0.00    0.05    0.00    0.00    0.00   -0.01    0.00    0.01    7.40
 100 150 250   81.17    2.35    2.25    0.11    0.45    0.16    0.00    0.05    0.00    0.00    0.00    0.00    0.00    0.01    6.99
 100 151 251   83.23    2.07    2.24   -0.17    0.45    0.15    0.00    0.06    0.00    0.00    0.00    0.00    0.00    0.01    7.60
 100 152 252   83.93    1.95    2.26   -0.31    0.45    0.15    0.00    0.06    0.00    0.00    0.00    0.00    0.00    0.01    6.98
 100 153 253   86.11    1.54    2.41   -0.88    0.46    0.15    0.00    0.06    0.00    0.00    0.00    0.00    0.00    0.02    6.55
 100 154 254   87.14    1.49    2.41   -0.93    0.45    0.15    0.00    0.06    0.00    0.00    0.00    0.00    0.00    0.02    6.21
 100 155 255   89.50    1.01    2.27   -1.27    0.49    0.14    0.00    0.06    0.00    0.00    0.00    0.00    0.00    0.01    5.71
 100 156 256   90.84    1.02    2.42   -1.40    0.45    0.15    0.00    0.07    0.00    0.00    0.00    0.00    0.00    0.01    5.40
 100 157 257   93.56    0.65    2.41   -1.76    0.40    0.12    0.00    0.08    0.00    0.00    0.00   -0.01    0.00    0.02    5.13
 100 158 258   95.13    0.66    2.49   -1.83    0.41    0.13    0.00    0.08    0.00    0.00    0.00    0.00    0.00    0.02    4.82
 100 159 259   98.43    0.63    2.27   -1.63    0.55    0.13    0.00    0.04    0.00    0.00    0.00    0.00    0.00    0.00    5.08
 100 160 260  100.04    0.44    2.42   -1.98    0.57    0.14    0.00    0.04    0.00    0.00    0.00    0.00    0.00    0.00    4.55
 100 161 261  103.60    0.43    2.33   -1.90    0.56    0.13    0.00    0.04    0.00    0.00    0.00   -0.01    0.00    0.00    5.17
 100 162 262  105.64    0.44    2.46   -2.02    0.57    0.14    0.00    0.04    0.00    0.00    0.00   -0.01    0.00    0.00    4.74
 100 163 263  109.50    0.50    2.35   -1.85    0.56    0.13    0.00    0.04    0.00    0.00    0.00   -0.01    0.00    0.00    4.54
 100 164 264  111.71    0.45    2.45   -2.01    0.56    0.14    0.00    0.04    0.00    0.00    0.00   -0.01    0.00    0.00    4.13
 100 165 265  115.78    0.50    2.35   -1.86    0.57    0.13    0.00    0.05    0.00    0.00    0.00   -0.01    0.00    0.00    3.85
 100 166 266  118.25    0.48    2.39   -1.91    0.57    0.13    0.00    0.04    0.00    0.00    0.00   -0.01    0.00    0.00    3.62
 100 167 267  122.48    0.47    2.38   -1.91    0.58    0.13    0.00    0.05    0.00    0.00    0.00   -0.01    0.00    0.00    3.51
 100 168 268  125.20    0.48    2.37   -1.88    0.57    0.13    0.00    0.05    0.00    0.00    0.00   -0.01    0.00    0.00    3.38
 100 169 269  129.96    0.78    2.38   -1.61    0.58    0.13    0.00    0.05    0.00    0.00    0.00   -0.01    0.00    0.00    3.84
 100 170 270  132.60    0.50    2.38   -1.88    0.58    0.13    0.00    0.05    0.00    0.00    0.00   -0.01    0.00    0.00    3.42
 100 171 271  137.53    0.75    2.42   -1.67    0.59    0.13    0.00    0.06    0.00    0.00    0.00   -0.01    0.00    0.01    4.36
 100 172 272  140.44    0.54    2.41   -1.88    0.58    0.13    0.00    0.06    0.00    0.00    0.00   -0.01    0.00    0.01    3.94
 100 173 273  145.48    0.69    2.42   -1.72    0.59    0.13    0.00    0.06    0.00    0.00    0.00   -0.01    0.00    0.01    4.62
 100 174 274  148.64    0.52    2.41   -1.89    0.58    0.13    0.00    0.06    0.00    0.00    0.00   -0.01    0.00    0.01    4.48
 100 175 275  153.85    0.64    2.56   -1.92    0.59    0.14    0.00    0.08    0.00    0.00    0.00    0.00    0.00    0.01    5.37
 100 176 276  157.19    0.44    2.41   -1.98    0.58    0.13    0.00    0.07    0.00    0.00    0.00   -0.01    0.00    0.01    5.01
 100 177 277  162.54    0.51    2.00   -1.50    0.58    0.07    0.00    0.06    0.00    0.00    0.00   -0.02    0.00    0.01    6.01
 100 178 278  166.13    0.36    2.22   -1.86    0.58    0.11    0.00    0.07    0.00    0.00    0.00   -0.01    0.00    0.01    5.52
 100 179 279  171.55    0.29    2.31   -2.02    0.57    0.10    0.00    0.08    0.00    0.00    0.00   -0.01    0.00    0.02    5.99
 100 180 280  175.30    0.10    2.06   -1.96    0.57    0.06    0.00    0.07    0.00    0.00    0.00   -0.02    0.00    0.02    5.66
 100 181 281  180.77   -0.10    2.16   -2.26    0.57    0.07    0.00    0.08    0.00    0.00    0.00   -0.02    0.00    0.02    6.41
 100 182 282  184.76   -0.23    2.01   -2.24    0.58    0.04    0.00    0.08    0.00    0.00    0.00   -0.02    0.00    0.02    5.96
 100 183 283  190.34   -0.52    1.95   -2.47    0.58    0.03    0.00    0.10    0.00    0.00    0.00   -0.01    0.00    0.01    6.65
 100 184 284  194.55   -0.62    1.78   -2.40    0.59    0.00    0.00    0.09    0.00    0.00    0.00   -0.01    0.00    0.01    6.17
 100 185 285  200.13   -1.10    1.82   -2.91    0.61    0.03    0.00    0.09    0.00    0.00    0.00   -0.02    0.00    0.01    4.70
 100 186 286  204.60   -1.12    1.72   -2.84    0.60    0.00    0.00    0.09    0.00    0.00    0.00   -0.01    0.00    0.01    4.47
 100 187 287  210.61   -1.35    1.71   -3.06    0.65    0.00    0.00    0.08    0.00    0.00    0.00   -0.03    0.00    0.01    3.60
 100 188 288  215.13   -1.50    1.70   -3.21    0.62    0.02    0.00    0.09    0.00    0.00    0.00   -0.02    0.00    0.01    3.09
 100 189 289  221.73   -1.32    1.58   -2.91    0.50    0.00    0.00    0.04    0.00    0.00    0.00   -0.02    0.00    0.01    3.10
 100 190 290  226.39   -1.51    1.56   -3.08    0.49    0.00    0.00    0.03    0.00    0.00    0.00   -0.02    0.00    0.01    2.48
 100 191 291  233.16   -1.33    1.56   -2.90    0.49    0.00    0.00    0.02    0.00    0.00    0.00   -0.02    0.00    0.00    2.56
 100 192 292  238.03   -1.49    1.55   -3.03    0.49    0.00    0.00    0.02    0.00    0.00    0.00   -0.02    0.00    0.00    2.05
 101 137 238   82.44    2.39    2.14    0.25    0.44    0.20    0.00    0.06    0.00    0.00    0.00   -0.01    0.00   -0.01    3.29
 101 138 239   81.26    2.40    2.02    0.37    0.45    0.19    0.00    0.06    0.00    0.00    0.00    0.00    0.00   -0.01    3.33
 101 139 240   81.62    2.43    2.21    0.22    0.42    0.19    0.00    0.07    0.00    0.00    0.00   -0.01    0.00   -0.01    4.13
 101 140 241   80.66    2.36    2.24    0.12    0.43    0.19    0.00    0.07    0.00    0.00    0.00   -0.01    0.00   -0.01    4.05
 101 141 242   81.28    2.36    2.51   -0.15    0.42    0.20    0.00    0.08    0.00    0.00    0.00   -0.01    0.00    0.00    4.94
 101 142 243   80.67    2.35    2.54   -0.19    0.42    0.20    0.00    0.08    0.00    0.00    0.00   -0.01    0.00    0.00    4.85
 101 143 244   81.54    2.31    2.82   -0.52    0.44    0.21    0.00    0.09    0.00    0.00    0.00    0.00    0.00    0.00    5.70
 101 144 245   81.21    2.30    2.60   -0.30    0.43    0.20    0.00    0.08    0.00    0.00    0.00   -0.01    0.00    0.00    5.59
 101 145 246   82.34    2.23    3.02   -0.79    0.45    0.20    0.00    0.10    0.00    0.00    0.00    0.01    0.00    0.01    6.48
 101 146 247   82.28    2.22    2.96   -0.75    0.43    0.21    0.00    0.09    0.00    0.00    0.00   -0.01    0.00    0.00    6.22
 101 147 248   83.69    2.17    2.94   -0.78    0.43    0.21    0.00    0.08    0.00    0.00    0.00   -0.02    0.00    0.01    6.94
 101 148 249   83.89    2.14    2.91   -0.77    0.44    0.20    0.00    0.09    0.00    0.00    0.00    0.00    0.00    0.01    6.72
 101 149 250   85.55    2.06    2.79   -0.73    0.45    0.20    0.00    0.08    0.00    0.00    0.00   -0.01    0.00    0.01    7.45
 101 150 251   85.91    1.93    2.81   -0.88    0.44    0.20    0.00    0.08    0.00    0.00    0.00   -0.01    0.00    0.01    7.09
 101 151 252   87.71    1.73    2.57   -0.85    0.45    0.18    0.00    0.08    0.00    0.00    0.00    0.00    0.00    0.01    7.91
 101 152 253   88.41    1.68    2.49   -0.81    0.45    0.18    0.00    0.07    0.00    0.00    0.00   -0.01    0.00    0.01    7.38
 101 153 254   90.27    1.28    2.39   -1.12    0.45    0.16    0.00    0.07    0.00    0.00    0.00    0.00    0.00    0.02    7.03
 101 154 255   91.27    1.27    2.29   -1.02    0.45    0.16    0.00    0.07    0.00    0.00    0.00    0.00    0.00    0.01    6.69
 101 155 256   93.13    0.62    2.42   -1.81    0.44    0.16    0.00    0.07    0.00    0.00    0.00    0.00    0.00    0.02    6.06
 101 156 257   94.54    0.77    2.34   -1.57    0.44    0.16    0.00    0.07    0.00    0.00    0.00   -0.01    0.00    0.01    5.82
 101 157 258   97.10    0.57    2.67   -2.10    0.36    0.08    0.00    0.10    0.00    0.00    0.00    0.00    0.00    0.03    5.77
 101 158 259   98.61    0.58    2.70   -2.12    0.36    0.08    0.00    0.10    0.00    0.00    0.00   -0.01    0.00    0.03    5.36
 101 159 260  101.32    0.29    2.14   -1.85    0.57    0.14    0.00    0.04    0.00    0.00    0.00    0.00    0.00   -0.01    5.30
 101 160 261  103.07    0.30    2.68   -2.38    0.36    0.07    0.00    0.10    0.00    0.00    0.00   -0.01    0.00    0.03    4.95
 101 161 262  106.25    0.25    2.20   -1.95    0.57    0.14    0.00    0.04    0.00    0.00    0.00   -0.01    0.00   -0.01    5.61
 101 162 263  108.29    0.31    2.22   -1.91    0.58    0.14    0.00    0.04    0.00    0.00    0.00   -0.01    0.00   -0.01    5.23
 101 163 264  111.74    0.29    2.19   -1.90    0.57    0.14    0.00    0.05    0.00    0.00    0.00   -0.01    0.00   -0.01    4.97
 101 164 265  113.93    0.28    2.11   -1.83    0.58    0.13    0.00    0.05    0.00    0.00    0.00   -0.01    0.00   -0.01    4.56
 101 165 266  117.66    0.31    2.18   -1.87    0.57    0.14    0.00    0.05    0.00    0.00    0.00   -0.01    0.00    0.00    4.15
 101 166 267  120.09    0.31    2.12   -1.82    0.58    0.13    0.00    0.05    0.00    0.00    0.00   -0.01    0.00   -0.01    3.92
 101 167 268  123.98    0.28    2.04   -1.76    0.59    0.12    0.00    0.05    0.00    0.00    0.00   -0.01    0.00   -0.01    3.64
 101 168 269  126.73    0.38    2.10   -1.72    0.58    0.13    0.00    0.05    0.00    0.00    0.00   -0.01    0.00    0.00    3.55
 101 169 270  130.98    0.49    2.00   -1.52    0.59    0.12    0.00    0.06    0.00    0.00    0.00   -0.01    0.00    0.00    3.69
 101 170 271  133.70    0.34    2.00   -1.66    0.59    0.12    0.00    0.06    0.00    0.00    0.00   -0.01    0.00    0.00    3.35
 101 171 272  138.27    0.56    2.08   -1.52    0.59    0.12    0.00    0.06    0.00    0.00    0.00   -0.02    0.00    0.00    3.92
 101 172 273  141.16    0.37    2.01   -1.64    0.59    0.12    0.00    0.06    0.00    0.00    0.00   -0.01    0.00    0.00    3.50
 101 173 274  145.98    0.62    2.12   -1.49    0.58    0.13    0.00    0.07    0.00    0.00    0.00   -0.01    0.00    0.00    4.31
 101 174 275  149.03    0.38    2.01   -1.63    0.59    0.12    0.00    0.07    0.00    0.00    0.00   -0.01    0.00    0.00    3.99
 101 175 276  153.93    0.51    2.11   -1.60    0.58    0.13    0.00    0.07    0.00    0.00    0.00   -0.01    0.00    0.00    4.87
 101 176 277  157.32    0.42    2.11   -1.69    0.58    0.13    0.00    0.07    0.00    0.00    0.00   -0.01    0.00    0.00    4.60
 101 177 278  162.29    0.41    2.04   -1.62    0.58    0.11    0.00    0.07    0.00    0.00    0.00   -0.02    0.00    0.01    5.56
 101 178 279  165.88    0.31    2.09   -1.78    0.58    0.12    0.00    0.08    0.00    0.00    0.00   -0.01    0.00    0.01    5.04
 101 179 280  171.04    0.30    2.00   -1.69    0.58    0.11    0.00    0.08    0.00    0.00    0.00   -0.01    0.00    0.01    5.43
 101 180 281  174.79    0.16    2.09   -1.93    0.57    0.12    0.00    0.08    0.00    0.00    0.00   -0.01    0.00    0.01    5.10
 101 181 282  179.86   -0.13    0.90   -1.03    0.27    0.03    0.00    0.02    0.00    0.00    0.00    0.02    0.00    0.00    5.71
 101 182 283  183.76   -0.31    0.89   -1.21    0.27    0.03    0.00    0.02    0.00    0.00    0.00    0.02    0.00    0.00    5.12
 101 183 284  189.23   -0.40    0.84   -1.24    0.26    0.02    0.00    0.02    0.00    0.00    0.00    0.02    0.00    0.00    5.95
 101 184 285  193.31   -0.59    0.92   -1.52    0.26    0.04    0.00    0.03    0.00    0.00    0.00    0.02    0.00    0.00    5.36
 101 185 286  198.91   -0.74    1.57   -2.31    0.24    0.16    0.00    0.05    0.00    0.00    0.00    0.01    0.00    0.00    4.29
 101 186 287  203.21   -0.89    1.29   -2.18    0.37    0.08    0.00    0.01    0.00    0.00    0.00    0.00    0.00   -0.01    4.01
 101 187 288  209.20   -0.83    1.81   -2.64    0.44    0.00    0.00    0.01    0.00    0.00    0.00   -0.04    0.00    0.00    3.38
 101 188 289  213.75   -0.92    1.59   -2.51    0.45    0.00    0.00    0.01    0.00    0.00    0.00   -0.03    0.00    0.00    3.00
 101 189 290  220.04   -0.73    1.80   -2.53    0.45    0.00    0.00   -0.01    0.00    0.00    0.00   -0.03    0.00    0.00    2.88
 101 190 291  224.84   -0.75    1.78   -2.54    0.45    0.00    0.00   -0.01    0.00    0.00    0.00   -0.03    0.00    0.00    2.42
 101 191 292  231.27   -0.62    1.76   -2.38    0.47    0.05    0.00   -0.01    0.00    0.00    0.00   -0.02    0.00    0.00    2.64
 101 192 293  236.16   -0.72    1.58   -2.30    0.47    0.04    0.00    0.00    0.00    0.00    0.00   -0.02    0.00    0.00    2.13
 102 138 240   87.47    2.53    1.75    0.78    0.45    0.18    0.00    0.07    0.00    0.00    0.00    0.00    0.00   -0.01    2.87
 102 139 241   87.77    2.57    1.95    0.63    0.42    0.19    0.00    0.07    0.00    0.00    0.00    0.00    0.00   -0.01    3.81
 102 140 242   86.45    2.50    2.10    0.41    0.42    0.19    0.00    0.08    0.00    0.00    0.00    0.00    0.00    0.00    3.63
 102 141 243   86.95    2.45    2.25    0.20    0.42    0.20    0.00    0.08    0.00    0.00    0.00    0.00    0.00    0.00    4.47
 102 142 244   86.03    2.48    2.17    0.31    0.42    0.19    0.00    0.08    0.00    0.00    0.00    0.00    0.00    0.00    4.42
 102 143 245   86.79    2.41    2.72   -0.31    0.44    0.20    0.00    0.10    0.00    0.00    0.00    0.01    0.00    0.01    5.18
 102 144 246   86.11    2.39    2.51   -0.12    0.43    0.20    0.00    0.09    0.00    0.00    0.00    0.00    0.00    0.00    5.10
 102 145 247   87.09    2.26    2.74   -0.49    0.46    0.20    0.00    0.10    0.00    0.00    0.00    0.01    0.00    0.01    5.90
 102 146 248   86.70    2.25    2.61   -0.36    0.44    0.20    0.00    0.09    0.00    0.00    0.00    0.00    0.00    0.01    5.66
 102 147 249   88.07    2.23    3.05   -0.83    0.45    0.20    0.00    0.11    0.00    0.00    0.00    0.01    0.00    0.01    6.39
 102 148 250   87.85    2.12    2.67   -0.55    0.44    0.20    0.00    0.09    0.00    0.00    0.00    0.00    0.00    0.01    6.13
 102 149 251   89.46    2.07    2.41   -0.34    0.45    0.19    0.00    0.08    0.00    0.00    0.00    0.00    0.00    0.01    6.92
 102 150 252   89.51    1.96    2.59   -0.64    0.45    0.19    0.00    0.09    0.00    0.00    0.00    0.00    0.00    0.01    6.59
 102 151 253   91.20    1.72    2.24   -0.51    0.45    0.17    0.00    0.08    0.00    0.00    0.00    0.00    0.00    0.01    7.42
 102 152 254   91.54    1.64    2.26   -0.62    0.45    0.17    0.00    0.08    0.00    0.00    0.00    0.00    0.00    0.01    6.88
 102 153 255   93.30    1.21    2.17   -0.96    0.45    0.16    0.00    0.07    0.00    0.00    0.00    0.00    0.00    0.02    6.53
 102 154 256   93.95    1.19    2.20   -1.01    0.45    0.16    0.00    0.08    0.00    0.00    0.00    0.00    0.00    0.01    6.23
 102 155 257   95.87    0.67    2.32   -1.65    0.39    0.13    0.00    0.09    0.00    0.00    0.00    0.00    0.00    0.02    5.80
 102 156 258   96.79    0.66    2.28   -1.62    0.43    0.15    0.00    0.08    0.00    0.00    0.00    0.00    0.00    0.02    5.46
 102 157 259   99.36    0.54    2.18   -1.64    0.36    0.10    0.00    0.08    0.00    0.00    0.00   -0.01    0.00    0.03    5.59
 102 158 260  100.45    0.46    1.89   -1.43    0.36    0.10    0.00    0.07    0.00    0.00    0.00   -0.02    0.00    0.02    5.15
 102 159 261  103.16    0.23    2.32   -2.09    0.37    0.07    0.00    0.10    0.00    0.00    0.00   -0.01    0.00    0.02    5.30
 102 160 262  104.62    0.28    2.33   -2.05    0.37    0.07    0.00    0.10    0.00    0.00    0.00   -0.01    0.00    0.02    5.02
 102 161 263  107.53    0.02    2.55   -2.53    0.39    0.08    0.00    0.10    0.00    0.00    0.00   -0.01    0.00    0.03    5.46
 102 162 264  109.12   -0.04    1.88   -1.92    0.57    0.14    0.00    0.04    0.00    0.00    0.00   -0.01    0.00    0.00    4.96
 102 163 265  112.54   -0.04    1.80   -1.84    0.57    0.13    0.00    0.05    0.00    0.00    0.00   -0.01    0.00   -0.01    4.71
 102 164 266  114.42   -0.03    1.78   -1.81    0.57    0.13    0.00    0.05    0.00    0.00    0.00   -0.01    0.00    0.00    4.29
 102 165 267  118.05   -0.05    1.80   -1.84    0.56    0.13    0.00    0.05    0.00    0.00    0.00   -0.01    0.00    0.00    3.86
 102 166 268  120.17   -0.03    1.90   -1.93    0.57    0.14    0.00    0.05    0.00    0.00    0.00   -0.01    0.00    0.00    3.69
 102 167 269  124.11    0.04    1.80   -1.76    0.59    0.13    0.00    0.05    0.00    0.00    0.00   -0.01    0.00    0.00    3.52
 102 168 270  126.38   -0.01    1.80   -1.82    0.58    0.13    0.00    0.06    0.00    0.00    0.00   -0.01    0.00    0.00    3.27
 102 169 271  130.64    0.16    1.80   -1.64    0.59    0.13    0.00    0.06    0.00    0.00    0.00   -0.01    0.00    0.00    3.51
 102 170 272  133.05    0.02    1.80   -1.78    0.59    0.13    0.00    0.06    0.00    0.00    0.00   -0.01    0.00    0.00    3.19
 102 171 273  137.60    0.27    1.96   -1.69    0.59    0.14    0.00    0.07    0.00    0.00    0.00   -0.01    0.00    0.01    3.93
 102 172 274  140.13    0.04    1.82   -1.78    0.59    0.13    0.00    0.07    0.00    0.00    0.00   -0.01    0.00    0.00    3.46
 102 173 275  144.76    0.16    1.87   -1.71    0.59    0.13    0.00    0.07    0.00    0.00    0.00   -0.01    0.00    0.01    4.08
 102 174 276  147.57    0.00    1.87   -1.86    0.59    0.13    0.00    0.07    0.00    0.00    0.00   -0.01    0.00    0.01    3.91
 102 175 277  152.35    0.06    2.00   -1.94    0.59    0.14    0.00    0.08    0.00    0.00    0.00   -0.01    0.00    0.01    4.72
 102 176 278  155.39   -0.08    1.90   -1.98    0.59    0.13    0.00    0.08    0.00    0.00    0.00   -0.01    0.00    0.01    4.39
 102 177 279  160.38   -0.01    1.03   -1.05    0.26    0.00    0.00    0.01    0.00    0.00    0.00    0.03    0.00    0.01    5.41
 102 178 280  163.59   -0.19    1.91   -2.10    0.58    0.13    0.00    0.08    0.00    0.00    0.00   -0.01    0.00    0.01    4.86
 102 179 281  168.80   -0.09    1.83   -1.93    0.57    0.11    0.00    0.09    0.00    0.00    0.00   -0.01    0.00    0.01    5.37
 102 180 282  172.21   -0.26    0.85   -1.11    0.26    0.00    0.00    0.02    0.00    0.00    0.00    0.02    0.00    0.01    5.04
 102 181 283  177.55   -0.24    1.06   -1.30    0.27    0.00    0.00    0.03    0.00    0.00    0.00    0.03    0.00    0.00    6.22
 102 182 284  181.07   -0.49    1.20   -1.70    0.27    0.14    0.00    0.02    0.00    0.00    0.00    0.01    0.00    0.00    5.31
 102 183 285  186.48   -0.60    1.54   -2.14    0.26    0.17    0.00    0.04    0.00    0.00    0.00    0.01    0.00    0.00    6.11
 102 184 286  190.19   -0.85    1.32   -2.17    0.25    0.16    0.00    0.03    0.00    0.00    0.00    0.01    0.00    0.00    5.48
 102 185 287  195.65   -1.09    1.34   -2.43    0.25    0.15    0.00    0.04    0.00    0.00    0.00    0.01    0.00    0.00    4.29
 102 186 288  199.66   -1.24    1.41   -2.65    0.25    0.16    0.00    0.04    0.00    0.00    0.00    0.01    0.00    0.00    3.97
 102 187 289  205.43   -1.36    1.11   -2.46    0.34    0.08    0.00    0.02    0.00    0.00    0.00    0.01    0.00   -0.01    3.20
 102 188 290  209.61   -1.50    1.15   -2.65    0.36    0.08    0.00    0.01    0.00    0.00    0.00    0.00    0.00   -0.01    2.73
 102 189 291  215.68   -1.50    1.72   -3.22    0.47    0.00    0.00    0.01    0.00    0.00    0.00   -0.04    0.00    0.01    2.48
 102 190 292  220.21   -1.48    1.47   -2.95    0.47    0.00    0.00    0.01    0.00    0.00    0.00   -0.03    0.00    0.00    2.09
 102 191 293  226.71   -1.23    1.35   -2.58    0.48    0.03    0.00    0.01    0.00    0.00    0.00   -0.02    0.00    0.00    2.24
 102 192 294  231.28   -1.36    1.55   -2.90    0.47    0.00    0.00    0.00    0.00    0.00    0.00   -0.03    0.00    0.00    1.73
 103 139 242   95.28    1.91    1.98   -0.08    0.41    0.18    0.00    0.09    0.00    0.00    0.00   -0.01    0.00   -0.01    3.13
 103 140 243   94.03    1.98    2.06   -0.08    0.41    0.17    0.00    0.10    0.00    0.00    0.00    0.00    0.00    0.00    3.14
 103 141 244   94.31    2.06    2.33   -0.27    0.41    0.17    0.00    0.11    0.00    0.00    0.00    0.00    0.00    0.00    4.01
 103 142 245   93.21    1.99    2.24   -0.25    0.41    0.18    0.00    0.10    0.00    0.00    0.00    0.00    0.00    0.00    3.92
 103 143 246   93.53    1.81    2.41   -0.61    0.40    0.19    0.00    0.10    0.00    0.00    0.00    0.00    0.00    0.00    4.55
 103 144 247   92.93    1.95    2.55   -0.59    0.41    0.18    0.00    0.11    0.00    0.00    0.00    0.00    0.00    0.00    4.66
 103 145 248   93.45    1.70    2.24   -0.54    0.38    0.18    0.00    0.09    0.00    0.00    0.00   -0.01    0.00    0.00    5.29
 103 146 249   93.04    1.75    2.31   -0.56    0.40    0.17    0.00    0.10    0.00    0.00    0.00    0.00    0.00    0.00    5.18
 103 147 250   94.22    1.88    2.53   -0.65    0.41    0.16    0.00    0.11    0.00    0.00    0.00    0.01    0.00    0.01    6.10
 103 148 251   93.80    1.64    2.32   -0.68    0.40    0.16    0.00    0.10    0.00    0.00    0.00    0.00    0.00    0.01    5.79
 103 149 252   94.96    1.48    2.26   -0.78    0.40    0.15    0.00    0.10    0.00    0.00    0.00    0.00    0.00    0.01    6.54
 103 150 253   94.97    1.40    2.06   -0.66    0.40    0.15    0.00    0.09    0.00    0.00    0.00    0.00    0.00    0.01    6.28
 103 151 254   96.43    1.26    2.34   -1.08    0.42    0.16    0.00    0.10    0.00    0.00    0.00    0.00    0.00    0.01    7.26
 103 152 255   96.76    1.24    2.27   -1.03    0.42    0.15    0.00    0.10    0.00    0.00    0.00    0.00    0.00    0.01    6.81
 103 153 256   98.29    0.93    2.09   -1.17    0.49    0.17    0.00    0.09    0.00    0.00    0.00    0.00    0.00    0.01    6.62
 103 154 257   98.95    0.98    1.49   -0.51    0.36    0.14    0.00    0.05    0.00    0.00    0.00   -0.01    0.00    0.01    6.45
 103 155 258  100.94    0.85    1.55   -0.70    0.35    0.12    0.00    0.05    0.00    0.00    0.00   -0.02    0.00    0.02    6.49
 103 156 259  101.88    0.93    1.41   -0.48    0.35    0.11    0.00    0.04    0.00    0.00    0.00   -0.02    0.00    0.02    6.30
 103 157 260  103.94    0.63    2.43   -1.80    0.37    0.07    0.00    0.11    0.00    0.00    0.00   -0.01    0.00    0.02    6.33
 103 158 261  105.12    0.70    2.45   -1.74    0.37    0.07    0.00    0.11    0.00    0.00    0.00   -0.01    0.00    0.02    6.10
 103 159 262  107.32    0.29    2.43   -2.13    0.38    0.07    0.00    0.11    0.00    0.00    0.00   -0.01    0.00    0.02    6.15
 103 160 263  108.73    0.36    2.48   -2.12    0.38    0.08    0.00    0.11    0.00    0.00    0.00   -0.01    0.00    0.02    5.89
 103 161 264  111.35    0.13    2.46   -2.33    0.39    0.08    0.00    0.11    0.00    0.00    0.00   -0.01    0.00    0.02    6.36
 103 162 265  112.88    0.08    2.47   -2.39    0.38    0.07    0.00    0.11    0.00    0.00    0.00   -0.01    0.00    0.02    5.83
 103 163 266  115.68   -0.21    2.19   -2.40    0.40    0.08    0.00    0.10    0.00    0.00    0.00   -0.01    0.00    0.02    5.19
 103 164 267  117.59   -0.12    2.20   -2.32    0.40    0.08    0.00    0.10    0.00    0.00    0.00   -0.01    0.00    0.02    4.83
 103 165 268  120.83   -0.20    2.27   -2.47    0.41    0.08    0.00    0.10    0.00    0.00    0.00   -0.02    0.00    0.02    4.17
 103 166 269  122.94   -0.14    1.98   -2.13    0.40    0.08    0.00    0.09    0.00    0.00    0.00   -0.01    0.00    0.02    3.97
 103 167 270  126.63    0.01    1.27   -1.26    0.60    0.09    0.00    0.05    0.00    0.00    0.00   -0.02    0.00   -0.01    3.81
 103 168 271  128.74   -0.15    2.07   -2.22    0.41    0.08    0.00    0.09    0.00    0.00    0.00   -0.02    0.00    0.02    3.41
 103 169 272  132.65   -0.01    1.38   -1.39    0.60    0.09    0.00    0.05    0.00    0.00    0.00   -0.03    0.00    0.00    3.52
 103 170 273  135.04   -0.11    1.42   -1.53    0.60    0.12    0.00    0.06    0.00    0.00    0.00   -0.01    0.00   -0.01    3.19
 103 171 274  139.18    0.04    1.51   -1.47    0.60    0.13    0.00    0.08    0.00    0.00    0.00   -0.01    0.00    0.00    3.68
 103 172 275  141.77   -0.08    1.40   -1.48    0.60    0.12    0.00    0.07    0.00    0.00    0.00   -0.01    0.00    0.00    3.30
 103 173 276  146.09    0.05    1.55   -1.50    0.59    0.13    0.00    0.08    0.00    0.00    0.00   -0.01    0.00    0.00    4.07
 103 174 277  148.91   -0.05    1.56   -1.60    0.59    0.13    0.00    0.08    0.00    0.00    0.00   -0.01    0.00    0.00    3.67
 103 175 278  153.39    0.02    1.72   -1.70    0.59    0.14    0.00    0.09    0.00    0.00    0.00   -0.01    0.00    0.00    4.55
 103 176 279  156.38   -0.12    1.62   -1.74    0.59    0.13    0.00    0.09    0.00    0.00    0.00   -0.01    0.00    0.00    4.00
 103 177 280  161.10    0.00    0.80   -0.81    0.26    0.00    0.00    0.00    0.00    0.00    0.00    0.02    0.00    0.01    4.97
 103 178 281  164.27   -0.17    0.71   -0.89    0.27    0.00    0.00    0.00    0.00    0.00    0.00    0.01    0.00    0.01    4.46
 103 179 282  169.27    0.02    0.78   -0.76    0.26    0.00    0.00    0.01    0.00    0.00    0.00    0.02    0.00    0.01    5.01
 103 180 283  172.66   -0.13    0.78   -0.91    0.26    0.00    0.00    0.01    0.00    0.00    0.00    0.02    0.00    0.01    4.68
 103 181 284  177.72   -0.07    0.92   -0.99    0.24    0.00    0.00    0.01    0.00    0.00    0.00    0.03    0.00    0.01    5.62
 103 182 285  181.24   -0.28    0.72   -0.99    0.24    0.00    0.00    0.01    0.00    0.00    0.00    0.02    0.00    0.01    5.00
 103 183 286  186.50   -0.23    0.82   -1.05    0.21    0.00    0.00    0.01    0.00    0.00    0.00    0.03    0.00    0.01    5.91
 103 184 287  190.23   -0.42    0.59   -1.01    0.22    0.00    0.00    0.01    0.00    0.00    0.00    0.02    0.00    0.00    5.31
 103 185 288  195.65   -0.39    1.08   -1.47    0.24    0.10    0.00    0.04    0.00    0.00    0.00    0.02    0.00    0.00    4.38
 103 186 289  199.63   -0.52    1.19   -1.71    0.23    0.10    0.00    0.05    0.00    0.00    0.00    0.02    0.00    0.00    4.17
 103 187 290  204.54   -1.19    1.01   -2.20    0.27    0.07    0.00    0.04    0.00    0.00    0.00    0.02    0.00    0.00    2.74
 103 188 291  209.10   -0.92    1.24   -2.17    0.44    0.00    0.00    0.02    0.00    0.00    0.00   -0.03    0.00    0.00    2.76
 103 189 292  214.97   -0.82    1.35   -2.16    0.46    0.03    0.00    0.01    0.00    0.00    0.00   -0.03    0.00    0.00    2.44
 103 190 293  219.63   -0.63    1.37   -2.01    0.44    0.00    0.00    0.00    0.00    0.00    0.00   -0.03    0.00    0.00    2.20
 103 191 294  225.60   -0.61    1.14   -1.74    0.46    0.00    0.00    0.01    0.00    0.00    0.00   -0.02    0.00    0.00    2.21
 103 192 295  230.18   -0.68    1.17   -1.85    0.46    0.04    0.00    0.01    0.00    0.00    0.00   -0.02    0.00    0.00    1.70
 104 140 244  100.62    2.07    1.72    0.34    0.41    0.18    0.00    0.09    0.00    0.00    0.00    0.00    0.00    0.00    2.69
 104 141 245  100.80    2.12    2.10    0.03    0.41    0.17    0.00    0.11    0.00    0.00    0.00    0.00    0.00    0.00    3.58
 104 142 246   99.33    2.04    2.01    0.03    0.41    0.18    0.00    0.10    0.00    0.00    0.00    0.00    0.00    0.00    3.46
 104 143 247   99.65    1.93    2.26   -0.33    0.41    0.20    0.00    0.10    0.00    0.00    0.00    0.00    0.00    0.00    4.16
 104 144 248   98.56    1.93    2.23   -0.30    0.40    0.19    0.00    0.10    0.00    0.00    0.00    0.00    0.00    0.00    4.13
 104 145 249   99.21    1.87    1.97   -0.10    0.37    0.19    0.00    0.08    0.00    0.00    0.00   -0.01    0.00    0.00    4.95
 104 146 250   98.34    1.81    2.28   -0.47    0.39    0.18    0.00    0.10    0.00    0.00    0.00    0.00    0.00    0.01    4.74
 104 147 251   99.25    1.74    1.86   -0.12    0.39    0.16    0.00    0.09    0.00    0.00    0.00    0.00    0.00    0.00    5.47
 104 148 252   98.67    1.68    1.76   -0.08    0.38    0.16    0.00    0.08    0.00    0.00    0.00    0.00    0.00    0.01    5.36
 104 149 253   99.76    1.51    1.77   -0.25    0.39    0.16    0.00    0.08    0.00    0.00    0.00    0.00    0.00    0.01    6.16
 104 150 254   99.44    1.46    1.79   -0.34    0.39    0.16    0.00    0.08    0.00    0.00    0.00    0.00    0.00    0.01    5.93
 104 151 255  100.79    1.28    1.95   -0.67    0.47    0.18    0.00    0.09    0.00    0.00    0.00    0.00    0.00    0.01    6.93
 104 152 256  100.71    1.18    2.06   -0.87    0.45    0.18    0.00    0.09    0.00    0.00    0.00    0.00    0.00    0.01    6.44
 104 153 257  102.23    0.91    1.56   -0.65    0.47    0.15    0.00    0.08    0.00    0.00    0.00    0.00    0.00    0.01    6.36
 104 154 258  102.48    0.90    1.40   -0.50    0.36    0.12    0.00    0.05    0.00    0.00    0.00   -0.02    0.00    0.02    6.11
 104 155 259  104.30    0.67    1.42   -0.76    0.35    0.10    0.00    0.06    0.00    0.00    0.00   -0.02    0.00    0.02    6.14
 104 156 260  104.94    0.78    1.44   -0.65    0.35    0.10    0.00    0.06    0.00    0.00    0.00   -0.02    0.00    0.02    5.96
 104 157 261  106.87    0.41    2.20   -1.79    0.38    0.07    0.00    0.11    0.00    0.00    0.00    0.00    0.00    0.02    6.01
 104 158 262  107.72    0.49    2.30   -1.81    0.37    0.07    0.00    0.11    0.00    0.00    0.00   -0.01    0.00    0.02    5.73
 104 159 263  109.73   -0.06    2.48   -2.54    0.37    0.06    0.00    0.11    0.00    0.00    0.00   -0.01    0.00    0.03    5.68
 104 160 264  110.83    0.03    2.28   -2.26    0.38    0.07    0.00    0.11    0.00    0.00    0.00   -0.01    0.00    0.02    5.45
 104 161 265  113.29   -0.30    2.26   -2.56    0.39    0.07    0.00    0.11    0.00    0.00    0.00   -0.01    0.00    0.02    5.91
 104 162 266  114.54   -0.32    2.27   -2.59    0.39    0.07    0.00    0.11    0.00    0.00    0.00   -0.01    0.00    0.02    5.46
 104 163 267  117.48   -0.40    1.21   -1.61    0.56    0.13    0.00    0.06    0.00    0.00    0.00   -0.01    0.00   -0.01    5.13
 104 164 268  118.93   -0.44    2.03   -2.48    0.40    0.08    0.00    0.10    0.00    0.00    0.00   -0.01    0.00    0.02    4.59
 104 165 269  122.22   -0.42    1.21   -1.63    0.57    0.13    0.00    0.06    0.00    0.00    0.00   -0.01    0.00   -0.01    4.13
 104 166 270  123.91   -0.45    1.23   -1.68    0.57    0.13    0.00    0.06    0.00    0.00    0.00   -0.01    0.00   -0.01    3.85
 104 167 271  127.52   -0.33    1.03   -1.37    0.60    0.08    0.00    0.04    0.00    0.00    0.00   -0.03    0.00    0.00    3.67
 104 168 272  129.38   -0.42    1.27   -1.69    0.57    0.13    0.00    0.07    0.00    0.00    0.00   -0.01    0.00   -0.01    3.33
 104 169 273  133.20   -0.31    1.00   -1.31    0.60    0.08    0.00    0.05    0.00    0.00    0.00   -0.03    0.00    0.00    3.44
 104 170 274  135.27   -0.41    1.23   -1.64    0.58    0.13    0.00    0.07    0.00    0.00    0.00   -0.01    0.00    0.00    3.12
 104 171 275  139.39   -0.23    1.23   -1.45    0.59    0.13    0.00    0.08    0.00    0.00    0.00   -0.01    0.00    0.00    3.65
 104 172 276  141.57   -0.43    1.21   -1.64    0.59    0.13    0.00    0.07    0.00    0.00    0.00   -0.01    0.00    0.00    3.20
 104 173 277  145.83   -0.32    1.50   -1.82    0.42    0.11    0.00    0.06    0.00    0.00    0.00   -0.02    0.00    0.01    3.83
 104 174 278  148.27   -0.49    1.25   -1.74    0.59    0.13    0.00    0.08    0.00    0.00    0.00   -0.01    0.00    0.00    3.48
 104 175 279  152.93   -0.18    0.93   -1.11    0.27    0.00    0.00    0.00    0.00    0.00    0.00    0.02    0.00    0.02    4.55
 104 176 280  155.56   -0.37    0.78   -1.15    0.27    0.00    0.00    0.00    0.00    0.00    0.00    0.02    0.00    0.01    4.12
 104 177 281  160.34   -0.15    0.96   -1.10    0.26    0.00    0.00    0.00    0.00    0.00    0.00    0.03    0.00    0.01    5.24
 104 178 282  163.22   -0.29    0.75   -1.04    0.26    0.00    0.00    0.00    0.00    0.00    0.00    0.02    0.00    0.01    4.76
 104 179 283  168.07   -0.20    0.93   -1.13    0.26    0.00    0.00    0.01    0.00    0.00    0.00    0.03    0.00    0.01    5.19
 104 180 284  171.19   -0.31    0.70   -1.01    0.25    0.00    0.00    0.01    0.00    0.00    0.00    0.02    0.00    0.01    4.89
 104 181 285  176.11   -0.35    0.90   -1.25    0.25    0.00    0.00    0.01    0.00    0.00    0.00    0.03    0.00    0.01    5.69
 104 182 286  179.43   -0.45    0.84   -1.28    0.25    0.00    0.00    0.01    0.00    0.00    0.00    0.03    0.00    0.00    5.17
 104 183 287  184.49   -0.55    1.06   -1.61    0.23    0.00    0.00    0.01    0.00    0.00    0.00    0.04    0.00    0.00    5.89
 104 184 288  187.97   -0.68    0.81   -1.49    0.23    0.00    0.00    0.02    0.00    0.00    0.00    0.03    0.00    0.00    5.36
 104 185 289  193.21   -0.80    0.83   -1.63    0.21    0.00    0.00    0.03    0.00    0.00    0.00    0.03    0.00    0.00    4.27
 104 186 290  196.86   -0.94    1.37   -2.31    0.25    0.17    0.00    0.04    0.00    0.00    0.00    0.01    0.00    0.00    4.01
 104 187 291  202.16   -1.19    1.21   -2.40    0.28    0.13    0.00    0.03    0.00    0.00    0.00    0.02    0.00   -0.01    3.05
 104 188 292  205.96   -1.37    1.31   -2.68    0.23    0.17    0.00    0.04    0.00    0.00    0.00    0.01    0.00    0.00    2.57
 104 189 293  211.72   -1.35    1.19   -2.54    0.45    0.03    0.00    0.01    0.00    0.00    0.00   -0.03    0.00    0.00    2.23
 104 190 294  215.84   -1.39    1.15   -2.54    0.45    0.00    0.00    0.01    0.00    0.00    0.00   -0.03    0.00    0.00    1.81
 104 191 295  221.95   -1.20    1.02   -2.22    0.47    0.03    0.00    0.01    0.00    0.00    0.00   -0.02    0.00    0.00    1.89
 104 192 296  226.24   -1.26    0.98   -2.23    0.46    0.00    0.00    0.01    0.00    0.00    0.00   -0.02    0.00    0.00    1.44
 105 141 246  108.78    1.50    1.89   -0.38    0.38    0.18    0.00    0.10    0.00    0.00    0.00    0.00    0.00    0.00    2.89
 105 142 247  107.39    1.57    1.90   -0.33    0.39    0.18    0.00    0.10    0.00    0.00    0.00    0.01    0.00    0.00    3.09
 105 143 248  107.39    1.50    1.19    0.31    0.51    0.18    0.00    0.10    0.00    0.00    0.00    0.01    0.00   -0.01    3.77
 105 144 249  106.19    1.46    1.88   -0.42    0.38    0.19    0.00    0.09    0.00    0.00    0.00    0.00    0.00    0.00    3.75
 105 145 250  106.64    1.55    1.43    0.11    0.49    0.18    0.00    0.10    0.00    0.00    0.00    0.01    0.00    0.00    4.68
 105 146 251  105.65    1.43    1.43    0.01    0.50    0.18    0.00    0.10    0.00    0.00    0.00    0.01    0.00   -0.01    4.56
 105 147 252  106.40    1.54    1.74   -0.21    0.48    0.20    0.00    0.09    0.00    0.00    0.00    0.01    0.00    0.01    5.57
 105 148 253  105.86    1.60    1.50    0.10    0.48    0.17    0.00    0.10    0.00    0.00    0.00    0.00    0.00    0.00    5.62
 105 149 254  106.78    1.60    1.44    0.16    0.48    0.16    0.00    0.10    0.00    0.00    0.00    0.00    0.00    0.00    6.77
 105 150 255  106.33    1.47    1.38    0.09    0.48    0.15    0.00    0.10    0.00    0.00    0.00    0.00    0.00    0.00    6.43
 105 151 256  107.32    1.28    1.17    0.11    0.48    0.14    0.00    0.09    0.00    0.00    0.00    0.00    0.00    0.00    7.50
 105 152 257  107.18    1.19    1.21   -0.01    0.48    0.14    0.00    0.09    0.00    0.00    0.00    0.00    0.00    0.00    7.04
 105 153 258  108.49    1.05    1.17   -0.12    0.35    0.13    0.00    0.03    0.00    0.00    0.00   -0.02    0.00    0.02    7.18
 105 154 259  108.68    1.03    1.11   -0.08    0.36    0.14    0.00    0.04    0.00    0.00    0.00   -0.01    0.00    0.01    6.99
 105 155 260  110.22    0.85    2.49   -1.64    0.38    0.07    0.00    0.13    0.00    0.00    0.00    0.00    0.00    0.01    7.17
 105 156 261  110.59    0.76    2.35   -1.59    0.38    0.07    0.00    0.12    0.00    0.00    0.00   -0.01    0.00    0.02    6.82
 105 157 262  112.04    0.25    2.37   -2.13    0.38    0.07    0.00    0.12    0.00    0.00    0.00   -0.01    0.00    0.02    6.84
 105 158 263  112.82    0.31    2.39   -2.09    0.38    0.07    0.00    0.12    0.00    0.00    0.00   -0.01    0.00    0.02    6.56
 105 159 264  114.46   -0.27    1.16   -1.43    0.52    0.14    0.00    0.08    0.00    0.00    0.00   -0.01    0.00   -0.01    6.53
 105 160 265  115.55   -0.14    2.39   -2.53    0.38    0.06    0.00    0.12    0.00    0.00    0.00   -0.01    0.00    0.02    6.31
 105 161 266  117.74   -0.41    2.33   -2.73    0.40    0.07    0.00    0.12    0.00    0.00    0.00   -0.01    0.00    0.02    6.83
 105 162 267  118.99   -0.36    1.23   -1.60    0.52    0.14    0.00    0.08    0.00    0.00    0.00   -0.01    0.00   -0.01    6.40
 105 163 268  121.59   -0.47    1.20   -1.66    0.54    0.14    0.00    0.07    0.00    0.00    0.00   -0.02    0.00   -0.01    5.99
 105 164 269  122.96   -0.53    1.12   -1.65    0.54    0.14    0.00    0.07    0.00    0.00    0.00   -0.01    0.00   -0.01    5.37
 105 165 270  125.77   -0.65    1.10   -1.75    0.55    0.13    0.00    0.07    0.00    0.00    0.00   -0.02    0.00   -0.01    4.71
 105 166 271  127.46   -0.63    1.26   -1.89    0.55    0.14    0.00    0.08    0.00    0.00    0.00   -0.02    0.00   -0.01    4.42
 105 167 272  130.62   -0.64    0.85   -1.49    0.59    0.13    0.00    0.06    0.00    0.00    0.00   -0.01    0.00   -0.01    4.00
 105 168 273  132.53   -0.63    1.92   -2.55    0.42    0.08    0.00    0.10    0.00    0.00    0.00   -0.02    0.00    0.02    3.70
 105 169 274  135.99   -0.56    1.55   -2.11    0.43    0.08    0.00    0.09    0.00    0.00    0.00   -0.02    0.00    0.01    3.67
 105 170 275  138.10   -0.57    1.56   -2.13    0.43    0.08    0.00    0.09    0.00    0.00    0.00   -0.02    0.00    0.01    3.37
 105 171 276  141.91   -0.37    1.37   -1.74    0.45    0.09    0.00    0.08    0.00    0.00    0.00   -0.02    0.00    0.01    3.81
 105 172 277  144.08   -0.54    1.48   -2.02    0.49    0.13    0.00    0.08    0.00    0.00    0.00   -0.02    0.00    0.00    3.35
 105 173 278  148.12   -0.33    1.51   -1.85    0.45    0.11    0.00    0.08    0.00    0.00    0.00   -0.02    0.00    0.01    4.08
 105 174 279  150.56   -0.44    1.45   -1.89    0.48    0.12    0.00    0.08    0.00    0.00    0.00   -0.02    0.00    0.00    3.71
 105 175 280  154.81   -0.24    0.97   -1.20    0.28    0.00    0.00   -0.01    0.00    0.00    0.00    0.02    0.00    0.02    4.73
 105 176 281  157.37   -0.44    0.83   -1.27    0.28    0.00    0.00   -0.01    0.00    0.00    0.00    0.01    0.00    0.02    4.10
 105 177 282  161.95   -0.11    0.94   -1.05    0.27    0.00    0.00   -0.01    0.00    0.00    0.00    0.02    0.00    0.02    5.03
 105 178 283  164.75   -0.28    0.90   -1.17    0.27    0.00    0.00   -0.02    0.00    0.00    0.00    0.02    0.00    0.01    4.50
 105 179 284  169.48    0.00    0.86   -0.87    0.26    0.00    0.00   -0.02    0.00    0.00    0.00    0.02    0.00    0.01    5.23
 105 180 285  172.44   -0.22    0.76   -0.98    0.26    0.00    0.00   -0.01    0.00    0.00    0.00    0.02    0.00    0.01    4.75
 105 181 286  177.21   -0.10    0.88   -0.98    0.25    0.00    0.00    0.00    0.00    0.00    0.00    0.03    0.00    0.01    5.71
 105 182 287  180.44   -0.25    0.67   -0.92    0.25    0.00    0.00    0.00    0.00    0.00    0.00    0.02    0.00    0.01    5.13
 105 183 288  185.26   -0.28    0.82   -1.11    0.23    0.00    0.00    0.00    0.00    0.00    0.00    0.03    0.00    0.01    5.87
 105 184 289  188.73   -0.38    0.60   -0.98    0.23    0.00    0.00    0.01    0.00    0.00    0.00    0.02    0.00    0.01    5.34
 105 185 290  193.79   -0.36    0.77   -1.13    0.20    0.00    0.00    0.02    0.00    0.00    0.00    0.03    0.00    0.01    4.32
 105 186 291  197.38   -0.53    0.48   -1.01    0.20    0.00    0.00    0.01    0.00    0.00    0.00    0.02    0.00    0.00    4.11
 105 187 292  202.57   -0.58    1.24   -1.82    0.28    0.17    0.00    0.02    0.00    0.00    0.00    0.01    0.00    0.00    3.24
 105 188 293  206.31   -0.79    1.26   -2.05    0.27    0.17    0.00    0.03    0.00    0.00    0.00    0.01    0.00    0.00    2.83
 105 189 294  211.72   -0.81    1.04   -1.85    0.45    0.05    0.00    0.02    0.00    0.00    0.00   -0.03    0.00    0.01    2.18
 105 190 295  215.85   -0.81    1.01   -1.81    0.45    0.04    0.00    0.02    0.00    0.00    0.00   -0.03    0.00    0.01    1.92
 105 191 296  221.56   -0.70    0.94   -1.65    0.45    0.06    0.00    0.01    0.00    0.00    0.00   -0.02    0.00    0.00    1.73
 105 192 297  225.89   -0.69    1.04   -1.73    0.45    0.06    0.00    0.00    0.00    0.00    0.00   -0.02    0.00    0.00    1.37
 106 142 248  114.41    1.68    1.51    0.17    0.40    0.19    0.00    0.09    0.00    0.00    0.00    0.01    0.00    0.00    2.66
 106 143 249  114.37    1.64    1.58    0.06    0.37    0.20    0.00    0.08    0.00    0.00    0.00    0.00    0.00    0.00    3.37
 106 144 250  112.83    1.60    1.72   -0.12    0.39    0.20    0.00    0.09    0.00    0.00    0.00    0.00    0.00    0.00    3.35
 106 145 251  113.16    1.65    1.37    0.28    0.36    0.20    0.00    0.06    0.00    0.00    0.00    0.00    0.00    0.00    4.21
 106 146 252  111.88    1.58    1.52    0.06    0.37    0.20    0.00    0.07    0.00    0.00    0.00    0.00    0.00    0.00    4.15
 106 147 253  112.41    1.55    1.44    0.11    0.38    0.20    0.00    0.06    0.00    0.00    0.00    0.00    0.00    0.01    5.01
 106 148 254  111.44    1.52    1.37    0.14    0.38    0.19    0.00    0.06    0.00    0.00    0.00    0.00    0.00    0.01    4.98
 106 149 255  112.13    1.35    1.30    0.05    0.38    0.18    0.00    0.06    0.00    0.00    0.00    0.00    0.00    0.01    5.98
 106 150 256  111.46    1.34    1.15    0.18    0.37    0.17    0.00    0.05    0.00    0.00    0.00    0.00    0.00    0.01    5.75
 106 151 257  112.41    1.17    1.05    0.12    0.36    0.14    0.00    0.03    0.00    0.00    0.00   -0.02    0.00    0.02    6.85
 106 152 258  111.92    1.07    1.07    0.01    0.37    0.16    0.00    0.04    0.00    0.00    0.00   -0.01    0.00    0.01    6.37
 106 153 259  113.21    0.98    0.96    0.01    0.35    0.12    0.00    0.03    0.00    0.00    0.00   -0.02    0.00    0.02    6.58
 106 154 260  113.13    1.02    1.07   -0.05    0.36    0.14    0.00    0.04    0.00    0.00    0.00   -0.01    0.00    0.02    6.49
 106 155 261  114.51    0.75    2.63   -1.87    0.38    0.06    0.00    0.14    0.00    0.00    0.00    0.00    0.00    0.01    6.61
 106 156 262  114.59    0.70    2.29   -1.60    0.38    0.06    0.00    0.13    0.00    0.00    0.00    0.00    0.00    0.01    6.30
 106 157 263  115.98    0.19    2.17   -1.98    0.38    0.06    0.00    0.12    0.00    0.00    0.00   -0.01    0.00    0.02    6.37
 106 158 264  116.35    0.18    1.86   -1.68    0.39    0.07    0.00    0.11    0.00    0.00    0.00   -0.01    0.00    0.02    6.03
 106 159 265  117.88   -0.46    2.21   -2.66    0.38    0.06    0.00    0.12    0.00    0.00    0.00   -0.01    0.00    0.02    5.97
 106 160 266  118.67   -0.29    1.90   -2.19    0.39    0.07    0.00    0.11    0.00    0.00    0.00   -0.01    0.00    0.02    5.83
 106 161 267  120.83   -0.54    1.85   -2.39    0.40    0.07    0.00    0.11    0.00    0.00    0.00   -0.01    0.00    0.02    6.45
 106 162 268  121.63   -0.61    0.87   -1.48    0.52    0.14    0.00    0.07    0.00    0.00    0.00   -0.01    0.00   -0.01    5.95
 106 163 269  124.24   -0.65    0.77   -1.42    0.54    0.13    0.00    0.06    0.00    0.00    0.00   -0.02    0.00   -0.01    5.69
 106 164 270  125.30   -0.70    0.82   -1.53    0.54    0.13    0.00    0.07    0.00    0.00    0.00   -0.02    0.00   -0.01    5.06
 106 165 271  128.10   -0.78    0.79   -1.57    0.55    0.13    0.00    0.07    0.00    0.00    0.00   -0.02    0.00   -0.01    4.50
 106 166 272  129.44   -0.79    0.75   -1.54    0.56    0.13    0.00    0.07    0.00    0.00    0.00   -0.02    0.00   -0.01    4.17
 106 167 273  132.57   -0.77    1.51   -2.28    0.42    0.08    0.00    0.09    0.00    0.00    0.00   -0.02    0.00    0.02    3.85
 106 168 274  134.14   -0.77    1.52   -2.29    0.42    0.08    0.00    0.09    0.00    0.00    0.00   -0.02    0.00    0.02    3.54
 106 169 275  137.50   -0.75    1.53   -2.29    0.43    0.08    0.00    0.09    0.00    0.00    0.00   -0.03    0.00    0.01    3.44
 106 170 276  139.32   -0.73    1.38   -2.11    0.44    0.09    0.00    0.09    0.00    0.00    0.00   -0.02    0.00    0.01    3.20
 106 171 277  142.94   -0.68    1.28   -1.96    0.45    0.08    0.00    0.08    0.00    0.00    0.00   -0.03    0.00    0.01    3.56
 106 172 278  144.90   -0.73    1.35   -2.08    0.45    0.09    0.00    0.08    0.00    0.00    0.00   -0.03    0.00    0.01    3.24
 106 173 279  148.80   -0.62    0.87   -1.49    0.28    0.00    0.00   -0.02    0.00    0.00    0.00    0.01    0.00    0.02    3.89
 106 174 280  150.92   -0.73    0.76   -1.49    0.28    0.00    0.00   -0.01    0.00    0.00    0.00    0.01    0.00    0.02    3.55
 106 175 281  155.28   -0.37    0.98   -1.35    0.27    0.00    0.00   -0.02    0.00    0.00    0.00    0.02    0.00    0.02    4.71
 106 176 282  157.60   -0.49    0.98   -1.48    0.27    0.00    0.00   -0.02    0.00    0.00    0.00    0.02    0.00    0.02    4.15
 106 177 283  162.10   -0.20    1.02   -1.21    0.26    0.00    0.00   -0.02    0.00    0.00    0.00    0.03    0.00    0.01    5.29
 106 178 284  164.60   -0.35    0.81   -1.16    0.26    0.00    0.00   -0.02    0.00    0.00    0.00    0.02    0.00    0.01    4.78
 106 179 285  169.17   -0.20    0.85   -1.05    0.26    0.00    0.00    0.00    0.00    0.00    0.00    0.03    0.00    0.01    5.26
 106 180 286  171.91   -0.32    0.89   -1.20    0.25    0.00    0.00   -0.01    0.00    0.00    0.00    0.03    0.00    0.01    5.06
 106 181 287  176.60   -0.24    0.81   -1.04    0.24    0.00    0.00    0.00    0.00    0.00    0.00    0.03    0.00    0.01    5.83
 106 182 288  179.49   -0.41    0.81   -1.21    0.24    0.00    0.00    0.00    0.00    0.00    0.00    0.03    0.00    0.01    5.22
 106 183 289  184.35   -0.36    1.05   -1.40    0.22    0.00    0.00    0.00    0.00    0.00    0.00    0.04    0.00    0.01    6.01
 106 184 290  187.43   -0.54    0.75   -1.29    0.22    0.00    0.00    0.01    0.00    0.00    0.00    0.03    0.00    0.01    5.41
 106 185 291  192.36   -0.62    0.76   -1.37    0.21    0.00    0.00    0.02    0.00    0.00    0.00    0.03    0.00    0.01    4.26
 106 186 292  195.71   -0.72    0.74   -1.46    0.20    0.00    0.00    0.02    0.00    0.00    0.00    0.03    0.00    0.01    4.11
 106 187 293  200.62   -1.01    1.07   -2.07    0.25    0.10    0.00    0.05    0.00    0.00    0.00    0.02    0.00    0.00    2.99
 106 188 294  204.16   -1.11    1.06   -2.17    0.24    0.10    0.00    0.05    0.00    0.00    0.00    0.02    0.00    0.00    2.67
 106 189 295  209.29   -1.36    0.90   -2.26    0.27    0.08    0.00    0.04    0.00    0.00    0.00    0.02    0.00   -0.01    1.88
 106 190 296  213.12   -1.36    0.80   -2.16    0.45    0.02    0.00    0.02    0.00    0.00    0.00   -0.03    0.00    0.00    1.56
 106 191 297  218.75   -1.30    0.76   -2.06    0.45    0.05    0.00    0.01    0.00    0.00    0.00   -0.02    0.00    0.00    1.48
 106 192 298  222.80   -1.27    0.69   -1.96    0.46    0.03    0.00    0.01    0.00    0.00    0.00   -0.02    0.00    0.00    1.12
 107 143 250  123.05    1.32    1.25    0.07    0.37    0.21    0.00    0.06    0.00    0.00    0.00   -0.01    0.00    0.01    3.30
 107 144 251  121.39    1.23    1.27   -0.04    0.37    0.21    0.00    0.06    0.00    0.00    0.00    0.00    0.00    0.01    3.31
 107 145 252  121.43    1.33    1.14    0.19    0.47    0.18    0.00    0.11    0.00    0.00    0.00    0.01    0.00    0.00    4.17
 107 146 253  120.05    1.23    1.24    0.00    0.37    0.21    0.00    0.05    0.00    0.00    0.00    0.00    0.00    0.01    4.16
 107 147 254  120.39    1.34    1.53   -0.19    0.46    0.18    0.00    0.12    0.00    0.00    0.00    0.00    0.00    0.00    5.19
 107 148 255  119.27    1.23    1.20    0.03    0.37    0.20    0.00    0.05    0.00    0.00    0.00    0.00    0.00    0.01    5.08
 107 149 256  119.68    1.13    1.06    0.07    0.37    0.19    0.00    0.04    0.00    0.00    0.00    0.00    0.00    0.01    6.22
 107 150 257  118.92    1.10    1.24   -0.14    0.38    0.20    0.00    0.05    0.00    0.00    0.00    0.00    0.00    0.01    5.92
 107 151 258  119.69    1.08    1.04    0.05    0.36    0.18    0.00    0.01    0.00    0.00    0.00   -0.01    0.00    0.01    7.17
 107 152 259  119.15    1.00    1.09   -0.09    0.36    0.17    0.00    0.01    0.00    0.00    0.00   -0.01    0.00    0.02    6.70
 107 153 260  119.97    0.76    2.59   -1.83    0.39    0.06    0.00    0.15    0.00    0.00    0.00    0.00    0.00    0.00    6.83
 107 154 261  119.69    0.68    2.37   -1.69    0.39    0.06    0.00    0.14    0.00    0.00    0.00   -0.01    0.00    0.01    6.70
 107 155 262  120.53    0.20    2.25   -2.04    0.40    0.06    0.00    0.14    0.00    0.00    0.00   -0.01    0.00    0.00    6.68
 107 156 263  120.64    0.25    2.43   -2.18    0.39    0.06    0.00    0.14    0.00    0.00    0.00   -0.01    0.00    0.01    6.53
 107 157 264  121.78   -0.19    0.36   -0.55    0.51    0.12    0.00    0.08    0.00    0.00    0.00   -0.01    0.00    0.00    6.74
 107 158 265  122.09   -0.20    2.13   -2.33    0.39    0.06    0.00    0.13    0.00    0.00    0.00   -0.01    0.00    0.01    6.44
 107 159 266  123.69   -0.43    0.31   -0.74    0.53    0.12    0.00    0.07    0.00    0.00    0.00   -0.02    0.00    0.00    6.92
 107 160 267  124.33   -0.36    0.32   -0.68    0.52    0.12    0.00    0.07    0.00    0.00    0.00   -0.01    0.00    0.00    6.72
 107 161 268  126.29   -0.48    0.34   -0.81    0.53    0.12    0.00    0.06    0.00    0.00    0.00   -0.02    0.00    0.00    7.60
 107 162 269  127.12   -0.46    0.62   -1.07    0.52    0.13    0.00    0.08    0.00    0.00    0.00   -0.02    0.00    0.00    7.20
 107 163 270  129.38   -0.52    0.47   -0.99    0.53    0.12    0.00    0.07    0.00    0.00    0.00   -0.02    0.00   -0.01    6.95
 107 164 271  130.39   -0.57    0.45   -1.02    0.53    0.12    0.00    0.07    0.00    0.00    0.00   -0.02    0.00    0.00    6.27
 107 165 272  132.79   -0.72    0.63   -1.35    0.53    0.12    0.00    0.07    0.00    0.00    0.00   -0.03    0.00    0.00    5.61
 107 166 273  134.14   -0.66    0.65   -1.31    0.53    0.12    0.00    0.07    0.00    0.00    0.00   -0.03    0.00    0.00    5.30
 107 167 274  136.76   -0.83    0.61   -1.44    0.54    0.12    0.00    0.07    0.00    0.00    0.00   -0.03    0.00    0.00    4.67
 107 168 275  138.36   -0.75    0.69   -1.44    0.53    0.12    0.00    0.07    0.00    0.00    0.00   -0.03    0.00    0.00    4.38
 107 169 276  141.25   -0.88    0.78   -1.66    0.53    0.12    0.00    0.08    0.00    0.00    0.00   -0.03    0.00    0.00    3.93
 107 170 277  143.10   -0.78    0.80   -1.58    0.53    0.12    0.00    0.08    0.00    0.00    0.00   -0.03    0.00    0.00    3.72
 107 171 278  146.69   -0.44    0.75   -1.18    0.53    0.12    0.00    0.09    0.00    0.00    0.00   -0.02    0.00    0.00    4.11
 107 172 279  148.42   -0.67    0.83   -1.51    0.52    0.12    0.00    0.09    0.00    0.00    0.00   -0.02    0.00    0.00    3.70
 107 173 280  151.84   -0.72    1.01   -1.73    0.52    0.10    0.00    0.08    0.00    0.00    0.00   -0.04    0.00    0.01    4.33
 107 174 281  154.02   -0.72    0.95   -1.67    0.51    0.10    0.00    0.09    0.00    0.00    0.00   -0.03    0.00    0.00    4.10
 107 175 282  157.91   -0.51    1.09   -1.61    0.28    0.00    0.00   -0.03    0.00    0.00    0.00    0.02    0.00    0.02    5.15
 107 176 283  160.27   -0.56    0.95   -1.50    0.28    0.00    0.00   -0.02    0.00    0.00    0.00    0.02    0.00    0.02    4.64
 107 177 284  164.47   -0.24    1.29   -1.53    0.27    0.00    0.00   -0.03    0.00    0.00    0.00    0.03    0.00    0.02    5.27
 107 178 285  166.86   -0.46    1.08   -1.54    0.27    0.00    0.00   -0.03    0.00    0.00    0.00    0.02    0.00    0.02    4.65
 107 179 286  171.23   -0.19    0.99   -1.18    0.27    0.00    0.00   -0.02    0.00    0.00    0.00    0.03    0.00    0.01    5.49
 107 180 287  173.92   -0.32    0.99   -1.31    0.27    0.00    0.00   -0.02    0.00    0.00    0.00    0.03    0.00    0.01    4.99
 107 181 288  178.30   -0.24    1.08   -1.33    0.25    0.00    0.00   -0.03    0.00    0.00    0.00    0.03    0.00    0.01    5.84
 107 182 289  181.20   -0.36    0.88   -1.24    0.25    0.00    0.00   -0.03    0.00    0.00    0.00    0.02    0.00    0.01    5.27
 107 183 290  185.81   -0.25    0.90   -1.14    0.23    0.00    0.00   -0.02    0.00    0.00    0.00    0.03    0.00    0.01    6.13
 107 184 291  188.87   -0.41    0.82   -1.23    0.24    0.00    0.00   -0.01    0.00    0.00    0.00    0.03    0.00    0.01    5.52
 107 185 292  193.55   -0.43    2.08   -2.51    0.30    0.26    0.00    0.03    0.00    0.00    0.00    0.00    0.00   -0.01    4.25
 107 186 293  196.92   -0.48    0.70   -1.18    0.21    0.00    0.00    0.00    0.00    0.00    0.00    0.03    0.00    0.01    4.26
 107 187 294  201.78   -0.50    1.36   -1.86    0.30    0.18    0.00    0.04    0.00    0.00    0.00    0.01    0.00   -0.01    3.19
 107 188 295  205.27   -0.62    0.69   -1.31    0.24    0.08    0.00    0.03    0.00    0.00    0.00    0.02    0.00    0.00    2.91
 107 189 296  210.01   -0.96    0.79   -1.75    0.25    0.08    0.00    0.04    0.00    0.00    0.00    0.02    0.00    0.00    1.86
 107 190 297  213.79   -0.97    1.25   -2.23    0.29    0.17    0.00    0.04    0.00    0.00    0.00    0.01    0.00   -0.01    1.61
 107 191 298  219.10   -0.92    0.50   -1.42    0.45    0.04    0.00    0.02    0.00    0.00    0.00   -0.02    0.00    0.00    1.40
 107 192 299  223.12   -0.88    0.60   -1.48    0.44    0.05    0.00    0.01    0.00    0.00    0.00   -0.02    0.00    0.00    1.06
 108 144 252  128.85    1.38    1.01    0.37    0.37    0.21    0.00    0.06    0.00    0.00    0.00    0.00    0.00    0.00    2.72
 108 145 253  128.76    1.42    1.00    0.42    0.37    0.21    0.00    0.05    0.00    0.00    0.00    0.00    0.00    0.01    3.49
 108 146 254  127.11    1.40    1.04    0.36    0.37    0.21    0.00    0.05    0.00    0.00    0.00    0.00    0.00    0.01    3.58
 108 147 255  127.26    1.39    0.75    0.64    0.36    0.18    0.00    0.04    0.00    0.00    0.00    0.00    0.00    0.01    4.50
 108 148 256  125.89    1.36    0.84    0.52    0.37    0.19    0.00    0.04    0.00    0.00    0.00    0.00    0.00    0.01    4.48
 108 149 257  126.21    1.23    0.76    0.47    0.38    0.18    0.00    0.04    0.00    0.00    0.00    0.00    0.00    0.01    5.60
 108 150 258  125.10    1.19    0.71    0.48    0.37    0.17    0.00    0.03    0.00    0.00    0.00   -0.01    0.00    0.01    5.29
 108 151 259  125.67    1.04    0.77    0.26    0.37    0.16    0.00    0.02    0.00    0.00    0.00   -0.01    0.00    0.02    6.40
 108 152 260  124.82    0.98    0.80    0.18    0.37    0.16    0.00    0.03    0.00    0.00    0.00   -0.01    0.00    0.02    5.98
 108 153 261  125.61    0.78    1.90   -1.12    0.40    0.06    0.00    0.14    0.00    0.00    0.00    0.00    0.00    0.00    6.13
 108 154 262  125.04    0.74    1.94   -1.20    0.40    0.06    0.00    0.14    0.00    0.00    0.00    0.00    0.00    0.00    6.07
 108 155 263  125.80    0.25    2.04   -1.79    0.40    0.06    0.00    0.14    0.00    0.00    0.00   -0.01    0.00    0.00    6.07
 108 156 264  125.58    0.29    1.78   -1.49    0.40    0.06    0.00    0.13    0.00    0.00    0.00   -0.01    0.00    0.01    5.92
 108 157 265  126.58   -0.22    1.69   -1.91    0.39    0.05    0.00    0.12    0.00    0.00    0.00   -0.01    0.00    0.02    6.09
 108 158 266  126.58   -0.21    1.52   -1.73    0.40    0.06    0.00    0.12    0.00    0.00    0.00   -0.01    0.00    0.01    5.83
 108 159 267  127.98   -0.58    1.28   -1.86    0.32    0.00    0.00    0.06    0.00    0.00    0.00   -0.02    0.00    0.04    6.19
 108 160 268  128.20   -0.61    0.17   -0.77    0.51    0.13    0.00    0.07    0.00    0.00    0.00   -0.01    0.00    0.00    5.93
 108 161 269  130.11   -0.71    0.11   -0.82    0.53    0.13    0.00    0.06    0.00    0.00    0.00   -0.02    0.00    0.00    6.87
 108 162 270  130.59   -0.72    1.67   -2.38    0.33    0.00    0.00    0.06    0.00    0.00    0.00   -0.02    0.00    0.05    6.46
 108 163 271  132.80   -0.77    0.17   -0.94    0.54    0.13    0.00    0.07    0.00    0.00    0.00   -0.02    0.00   -0.01    6.28
 108 164 272  133.43   -0.87    1.56   -2.44    0.33    0.00    0.00    0.05    0.00    0.00    0.00   -0.02    0.00    0.05    5.52
 108 165 273  135.86   -0.94    0.39   -1.33    0.54    0.13    0.00    0.07    0.00    0.00    0.00   -0.03    0.00   -0.01    5.00
 108 166 274  136.84   -0.94    0.25   -1.19    0.54    0.13    0.00    0.07    0.00    0.00    0.00   -0.02    0.00   -0.01    4.62
 108 167 275  139.45   -1.06    0.25   -1.31    0.55    0.13    0.00    0.08    0.00    0.00    0.00   -0.02    0.00   -0.01    4.16
 108 168 276  140.69   -1.02    0.41   -1.43    0.54    0.13    0.00    0.07    0.00    0.00    0.00   -0.03    0.00    0.00    3.80
 108 169 277  143.47   -1.21    0.65   -1.86    0.52    0.13    0.00    0.08    0.00    0.00    0.00   -0.03    0.00    0.00    3.40
 108 170 278  145.00   -1.10    0.59   -1.69    0.53    0.13    0.00    0.08    0.00    0.00    0.00   -0.03    0.00    0.00    3.20
 108 171 279  148.44   -0.85    0.45   -1.30    0.53    0.12    0.00    0.09    0.00    0.00    0.00   -0.02    0.00    0.00    3.79
 108 172 280  149.87   -1.08    0.62   -1.69    0.51    0.11    0.00    0.08    0.00    0.00    0.00   -0.03    0.00    0.00    3.31
 108 173 281  153.61   -0.75    1.11   -1.86    0.28    0.00    0.00   -0.02    0.00    0.00    0.00    0.02    0.00    0.03    4.20
 108 174 282  155.41   -0.82    1.11   -1.93    0.28    0.00    0.00   -0.02    0.00    0.00    0.00    0.02    0.00    0.03    3.88
 108 175 283  159.33   -0.53    1.22   -1.76    0.27    0.00    0.00   -0.03    0.00    0.00    0.00    0.03    0.00    0.02    5.00
 108 176 284  161.38   -0.57    1.01   -1.58    0.27    0.00    0.00   -0.03    0.00    0.00    0.00    0.02    0.00    0.02    4.50
 108 177 285  165.54   -0.25    1.21   -1.46    0.26    0.00    0.00   -0.03    0.00    0.00    0.00    0.03    0.00    0.02    5.43
 108 178 286  167.71   -0.38    1.21   -1.59    0.26    0.00    0.00   -0.03    0.00    0.00    0.00    0.03    0.00    0.02    4.93
 108 179 287  172.03   -0.11    0.91   -1.02    0.26    0.00    0.00   -0.02    0.00    0.00    0.00    0.03    0.00    0.01    5.61
 108 180 288  174.35   -0.30    1.03   -1.33    0.25    0.00    0.00   -0.03    0.00    0.00    0.00    0.03    0.00    0.01    5.29
 108 181 289  178.73   -0.18    1.06   -1.24    0.24    0.00    0.00   -0.01    0.00    0.00    0.00    0.04    0.00    0.01    6.06
 108 182 290  181.31   -0.31    0.77   -1.08    0.24    0.00    0.00   -0.01    0.00    0.00    0.00    0.03    0.00    0.01    5.47
 108 183 291  185.63   -0.44    2.02   -2.47    0.29    0.27    0.00    0.02    0.00    0.00    0.00    0.00    0.00   -0.01    6.05
 108 184 292  188.54   -0.44    1.98   -2.42    0.29    0.26    0.00    0.03    0.00    0.00    0.00    0.01    0.00   -0.01    5.61
 108 185 293  193.00   -0.64    1.06   -1.70    0.35    0.16    0.00    0.03    0.00    0.00    0.00    0.01    0.00   -0.01    4.20
 108 186 294  196.11   -0.64    1.97   -2.61    0.30    0.26    0.00    0.03    0.00    0.00    0.00    0.00    0.00   -0.01    4.23
 108 187 295  200.75   -0.85    0.78   -1.62    0.25    0.09    0.00    0.04    0.00    0.00    0.00    0.02    0.00    0.00    3.04
 108 188 296  204.00   -0.90    0.77   -1.68    0.24    0.09    0.00    0.04    0.00    0.00    0.00    0.02    0.00    0.00    2.83
 108 189 297  208.67   -1.27    0.74   -2.01    0.26    0.08    0.00    0.04    0.00    0.00    0.00    0.02    0.00    0.00    1.75
 108 190 298  212.11   -1.32    0.66   -1.98    0.26    0.09    0.00    0.04    0.00    0.00    0.00    0.01    0.00    0.00    1.44
 108 191 299  217.41   -1.25    0.82   -2.07    0.13    0.03    0.00    0.05    0.00    0.00    0.00    0.02    0.00    0.01    1.29
 108 192 300  220.93   -1.41    0.83   -2.24    0.14    0.04    0.00    0.05    0.00    0.00    0.00    0.02    0.00    0.01    0.75
 109 145 254  137.75    0.99    1.09   -0.10    0.45    0.17    0.00    0.13    0.00    0.00    0.00    0.01    0.00   -0.01    2.72
 109 146 255  136.23    1.17    1.00    0.18    0.43    0.18    0.00    0.11    0.00    0.00    0.00    0.01    0.00    0.00    3.06
 109 147 256  135.88    1.00    1.52   -0.52    0.43    0.18    0.00    0.13    0.00    0.00    0.00    0.01    0.00    0.00    3.71
 109 148 257  134.48    1.01    1.13   -0.12    0.44    0.17    0.00    0.12    0.00    0.00    0.00    0.01    0.00   -0.01    3.70
 109 149 258  134.65    1.08    1.14   -0.06    0.43    0.18    0.00    0.11    0.00    0.00    0.00    0.01    0.00    0.00    4.88
 109 150 259  133.38    0.95    1.18   -0.24    0.43    0.18    0.00    0.11    0.00    0.00    0.00    0.01    0.00    0.00    4.53
 109 151 260  133.56    0.74    1.02   -0.28    0.44    0.17    0.00    0.11    0.00    0.00    0.00    0.00    0.00    0.00    5.53
 109 152 261  132.71    0.75    0.66    0.09    0.37    0.16    0.00    0.01    0.00    0.00    0.00   -0.01    0.00    0.02    5.17
 109 153 262  132.96    0.34    1.27   -0.93    0.41    0.05    0.00    0.13    0.00    0.00    0.00   -0.01    0.00    0.00    5.00
 109 154 263  132.31    0.28    1.22   -0.93    0.42    0.06    0.00    0.13    0.00    0.00    0.00   -0.01    0.00    0.00    4.97
 109 155 264  132.76   -0.19    1.37   -1.56    0.41    0.06    0.00    0.13    0.00    0.00    0.00   -0.01    0.00    0.00    5.01
 109 156 265  132.44   -0.18    1.16   -1.34    0.41    0.06    0.00    0.12    0.00    0.00    0.00   -0.01    0.00    0.01    4.92
 109 157 266  133.30   -0.50   -0.39   -0.11    0.51    0.11    0.00    0.07    0.00    0.00    0.00   -0.01    0.00    0.00    5.29
 109 158 267  133.20   -0.54   -0.36   -0.18    0.51    0.11    0.00    0.07    0.00    0.00    0.00   -0.01    0.00    0.00    5.11
 109 159 268  134.50   -0.67   -0.24   -0.43    0.52    0.12    0.00    0.07    0.00    0.00    0.00   -0.02    0.00    0.00    5.85
 109 160 269  134.67   -0.69   -0.05   -0.64    0.51    0.12    0.00    0.08    0.00    0.00    0.00   -0.02    0.00    0.00    5.65
 109 161 270  136.26   -0.79   -0.09   -0.70    0.52    0.13    0.00    0.07    0.00    0.00    0.00   -0.02    0.00    0.00    6.72
 109 162 271  136.74   -0.74    0.02   -0.76    0.52    0.12    0.00    0.07    0.00    0.00    0.00   -0.03    0.00    0.00    6.44
 109 163 272  138.61   -0.81   -0.07   -0.74    0.53    0.12    0.00    0.06    0.00    0.00    0.00   -0.03    0.00    0.00    6.47
 109 164 273  139.31   -0.78   -0.04   -0.75    0.53    0.12    0.00    0.06    0.00    0.00    0.00   -0.03    0.00    0.00    5.85
 109 165 274  141.42   -0.85    0.13   -0.98    0.54    0.12    0.00    0.06    0.00    0.00    0.00   -0.04    0.00    0.00    5.56
 109 166 275  142.35   -0.83    0.13   -0.97    0.53    0.13    0.00    0.07    0.00    0.00    0.00   -0.03    0.00    0.00    5.13
 109 167 276  144.68   -0.92    0.30   -1.22    0.54    0.13    0.00    0.07    0.00    0.00    0.00   -0.04    0.00    0.00    4.90
 109 168 277  145.84   -0.90    0.21   -1.11    0.54    0.12    0.00    0.06    0.00    0.00    0.00   -0.04    0.00    0.00    4.45
 109 169 278  148.44   -0.94   -0.01   -0.93    0.56    0.13    0.00    0.08    0.00    0.00    0.00   -0.03    0.00    0.00    4.14
 109 170 279  149.82   -0.94    0.27   -1.22    0.54    0.12    0.00    0.06    0.00    0.00    0.00   -0.04    0.00    0.01    3.84
 109 171 280  152.66   -0.98    0.29   -1.27    0.54    0.12    0.00    0.06    0.00    0.00    0.00   -0.04    0.00    0.01    4.09
 109 172 281  154.31   -0.94    0.34   -1.28    0.54    0.12    0.00    0.07    0.00    0.00    0.00   -0.04    0.00    0.01    3.87
 109 173 282  157.48   -0.86    0.48   -1.34    0.53    0.09    0.00    0.06    0.00    0.00    0.00   -0.05    0.00    0.01    4.55
 109 174 283  159.22   -0.94    0.14   -1.08    0.54    0.11    0.00    0.10    0.00    0.00    0.00   -0.02    0.00    0.00    4.22
 109 175 284  162.84   -0.63    1.64   -2.28    0.27    0.00    0.00   -0.04    0.00    0.00    0.00    0.04    0.00    0.02    5.37
 109 176 285  164.90   -0.62    1.35   -1.97    0.27    0.00    0.00   -0.04    0.00    0.00    0.00    0.03    0.00    0.02    4.91
 109 177 286  168.91   -0.13    1.45   -1.58    0.25    0.00    0.00   -0.04    0.00    0.00    0.00    0.04    0.00    0.01    5.74
 109 178 287  170.98   -0.32    0.99   -1.31    0.25    0.00    0.00   -0.02    0.00    0.00    0.00    0.03    0.00    0.02    5.17
 109 179 288  174.91   -0.13    1.86   -1.99    0.32    0.25    0.00    0.02    0.00    0.00    0.00    0.02    0.00    0.00    6.03
 109 180 289  177.33   -0.17    1.89   -2.06    0.32    0.25    0.00    0.02    0.00    0.00    0.00    0.02    0.00   -0.01    5.66
 109 181 290  181.09   -0.36    2.00   -2.35    0.31    0.27    0.00    0.02    0.00    0.00    0.00    0.01    0.00   -0.01    6.18
 109 182 291  183.71   -0.41    1.78   -2.19    0.32    0.25    0.00    0.02    0.00    0.00    0.00    0.01    0.00   -0.01    5.70
 109 183 292  187.94   -0.32    1.01   -1.33    0.39    0.17    0.00    0.01    0.00    0.00    0.00    0.01    0.00    0.00    6.46
 109 184 293  190.78   -0.36    1.01   -1.37    0.39    0.17    0.00    0.01    0.00    0.00    0.00    0.01    0.00    0.00    5.95
 109 185 294  195.06   -0.43    0.92   -1.35    0.37    0.16    0.00    0.01    0.00    0.00    0.00    0.01    0.00    0.00    4.51
 109 186 295  198.11   -0.45    0.92   -1.37    0.37    0.16    0.00    0.01    0.00    0.00    0.00    0.01    0.00    0.00    4.68
 109 187 296  202.34   -0.75    0.93   -1.68    0.35    0.16    0.00    0.02    0.00    0.00    0.00    0.01    0.00   -0.01    3.08
 109 188 297  205.62   -0.74    0.92   -1.66    0.35    0.16    0.00    0.01    0.00    0.00    0.00    0.01    0.00    0.00    3.11
 109 189 298  210.18   -0.91    0.72   -1.63    0.24    0.09    0.00    0.04    0.00    0.00    0.00    0.02    0.00    0.00    1.79
 109 190 299  213.63   -0.91    0.47   -1.38    0.25    0.08    0.00    0.03    0.00    0.00    0.00    0.01    0.00    0.00    1.74
 109 191 300  218.49   -0.98    0.54   -1.52    0.16    0.05    0.00    0.04    0.00    0.00    0.00    0.01    0.00    0.01    1.21
 109 192 301  222.03   -1.08    0.54   -1.62    0.17    0.05    0.00    0.04    0.00    0.00    0.00    0.01    0.00    0.01    0.74
 110 146 256  144.02    1.25    0.53    0.72    0.37    0.21    0.00    0.03    0.00    0.00    0.00    0.00    0.00    0.01    2.47
 110 147 257  143.74    1.22    0.43    0.79    0.37    0.18    0.00    0.03    0.00    0.00    0.00    0.00    0.00    0.02    3.29
 110 148 258  141.99    1.22    0.55    0.67    0.37    0.19    0.00    0.03    0.00    0.00    0.00    0.00    0.00    0.02    3.32
 110 149 259  141.80    0.99    0.38    0.62    0.38    0.17    0.00    0.03    0.00    0.00    0.00    0.00    0.00    0.02    4.26
 110 150 260  140.34    1.00    0.49    0.51    0.38    0.18    0.00    0.03    0.00    0.00    0.00    0.00    0.00    0.02    4.05
 110 151 261  140.48    0.82    0.45    0.37    0.37    0.16    0.00    0.01    0.00    0.00    0.00   -0.01    0.00    0.02    5.12
 110 152 262  139.20    0.74    1.37   -0.63    0.40    0.04    0.00    0.14    0.00    0.00    0.00    0.00    0.00    0.00    4.68
 110 153 263  139.51    0.45    1.44   -0.99    0.35    0.00    0.00    0.11    0.00    0.00    0.00   -0.01    0.00    0.03    4.68
 110 154 264  138.41    0.28    1.47   -1.19    0.35    0.00    0.00    0.11    0.00    0.00    0.00   -0.01    0.00    0.03    4.50
 110 155 265  138.83   -0.16    1.69   -1.85    0.34    0.00    0.00    0.10    0.00    0.00    0.00   -0.02    0.00    0.04    4.50
 110 156 266  138.19   -0.14    1.46   -1.60    0.34    0.00    0.00    0.09    0.00    0.00    0.00   -0.02    0.00    0.04    4.39
 110 157 267  138.76   -0.70   -0.54   -0.16    0.50    0.11    0.00    0.08    0.00    0.00    0.00   -0.01    0.00    0.00    4.50
 110 158 268  138.40   -0.66    1.54   -2.21    0.36    0.00    0.09    0.09    0.00    0.00    0.01   -0.01    0.02    0.03    4.38
 110 159 269  139.56   -0.87   -0.56   -0.31    0.52    0.12    0.00    0.07    0.00    0.00    0.00   -0.02    0.00    0.00    5.04
 110 160 270  139.41   -0.88   -0.43   -0.46    0.51    0.12    0.00    0.07    0.00    0.00    0.00   -0.02    0.00    0.00    4.86
 110 161 271  140.92   -1.00   -0.45   -0.55    0.53    0.12    0.00    0.06    0.00    0.00    0.00   -0.03    0.00    0.00    5.91
 110 162 272  141.05   -0.98   -0.37   -0.61    0.52    0.13    0.00    0.07    0.00    0.00    0.00   -0.02    0.00    0.00    5.62
 110 163 273  143.00   -0.91    1.15   -2.06    0.33    0.00    0.00    0.04    0.00    0.00    0.00   -0.01    0.00    0.05    5.85
 110 164 274  143.37   -0.90    1.16   -2.06    0.33    0.00    0.00    0.04    0.00    0.00    0.00   -0.01    0.00    0.05    5.22
 110 165 275  145.31   -1.08    1.12   -2.20    0.33    0.00    0.00    0.03    0.00    0.00    0.00   -0.01    0.00    0.05    4.87
 110 166 276  145.91   -1.06    1.14   -2.20    0.33    0.00    0.00    0.03    0.00    0.00    0.00   -0.01    0.00    0.05    4.47
 110 167 277  148.06   -1.28   -0.35   -0.93    0.55    0.13    0.00    0.07    0.00    0.00    0.00   -0.03    0.00    0.00    4.16
 110 168 278  148.92   -1.24    1.17   -2.41    0.32    0.00    0.00    0.02    0.00    0.00    0.00    0.00    0.00    0.05    3.73
 110 169 279  151.34   -1.41   -0.14   -1.27    0.54    0.13    0.00    0.08    0.00    0.00    0.00   -0.03    0.00    0.00    3.44
 110 170 280  152.51   -1.30   -0.20   -1.10    0.54    0.12    0.00    0.08    0.00    0.00    0.00   -0.03    0.00    0.00    3.29
 110 171 281  155.52   -1.12    1.29   -2.40    0.28    0.00    0.00   -0.02    0.00    0.00    0.00    0.02    0.00    0.04    3.95
 110 172 282  156.84   -1.09    1.11   -2.20    0.28    0.00    0.00   -0.03    0.00    0.00    0.00    0.02    0.00    0.03    3.72
 110 173 283  160.22   -0.75    1.52   -2.28    0.27    0.00    0.00   -0.04    0.00    0.00    0.00    0.03    0.00    0.03    4.68
 110 174 284  161.72   -0.76    1.28   -2.03    0.27    0.00    0.00   -0.04    0.00    0.00    0.00    0.03    0.00    0.02    4.40
 110 175 285  165.26   -0.49    1.58   -2.07    0.27    0.00    0.00   -0.04    0.00    0.00    0.00    0.04    0.00    0.02    5.51
 110 176 286  166.98   -0.49    1.10   -1.59    0.27    0.00    0.00   -0.03    0.00    0.00    0.00    0.03    0.00    0.02    5.04
 110 177 287  170.82   -0.14    1.39   -1.53    0.26    0.00    0.00   -0.03    0.00    0.00    0.00    0.04    0.00    0.02    5.86
 110 178 288  172.61   -0.28    1.39   -1.68    0.26    0.00    0.00   -0.03    0.00    0.00    0.00    0.04    0.00    0.02    5.33
 110 179 289  176.40   -0.19    1.82   -2.01    0.31    0.26    0.00    0.02    0.00    0.00    0.00    0.02    0.00    0.00    5.96
 110 180 290  178.48   -0.26    1.76   -2.02    0.32    0.25    0.00    0.02    0.00    0.00    0.00    0.02    0.00   -0.01    5.61
 110 181 291  182.19   -0.45    1.86   -2.32    0.31    0.27    0.00    0.02    0.00    0.00    0.00    0.01    0.00   -0.01    6.12
 110 182 292  184.50   -0.51    1.75   -2.26    0.31    0.26    0.00    0.02    0.00    0.00    0.00    0.01    0.00   -0.01    5.63
 110 183 293  188.51   -0.60    0.98   -1.58    0.40    0.18    0.00    0.01    0.00    0.00    0.00    0.01    0.00   -0.01    6.20
 110 184 294  191.00   -0.67    0.98   -1.65    0.40    0.18    0.00    0.01    0.00    0.00    0.00    0.01    0.00   -0.01    5.68
 110 185 295  195.36   -0.63    0.94   -1.57    0.39    0.17    0.00    0.00    0.00    0.00    0.00    0.01    0.00    0.00    4.38
 110 186 296  198.07   -0.67    0.87   -1.54    0.38    0.17    0.00    0.01    0.00    0.00    0.00    0.01    0.00    0.00    4.50
 110 187 297  202.38   -0.86    1.06   -1.92    0.35    0.19    0.00    0.02    0.00    0.00    0.00    0.01    0.00   -0.01    3.07
 110 188 298  205.31   -0.90    0.97   -1.87    0.35    0.18    0.00    0.02    0.00    0.00    0.00    0.01    0.00   -0.01    3.01
 110 189 299  209.78   -1.13    0.65   -1.77    0.26    0.09    0.00    0.04    0.00    0.00    0.00    0.02    0.00    0.00    1.79
 110 190 300  212.86   -1.19    0.71   -1.89    0.25    0.10    0.00    0.05    0.00    0.00    0.00    0.01    0.00    0.00    1.58
 110 191 301  217.84   -1.10    0.64   -1.74    0.12    0.05    0.00    0.04    0.00    0.00    0.00    0.02    0.00    0.01    1.28
 110 192 302  221.00   -1.27    0.60   -1.87    0.14    0.06    0.00    0.04    0.00    0.00    0.00    0.02    0.00    0.00    0.76
 111 147 258  153.16    0.83    0.27    0.56    0.39    0.19    0.00    0.03    0.00    0.00    0.00    0.01    0.00    0.02    2.60
 111 148 259  151.32    0.80    0.31    0.50    0.39    0.19    0.00    0.03    0.00    0.00    0.00    0.01    0.00    0.02    2.50
 111 149 260  150.92    0.71   -0.03    0.74    0.48    0.22    0.00    0.07    0.00    0.00    0.00    0.00    0.00    0.01    3.33
 111 150 261  149.44    0.76    0.15    0.61    0.48    0.23    0.00    0.07    0.00    0.00    0.00    0.00    0.00    0.01    3.27
 111 151 262  149.15    0.49   -0.38    0.87    0.45    0.13    0.00    0.07    0.00    0.00    0.00    0.00    0.00    0.02    4.10
 111 152 263  147.81    0.41   -0.24    0.65    0.44    0.14    0.00    0.06    0.00    0.00    0.00    0.00    0.00    0.02    3.67
 111 153 264  147.80    0.14    1.14   -1.00    0.35    0.00    0.00    0.09    0.00    0.00    0.00   -0.02    0.00    0.04    3.73
 111 154 265  146.83    0.16    0.88   -0.73    0.35    0.00    0.00    0.09    0.00    0.00    0.00   -0.02    0.00    0.03    3.81
 111 155 266  146.82   -0.38    1.06   -1.44    0.34    0.00    0.00    0.08    0.00    0.00    0.00   -0.02    0.00    0.04    3.65
 111 156 267  146.19   -0.30    1.09   -1.38    0.34    0.00    0.00    0.08    0.00    0.00    0.00   -0.02    0.00    0.04    3.74
 111 157 268  146.31   -0.97    1.06   -2.03    0.37    0.00    0.08    0.09    0.00    0.00    0.00   -0.01    0.01    0.03    3.65
 111 158 269  145.93   -0.89    1.18   -2.07    0.36    0.00    0.09    0.08    0.00    0.00    0.01   -0.01    0.02    0.03    3.68
 111 159 270  146.94   -0.93   -0.91   -0.02    0.53    0.11    0.00    0.07    0.00    0.00    0.00   -0.03    0.00    0.00    4.52
 111 160 271  146.61   -1.05   -0.89   -0.16    0.53    0.11    0.00    0.06    0.00    0.00    0.00   -0.03    0.00    0.00    4.26
 111 161 272  147.94   -1.03   -0.87   -0.16    0.54    0.12    0.00    0.05    0.00    0.00    0.00   -0.03    0.00    0.00    5.58
 111 162 273  147.97   -1.05   -0.85   -0.20    0.54    0.12    0.00    0.06    0.00    0.00    0.00   -0.03    0.00    0.00    5.30
 111 163 274  149.56   -1.01   -0.68   -0.34    0.55    0.12    0.00    0.05    0.00    0.00    0.00   -0.04    0.00    0.00    5.70
 111 164 275  149.82   -1.05   -0.64   -0.42    0.55    0.12    0.00    0.05    0.00    0.00    0.00   -0.04    0.00    0.00    5.03
 111 165 276  151.59   -1.08   -0.62   -0.45    0.55    0.12    0.00    0.06    0.00    0.00    0.00   -0.04    0.00    0.00    5.05
 111 166 277  152.15   -1.06   -0.59   -0.47    0.55    0.12    0.00    0.06    0.00    0.00    0.00   -0.04    0.00    0.00    4.62
 111 167 278  154.08   -1.16   -0.58   -0.58    0.56    0.13    0.00    0.06    0.00    0.00    0.00   -0.04    0.00    0.00    4.61
 111 168 279  154.90   -1.12   -0.63   -0.49    0.56    0.12    0.00    0.06    0.00    0.00    0.00   -0.04    0.00    0.00    4.13
 111 169 280  157.32   -0.97    1.42   -2.40    0.29    0.00    0.00   -0.02    0.00    0.00    0.00    0.03    0.00    0.04    4.35
 111 170 281  158.37   -0.93    1.43   -2.37    0.29    0.00    0.00   -0.02    0.00    0.00    0.00    0.03    0.00    0.04    4.19
 111 171 282  160.95   -0.85    1.75   -2.60    0.28    0.00    0.00   -0.04    0.00    0.00    0.00    0.04    0.00    0.03    4.74
 111 172 283  162.40   -0.65    1.27   -1.91    0.29    0.00    0.00   -0.03    0.00    0.00    0.00    0.03    0.00    0.03    4.67
 111 173 284  165.27   -0.50    1.96   -2.46    0.28    0.00    0.00   -0.03    0.00    0.00    0.00    0.05    0.00    0.03    5.32
 111 174 285  166.78   -0.45    1.59   -2.04    0.28    0.00    0.00   -0.03    0.00    0.00    0.00    0.04    0.00    0.03    5.07
 111 175 286  169.85   -0.33    1.90   -2.24    0.28    0.00    0.00   -0.04    0.00    0.00    0.00    0.05    0.00    0.02    5.83
 111 176 287  171.56   -0.30    1.90   -2.20    0.27    0.00    0.00   -0.04    0.00    0.00    0.00    0.05    0.00    0.02    5.37
 111 177 288  175.00   -0.04    1.65   -1.68    0.34    0.25    0.00    0.04    0.00    0.00    0.00    0.02    0.00    0.00    6.39
 111 178 289  176.81   -0.12    1.91   -2.03    0.26    0.00    0.00   -0.04    0.00    0.00    0.00    0.05    0.00    0.02    5.93
 111 179 290  180.18   -0.13    1.54   -1.67    0.35    0.24    0.00    0.04    0.00    0.00    0.00    0.02    0.00    0.00    6.60
 111 180 291  182.18   -0.24    1.55   -1.79    0.35    0.24    0.00    0.04    0.00    0.00    0.00    0.02    0.00    0.00    6.22
 111 181 292  185.49   -0.53    1.53   -2.06    0.36    0.24    0.00    0.03    0.00    0.00    0.00    0.02    0.00   -0.01    6.59
 111 182 293  187.79   -0.54    1.54   -2.07    0.36    0.24    0.00    0.03    0.00    0.00    0.00    0.02    0.00   -0.01    6.18
 111 183 294  191.55   -0.58    0.96   -1.54    0.40    0.19    0.00    0.00    0.00    0.00    0.00    0.01    0.00    0.00    6.75
 111 184 295  194.02   -0.63    1.13   -1.75    0.40    0.20    0.00    0.01    0.00    0.00    0.00    0.02    0.00   -0.01    6.20
 111 185 296  198.06   -0.59    0.97   -1.56    0.40    0.19    0.00    0.00    0.00    0.00    0.00    0.01    0.00    0.00    4.79
 111 186 297  200.78   -0.59    1.07   -1.67    0.40    0.20    0.00    0.00    0.00    0.00    0.00    0.01    0.00    0.00    5.04
 111 187 298  205.05   -0.52    1.08   -1.60    0.39    0.20    0.00    0.00    0.00    0.00    0.00    0.01    0.00    0.00    3.73
 111 188 299  207.90   -0.59    1.08   -1.67    0.39    0.20    0.00    0.00    0.00    0.00    0.00    0.01    0.00    0.00    3.76
 111 189 300  212.04   -0.84    0.76   -1.60    0.25    0.10    0.00    0.05    0.00    0.00    0.00    0.02    0.00    0.00    2.20
 111 190 301  215.13   -0.86    0.64   -1.50    0.25    0.10    0.00    0.05    0.00    0.00    0.00    0.01    0.00    0.00    2.28
 111 191 302  219.56   -1.02    0.32   -1.33    0.11    0.11    0.00    0.02    0.00    0.00    0.00    0.01    0.00    0.00    1.04
 111 192 303  222.83   -1.05    0.54   -1.59    0.14    0.14    0.00    0.03    0.00    0.00    0.00    0.01    0.00    0.00    0.99
 112 148 260  159.65    1.02    0.02    1.00    0.38    0.18    0.00    0.02    0.00    0.00    0.00    0.00    0.00    0.02    2.21
 112 149 261  158.99    0.73   -0.07    0.80    0.40    0.18    0.00    0.03    0.00    0.00    0.00    0.00    0.00    0.02    2.96
 112 150 262  157.13    0.74    0.10    0.64    0.39    0.16    0.00    0.02    0.00    0.00    0.00    0.00    0.00    0.03    2.77
 112 151 263  157.01    0.70    0.32    0.38    0.35    0.00    0.00    0.09    0.00    0.00    0.00   -0.01    0.00    0.02    3.92
 112 152 264  155.31    0.60    0.59    0.01    0.35    0.00    0.00    0.10    0.00    0.00    0.00   -0.01    0.00    0.02    3.47
 112 153 265  155.16    0.25    0.59   -0.33    0.35    0.00    0.00    0.09    0.00    0.00    0.00   -0.01    0.00    0.03    3.40
 112 154 266  153.79    0.20    0.62   -0.42    0.35    0.00    0.00    0.09    0.00    0.00    0.00   -0.01    0.00    0.03    3.33
 112 155 267  153.74   -0.32    0.82   -1.13    0.34    0.00    0.00    0.08    0.00    0.00    0.00   -0.01    0.00    0.04    3.21
 112 156 268  152.74   -0.27    0.66   -0.93    0.34    0.00    0.00    0.07    0.00    0.00    0.00   -0.01    0.00    0.04    3.26
 112 157 269  152.77   -0.96    0.98   -1.94    0.36    0.00    0.09    0.08    0.00    0.00    0.01   -0.01    0.02    0.03    3.21
 112 158 270  152.11   -0.84    0.95   -1.79    0.36    0.00    0.10    0.07    0.00    0.00    0.01   -0.01    0.02    0.03    3.31
 112 159 271  152.82   -1.12   -1.27    0.15    0.53    0.11    0.00    0.06    0.00    0.00    0.00   -0.03    0.00    0.00    3.98
 112 160 272  152.22   -1.20    1.53   -2.73    0.32    0.00    0.10    0.01    0.00    0.00    0.01   -0.01    0.03    0.04    3.78
 112 161 273  153.45   -1.21    1.38   -2.59    0.31    0.00    0.06    0.00    0.00    0.00    0.01   -0.01    0.02    0.05    5.02
 112 162 274  153.14   -1.25    1.78   -3.03    0.32    0.00    0.08    0.01    0.00    0.00    0.02   -0.01    0.03    0.05    4.72
 112 163 275  154.51   -1.37    1.71   -3.08    0.35    0.00    0.09    0.04    0.00    0.00    0.02   -0.01    0.03    0.05    5.00
 112 164 276  154.54   -1.31    1.70   -3.02    0.32    0.00    0.07    0.01    0.00    0.00    0.02    0.00    0.03    0.05    4.46
 112 165 277  156.25   -1.35    1.30   -2.65    0.34    0.00    0.06    0.03    0.00    0.00    0.02    0.00    0.02    0.05    4.46
 112 166 278  156.44   -1.37    1.70   -3.08    0.33    0.00    0.06    0.02    0.00    0.00    0.03    0.00    0.03    0.05    4.01
 112 167 279  158.30   -1.50    1.34   -2.84    0.33    0.00    0.04    0.03    0.00    0.00    0.02    0.01    0.02    0.05    3.99
 112 168 280  159.03   -1.22    0.86   -2.08    0.31    0.00    0.00    0.00    0.00    0.00    0.00    0.02    0.00    0.04    3.78
 112 169 281  161.28   -1.20    1.50   -2.70    0.28    0.00    0.00   -0.03    0.00    0.00    0.00    0.03    0.00    0.04    3.88
 112 170 282  162.05   -1.12    1.51   -2.63    0.28    0.00    0.00   -0.03    0.00    0.00    0.00    0.03    0.00    0.04    3.74
 112 171 283  164.81   -0.81    1.49   -2.29    0.28    0.00    0.00   -0.03    0.00    0.00    0.00    0.04    0.00    0.03    4.58
 112 172 284  165.76   -0.78    1.19   -1.97    0.28    0.00    0.00   -0.03    0.00    0.00    0.00    0.03    0.00    0.03    4.34
 112 173 285  168.73   -0.49    2.09   -2.58    0.28    0.00    0.00   -0.04    0.00    0.00    0.00    0.05    0.00    0.03    5.26
 112 174 286  169.90   -0.47    1.45   -1.91    0.28    0.00    0.00   -0.04    0.00    0.00    0.00    0.04    0.00    0.02    5.03
 112 175 287  172.97   -0.30    1.83   -2.13    0.27    0.00    0.00   -0.04    0.00    0.00    0.00    0.05    0.00    0.02    6.04
 112 176 288  174.39   -0.25    1.84   -2.09    0.27    0.00    0.00   -0.04    0.00    0.00    0.00    0.05    0.00    0.02    5.60
 112 177 289  177.63   -0.13    1.45   -1.58    0.33    0.25    0.00    0.03    0.00    0.00    0.00    0.02    0.00    0.00    6.29
 112 178 290  179.17   -0.18    1.34   -1.52    0.34    0.24    0.00    0.03    0.00    0.00    0.00    0.02    0.00    0.00    5.87
 112 179 291  182.31   -0.37    1.38   -1.75    0.34    0.24    0.00    0.03    0.00    0.00    0.00    0.02    0.00   -0.01    6.32
 112 180 292  184.00   -0.48    1.47   -1.95    0.34    0.25    0.00    0.03    0.00    0.00    0.00    0.02    0.00    0.00    5.94
 112 181 293  187.29   -0.74    1.60   -2.34    0.33    0.26    0.00    0.02    0.00    0.00    0.00    0.02    0.00   -0.01    6.29
 112 182 294  189.26   -0.77    1.51   -2.29    0.33    0.25    0.00    0.03    0.00    0.00    0.00    0.02    0.00   -0.01    5.89
 112 183 295  193.03   -0.77    0.81   -1.58    0.41    0.19    0.00    0.00    0.00    0.00    0.00    0.01    0.00   -0.01    6.48
 112 184 296  195.16   -0.84    0.84   -1.69    0.40    0.20    0.00    0.01    0.00    0.00    0.00    0.01    0.00   -0.01    5.91
 112 185 297  199.20   -0.77    0.87   -1.64    0.41    0.19    0.00   -0.01    0.00    0.00    0.00    0.00    0.00    0.00    4.54
 112 186 298  201.55   -0.83    0.84   -1.67    0.40    0.19    0.00    0.00    0.00    0.00    0.00    0.01    0.00   -0.01    4.74
 112 187 299  205.76   -0.79    0.68   -1.46    0.37    0.18    0.00    0.01    0.00    0.00    0.00    0.01    0.00    0.00    3.39
 112 188 300  208.29   -0.87    0.79   -1.66    0.38    0.19    0.00    0.01    0.00    0.00    0.00    0.01    0.00   -0.01    3.44
 112 189 301  212.44   -1.08    0.69   -1.77    0.25    0.10    0.00    0.05    0.00    0.00    0.00    0.02    0.00    0.00    1.92
 112 190 302  215.24   -1.08    0.69   -1.78    0.25    0.10    0.00    0.05    0.00    0.00    0.00    0.02    0.00    0.00    2.02
 112 191 303  219.62   -1.26    0.37   -1.63    0.10    0.17    0.00    0.01    0.00    0.00    0.00    0.00    0.00    0.00    1.07
 112 192 304  222.62   -1.25    0.17   -1.42    0.08    0.12    0.00    0.00    0.00    0.00    0.00    0.00    0.00    0.00    0.76
 113 149 262  168.77    0.30   -0.17    0.47    0.37    0.13    0.00    0.01    0.00    0.00    0.00    0.00    0.00    0.03    2.02
 113 150 263  167.02    0.50   -0.08    0.58    0.35    0.00    0.00    0.08    0.00    0.00    0.00   -0.01    0.00    0.02    2.02
 113 151 264  166.42    0.31    0.04    0.28    0.36    0.00    0.00    0.09    0.00    0.00    0.00   -0.01    0.00    0.02    2.95
 113 152 265  164.62    0.17   -0.02    0.19    0.35    0.00    0.00    0.08    0.00    0.00    0.00   -0.01    0.00    0.02    2.44
 113 153 266  164.15   -0.16    0.31   -0.47    0.36    0.00    0.00    0.09    0.00    0.00    0.00   -0.01    0.00    0.03    2.33
 113 154 267  162.70   -0.23    0.24   -0.48    0.35    0.00    0.00    0.08    0.00    0.00    0.00   -0.01    0.00    0.03    2.25
 113 155 268  162.43   -0.64    0.28   -0.92    0.37    0.00    0.10    0.07    0.00    0.00    0.00   -0.01    0.01    0.02    2.44
 113 156 269  161.20   -0.76    0.60   -1.36    0.36    0.00    0.10    0.06    0.00    0.00    0.01   -0.01    0.02    0.03    2.34
 113 157 270  161.01   -1.35    0.75   -2.09    0.36    0.00    0.11    0.06    0.00    0.00    0.01   -0.01    0.02    0.03    2.55
 113 158 271  160.32   -1.19    0.83   -2.02    0.36    0.00    0.12    0.05    0.00    0.00    0.01   -0.01    0.02    0.03    2.66
 113 159 272  160.97   -1.21    1.29   -2.50    0.36    0.00    0.13    0.04    0.00    0.00    0.00   -0.01    0.02    0.04    3.65
 113 160 273  160.25   -1.34    1.57   -2.91    0.30    0.00    0.08   -0.01    0.00    0.00    0.01    0.00    0.02    0.05    3.45
 113 161 274  161.03   -1.48    1.52   -3.00    0.30    0.00    0.06   -0.02    0.00    0.00    0.01    0.00    0.02    0.05    4.58
 113 162 275  160.80   -1.39    1.17   -2.56    0.29    0.00    0.06   -0.02    0.00    0.00    0.01    0.00    0.02    0.04    4.41
 113 163 276  161.82   -1.53   -1.30   -0.23    0.55    0.13    0.00    0.05    0.00    0.00    0.00   -0.04    0.00    0.00    4.88
 113 164 277  161.88   -1.39    1.60   -2.99    0.29    0.00    0.05   -0.02    0.00    0.00    0.01    0.01    0.02    0.05    4.44
 113 165 278  163.19   -1.50   -1.06   -0.44    0.56    0.13    0.00    0.05    0.00    0.00    0.00   -0.05    0.00    0.00    4.58
 113 166 279  163.46   -1.39    1.44   -2.84    0.29    0.00    0.05   -0.02    0.00    0.00    0.02    0.02    0.02    0.04    4.23
 113 167 280  165.23   -1.29    1.80   -3.09    0.28    0.00    0.04   -0.03    0.00    0.00    0.02    0.03    0.02    0.04    4.67
 113 168 281  165.84   -1.08    1.60   -2.69    0.28    0.00    0.03   -0.02    0.00    0.00    0.02    0.03    0.02    0.04    4.34
 113 169 282  168.01   -0.81    1.93   -2.74    0.29    0.00    0.00   -0.04    0.00    0.00    0.00    0.04    0.00    0.04    4.89
 113 170 283  168.75   -0.72    1.43   -2.15    0.29    0.00    0.00   -0.03    0.00    0.00    0.00    0.03    0.00    0.04    4.46
 113 171 284  171.09   -0.51    1.99   -2.50    0.28    0.00    0.00   -0.04    0.00    0.00    0.00    0.05    0.00    0.03    5.19
 113 172 285  172.03   -0.44    2.00   -2.44    0.28    0.00    0.00   -0.04    0.00    0.00    0.00    0.05    0.00    0.03    4.97
 113 173 286  174.51   -0.33    2.01   -2.33    0.29    0.00    0.00   -0.04    0.00    0.00    0.00    0.05    0.00    0.03    5.74
 113 174 287  175.70   -0.23    2.73   -2.96    0.28    0.00    0.00   -0.05    0.00    0.00    0.00    0.06    0.00    0.03    5.54
 113 175 288  178.39   -0.14    2.46   -2.60    0.28    0.00    0.00   -0.05    0.00    0.00    0.00    0.06    0.00    0.02    6.43
 113 176 289  179.84    0.00    2.23   -2.24    0.28    0.00    0.00   -0.04    0.00    0.00    0.00    0.06    0.00    0.02    6.28
 113 177 290  182.51   -0.15    1.59   -1.74    0.33    0.26    0.00    0.03    0.00    0.00    0.00    0.03    0.00    0.00    6.95
 113 178 291  184.05   -0.15    1.29   -1.44    0.36    0.25    0.00    0.04    0.00    0.00    0.00    0.02    0.00    0.00    6.61
 113 179 292  187.09   -0.13    1.16   -1.29    0.37    0.24    0.00    0.03    0.00    0.00    0.00    0.02    0.00   -0.01    7.26
 113 180 293  188.69   -0.28    0.93   -1.21    0.38    0.23    0.00    0.03    0.00    0.00    0.00    0.01    0.00   -0.01    6.82
 113 181 294  191.51   -0.70    0.96   -1.66    0.40    0.23    0.00    0.01    0.00    0.00    0.00    0.01    0.00   -0.01    6.93
 113 182 295  193.63   -0.55    0.94   -1.49    0.39    0.23    0.00    0.02    0.00    0.00    0.00    0.01    0.00   -0.01    6.71
 113 183 296  196.96   -0.67    0.76   -1.42    0.40    0.21    0.00    0.01    0.00    0.00    0.00    0.01    0.00   -0.01    7.13
 113 184 297  199.15   -0.65    0.87   -1.52    0.40    0.22    0.00    0.01    0.00    0.00    0.00    0.01    0.00   -0.01    6.63
 113 185 298  202.99   -0.46    0.78   -1.24    0.40    0.21    0.00    0.00    0.00    0.00    0.00    0.00    0.00    0.00    5.36
 113 186 299  205.18   -0.64    0.83   -1.47    0.40    0.21    0.00    0.00    0.00    0.00    0.00    0.00    0.00   -0.01    5.43
 113 187 300  209.09   -0.59    0.84   -1.43    0.40    0.20    0.00   -0.01    0.00    0.00    0.00   -0.01    0.00    0.00    4.11
 113 188 301  211.62   -0.63    0.69   -1.33    0.40    0.20    0.00    0.00    0.00    0.00    0.00    0.00    0.00    0.00    4.14
 113 189 302  215.50   -0.82    0.64   -1.45    0.26    0.11    0.00    0.05    0.00    0.00    0.00    0.02    0.00    0.00    2.67
 113 190 303  218.23   -0.85    0.81   -1.66    0.22    0.13    0.00    0.05    0.00    0.00    0.00    0.02    0.00    0.00    2.70
 113 191 304  222.19   -1.14    0.61   -1.75    0.19    0.14    0.00    0.04    0.00    0.00    0.00    0.01    0.00    0.00    1.30
 113 192 305  225.13   -1.17    0.30   -1.46    0.27    0.09    0.00    0.04    0.00    0.00    0.00    0.01    0.00    0.00    1.28
 114 150 264  175.59    0.56   -0.38    0.94    0.37    0.14    0.00    0.00    0.00    0.00    0.00   -0.01    0.00    0.02    1.72
 114 151 265  174.99    0.44   -0.23    0.66    0.35    0.00    0.00    0.08    0.00    0.00    0.00   -0.01    0.00    0.02    2.75
 114 152 266  172.88    0.32   -0.20    0.52    0.35    0.00    0.00    0.08    0.00    0.00    0.00   -0.01    0.00    0.02    2.27
 114 153 267  172.32   -0.04    0.13   -0.17    0.36    0.00    0.00    0.09    0.00    0.00    0.00   -0.01    0.00    0.03    2.15
 114 154 268  170.56   -0.09    0.08   -0.16    0.35    0.00    0.00    0.08    0.00    0.00    0.00   -0.01    0.00    0.03    2.13
 114 155 269  170.14   -0.58    0.07   -0.65    0.38    0.00    0.11    0.07    0.00    0.00    0.00   -0.01    0.01    0.02    2.13
 114 156 270  168.83   -0.45   -0.04   -0.41    0.32    0.00    0.00    0.05    0.00    0.00    0.00   -0.01    0.00    0.03    2.27
 114 157 271  168.50   -1.13    1.20   -2.32    0.31    0.00    0.09    0.00    0.00    0.00    0.01   -0.01    0.03    0.04    2.36
 114 158 272  167.52   -0.92    0.94   -1.87    0.30    0.00    0.08    0.00    0.00    0.00    0.01   -0.01    0.02    0.04    2.50
 114 159 273  167.89   -1.16    1.23   -2.39    0.35    0.00    0.12    0.03    0.00    0.00    0.01   -0.01    0.03    0.04    3.25
 114 160 274  167.18   -0.96    1.25   -2.21    0.30    0.00    0.08    0.00    0.00    0.00    0.02    0.00    0.03    0.04    3.39
 114 161 275  167.88   -1.12    1.11   -2.24    0.30    0.00    0.07   -0.02    0.00    0.00    0.01    0.00    0.02    0.04    4.53
 114 162 276  167.32   -1.03    1.59   -2.62    0.30    0.00    0.07    0.00    0.00    0.00    0.02    0.00    0.03    0.05    4.35
 114 163 277  168.20   -1.27    1.70   -2.97    0.30    0.00    0.07   -0.02    0.00    0.00    0.02    0.01    0.02    0.05    4.75
 114 164 278  167.93   -1.13    1.08   -2.21    0.30    0.00    0.06   -0.01    0.00    0.00    0.02    0.01    0.02    0.04    4.32
 114 165 279  169.09   -1.34    1.76   -3.10    0.29    0.00    0.06   -0.02    0.00    0.00    0.03    0.02    0.03    0.04    4.29
 114 166 280  169.03   -1.24    1.29   -2.53    0.29    0.00    0.04   -0.02    0.00    0.00    0.02    0.02    0.02    0.04    3.99
 114 167 281  170.74   -1.15    1.67   -2.82    0.28    0.00    0.03   -0.03    0.00    0.00    0.02    0.03    0.02    0.04    4.37
 114 168 282  170.98   -0.99    1.52   -2.51    0.28    0.00    0.03   -0.02    0.00    0.00    0.02    0.03    0.02    0.04    4.05
 114 169 283  173.06   -0.76    1.66   -2.42    0.28    0.00    0.00   -0.03    0.00    0.00    0.00    0.04    0.00    0.04    4.51
 114 170 284  173.48   -0.66    1.30   -1.96    0.29    0.00    0.00   -0.03    0.00    0.00    0.00    0.04    0.00    0.03    4.48
 114 171 285  175.82   -0.41    1.90   -2.31    0.29    0.00    0.00   -0.04    0.00    0.00    0.00    0.05    0.00    0.03    5.16
 114 172 286  176.36   -0.42    1.34   -1.76    0.28    0.00    0.00   -0.03    0.00    0.00    0.00    0.04    0.00    0.03    4.83
 114 173 287  178.87   -0.23    2.41   -2.63    0.28    0.00    0.00   -0.04    0.00    0.00    0.00    0.06    0.00    0.03    5.76
 114 174 288  179.68   -0.20    1.68   -1.88    0.28    0.00    0.00   -0.04    0.00    0.00    0.00    0.05    0.00    0.02    5.51
 114 175 289  182.33   -0.09    2.40   -2.48    0.27    0.00    0.00   -0.05    0.00    0.00    0.00    0.06    0.00    0.02    6.43
 114 176 290  183.40   -0.03    2.17   -2.20    0.27    0.00    0.00   -0.04    0.00    0.00    0.00    0.06    0.00    0.02    6.04
 114 177 291  185.97   -0.22    1.31   -1.53    0.34    0.25    0.00    0.03    0.00    0.00    0.00    0.03    0.00    0.00    6.67
 114 178 292  187.17   -0.25    1.00   -1.25    0.35    0.24    0.00    0.03    0.00    0.00    0.00    0.02    0.00    0.00    6.58
 114 179 293  189.96   -0.45    1.14   -1.59    0.35    0.25    0.00    0.03    0.00    0.00    0.00    0.02    0.00   -0.01    6.75
 114 180 294  191.30   -0.54    1.02   -1.56    0.36    0.24    0.00    0.03    0.00    0.00    0.00    0.02    0.00   -0.01    6.45
 114 181 295  194.25   -0.79    1.01   -1.80    0.37    0.24    0.00    0.02    0.00    0.00    0.00    0.02    0.00   -0.01    6.64
 114 182 296  195.89   -0.81    1.01   -1.82    0.37    0.24    0.00    0.03    0.00    0.00    0.00    0.02    0.00   -0.01    6.29
 114 183 297  199.08   -1.03    0.68   -1.70    0.40    0.22    0.00    0.01    0.00    0.00    0.00    0.01    0.00   -0.01    6.58
 114 184 298  200.99   -0.98    0.77   -1.75    0.39    0.23    0.00    0.02    0.00    0.00    0.00    0.01    0.00   -0.01    6.10
 114 185 299  204.69   -0.89    0.50   -1.39    0.40    0.20    0.00    0.00    0.00    0.00    0.00    0.00    0.00    0.00    4.72
 114 186 300  206.67   -0.98    0.60   -1.58    0.40    0.21    0.00    0.01    0.00    0.00    0.00    0.01    0.00   -0.01    4.92
 114 187 301  210.52   -0.95    0.68   -1.63    0.40    0.20    0.00   -0.01    0.00    0.00    0.00    0.00    0.00   -0.01    3.52
 114 188 302  212.77   -0.97    0.66   -1.63    0.40    0.21    0.00    0.00    0.00    0.00    0.00    0.00    0.00   -0.01    3.66
 114 189 303  216.76   -1.00    0.56   -1.56    0.26    0.11    0.00    0.05    0.00    0.00    0.00    0.02    0.00    0.00    2.26
 114 190 304  219.15   -1.07    0.52   -1.59    0.26    0.10    0.00    0.05    0.00    0.00    0.00    0.02    0.00    0.00    2.36
 114 191 305  223.06   -1.37    0.21   -1.58    0.08    0.15    0.00    0.00    0.00    0.00    0.00    0.00    0.00    0.00    0.78
 114 192 306  225.66   -1.44    0.44   -1.88    0.15    0.15    0.00    0.03    0.00    0.00    0.00    0.00    0.00    0.00    0.91
 115 151 266  184.88   -0.26   -0.70    0.43    0.35    0.00    0.00    0.06    0.00    0.00    0.00   -0.01    0.00    0.02    1.54
 115 152 267  182.83   -0.26   -0.57    0.32    0.33    0.00    0.00    0.05    0.00    0.00    0.00   -0.01    0.00    0.02    1.17
 115 153 268  181.89   -0.67   -0.29   -0.37    0.35    0.00    0.00    0.07    0.00    0.00    0.00   -0.01    0.00    0.03    0.90
 115 154 269  180.45   -0.34   -0.22   -0.12    0.30    0.00    0.00    0.03    0.00    0.00    0.00   -0.01    0.00    0.03    1.33
 115 155 270  180.25   -0.27   -0.13   -0.14    0.30    0.00    0.00    0.02    0.00    0.00    0.00   -0.02    0.00    0.03    2.14
 115 156 271  178.87   -0.15   -0.14   -0.01    0.29    0.00    0.00    0.02    0.00    0.00    0.00   -0.01    0.00    0.03    2.29
 115 157 272  178.44   -0.60    1.03   -1.63    0.30    0.00    0.08   -0.02    0.00    0.00    0.01   -0.01    0.02    0.04    2.81
 115 158 273  177.35   -0.46    0.97   -1.43    0.30    0.00    0.08   -0.01    0.00    0.00    0.02    0.00    0.02    0.04    2.89
 115 159 274  177.36   -0.73    1.00   -1.72    0.30    0.00    0.08   -0.01    0.00    0.00    0.02    0.00    0.02    0.04    3.67
 115 160 275  176.57   -0.54    1.02   -1.56    0.30    0.00    0.08   -0.01    0.00    0.00    0.02    0.00    0.02    0.04    3.81
 115 161 276  176.85   -0.81    1.14   -1.95    0.30    0.00    0.07   -0.02    0.00    0.00    0.02    0.01    0.02    0.04    4.88
 115 162 277  176.22   -0.72    1.15   -1.86    0.30    0.00    0.07   -0.01    0.00    0.00    0.03    0.01    0.02    0.04    4.68
 115 163 278  176.78   -0.95    1.88   -2.83    0.31    0.00    0.07   -0.01    0.00    0.00    0.03    0.02    0.03    0.05    5.30
 115 164 279  176.36   -0.92    1.38   -2.30    0.30    0.00    0.06   -0.02    0.00    0.00    0.03    0.02    0.02    0.04    4.79
 115 165 280  177.15   -1.17    1.86   -3.03    0.29    0.00    0.06   -0.02    0.00    0.00    0.04    0.02    0.03    0.04    4.87
 115 166 281  177.00   -1.11    1.86   -2.96    0.30    0.00    0.06   -0.02    0.00    0.00    0.03    0.03    0.03    0.04    4.56
 115 167 282  178.28   -1.12    1.90   -3.02    0.27    0.00    0.03   -0.04    0.00    0.00    0.01    0.04    0.01    0.04    4.96
 115 168 283  178.64   -0.79    2.09   -2.88    0.28    0.00    0.04   -0.03    0.00    0.00    0.03    0.04    0.02    0.04    4.81
 115 169 284  180.32   -0.64    2.51   -3.15    0.28    0.00    0.03   -0.04    0.00    0.00    0.02    0.05    0.02    0.04    5.29
 115 170 285  180.73   -0.50    1.63   -2.13    0.28    0.00    0.04   -0.03    0.00    0.00    0.02    0.04    0.02    0.03    4.98
 115 171 286  182.60   -0.40    2.30   -2.70    0.28    0.00    0.00   -0.04    0.00    0.00    0.00    0.06    0.00    0.03    5.70
 115 172 287  183.27   -0.24    1.63   -1.87    0.29    0.00    0.00   -0.03    0.00    0.00    0.00    0.05    0.00    0.03    5.56
 115 173 288  185.32   -0.19    2.86   -3.05    0.29    0.00    0.00   -0.04    0.00    0.00    0.00    0.07    0.00    0.03    6.21
 115 174 289  186.11   -0.13    2.33   -2.46    0.29    0.00    0.00   -0.04    0.00    0.00    0.00    0.06    0.00    0.03    6.02
 115 175 290  188.29   -0.18    3.76   -3.95    0.28    0.00    0.00   -0.06    0.00    0.00    0.00    0.08    0.00    0.02    6.68
 115 176 291  189.39   -0.04    2.87   -2.92    0.28    0.00    0.00   -0.05    0.00    0.00    0.00    0.07    0.00    0.02    6.55
 115 177 292  191.97    0.08    3.53   -3.44    0.27    0.00    0.00   -0.05    0.00    0.00    0.00    0.08    0.00    0.02    7.46
 115 178 293  192.91   -0.16    0.78   -0.94    0.37    0.24    0.00    0.03    0.00    0.00    0.00    0.02    0.00   -0.01    6.80
 115 179 294  195.45   -0.29    0.90   -1.19    0.37    0.25    0.00    0.03    0.00    0.00    0.00    0.02    0.00   -0.01    7.08
 115 180 295  196.74   -0.40    0.81   -1.21    0.37    0.24    0.00    0.03    0.00    0.00    0.00    0.02    0.00   -0.01    6.69
 115 181 296  199.43   -0.60    0.80   -1.40    0.38    0.24    0.00    0.02    0.00    0.00    0.00    0.02    0.00   -0.01    7.00
 115 182 297  201.06   -0.58    0.81   -1.39    0.38    0.24    0.00    0.02    0.00    0.00    0.00    0.02    0.00   -0.01    6.48
 115 183 298  204.01   -0.74    0.60   -1.34    0.38    0.23    0.00    0.02    0.00    0.00    0.00    0.01    0.00   -0.01    6.75
 115 184 299  205.90   -0.67    0.61   -1.28    0.38    0.23    0.00    0.02    0.00    0.00    0.00    0.01    0.00   -0.01    6.23
 115 185 300  209.21   -0.66    0.40   -1.06    0.39    0.21    0.00    0.01    0.00    0.00    0.00    0.00    0.00   -0.01    4.97
 115 186 301  211.18   -0.73    0.55   -1.28    0.39    0.22    0.00    0.01    0.00    0.00    0.00    0.01    0.00   -0.01    5.01
 115 187 302  214.74   -0.67    0.65   -1.32    0.38    0.23    0.00    0.01    0.00    0.00    0.00    0.00    0.00   -0.01    3.85
 115 188 303  216.91   -0.74    0.52   -1.26    0.39    0.22    0.00    0.01    0.00    0.00    0.00    0.00    0.00   -0.01    3.74
 115 189 304  220.53   -0.83    0.42   -1.25    0.27    0.08    0.00    0.04    0.00    0.00    0.00    0.03    0.00    0.00    2.52
 115 190 305  222.83   -0.97    0.22   -1.18    0.28    0.09    0.00    0.04    0.00    0.00    0.00    0.02    0.00    0.00    2.34
 115 191 306  226.75   -0.96    0.11   -1.07    0.29    0.08    0.00    0.03    0.00    0.00    0.00    0.02    0.00   -0.01    1.53
 115 192 307  229.16   -1.17    0.12   -1.29    0.28    0.07    0.00    0.03    0.00    0.00    0.00    0.02    0.00   -0.01    1.23
 116 152 268  191.89   -0.09   -0.73    0.64    0.33    0.00    0.00    0.05    0.00    0.00    0.00   -0.01    0.00    0.02    1.08
 116 153 269  190.98   -0.40   -0.47    0.07    0.35    0.00    0.00    0.07    0.00    0.00    0.00   -0.01    0.00    0.03    0.96
 116 154 270  188.95   -0.33   -0.36    0.03    0.31    0.00    0.00    0.04    0.00    0.00    0.00   -0.01    0.00    0.03    1.01
 116 155 271  188.43   -0.53    0.67   -1.20    0.30    0.00    0.10    0.00    0.00    0.00    0.01   -0.02    0.02    0.03    1.39
 116 156 272  186.92   -0.21   -0.32    0.10    0.30    0.00    0.00    0.02    0.00    0.00    0.00   -0.01    0.00    0.03    1.72
 116 157 273  186.50   -0.59    0.84   -1.43    0.29    0.00    0.08   -0.01    0.00    0.00    0.01   -0.01    0.02    0.04    2.24
 116 158 274  185.12   -0.40    0.76   -1.16    0.29    0.00    0.07   -0.01    0.00    0.00    0.01   -0.01    0.02    0.04    2.37
 116 159 275  185.08   -0.67    0.81   -1.48    0.30    0.00    0.08   -0.01    0.00    0.00    0.01    0.00    0.02    0.04    3.13
 116 160 276  183.96   -0.49    0.84   -1.33    0.30    0.00    0.08   -0.01    0.00    0.00    0.01    0.00    0.02    0.04    3.27
 116 161 277  184.31   -0.62    0.89   -1.51    0.30    0.00    0.07   -0.01    0.00    0.00    0.02    0.01    0.02    0.04    4.45
 116 162 278  183.28   -0.62    0.91   -1.52    0.30    0.00    0.07   -0.01    0.00    0.00    0.02    0.01    0.02    0.04    4.18
 116 163 279  183.78   -0.86    1.22   -2.08    0.31    0.00    0.07   -0.01    0.00    0.00    0.03    0.01    0.03    0.04    4.77
 116 164 280  183.08   -0.78    1.30   -2.07    0.30    0.00    0.07   -0.01    0.00    0.00    0.03    0.01    0.03    0.04    4.34
 116 165 281  183.78   -1.07    1.51   -2.58    0.28    0.00    0.04   -0.03    0.00    0.00    0.02    0.03    0.02    0.04    4.36
 116 166 282  183.41   -0.91    1.29   -2.20    0.29    0.00    0.05   -0.02    0.00    0.00    0.03    0.02    0.02    0.04    4.16
 116 167 283  184.62   -0.94    1.78   -2.72    0.27    0.00    0.02   -0.04    0.00    0.00    0.01    0.04    0.01    0.04    4.52
 116 168 284  184.73   -0.54    1.45   -1.99    0.29    0.00    0.00   -0.03    0.00    0.00    0.00    0.04    0.00    0.04    4.48
 116 169 285  186.27   -0.49    2.07   -2.56    0.28    0.00    0.03   -0.04    0.00    0.00    0.02    0.05    0.02    0.03    4.83
 116 170 286  186.38   -0.33    1.13   -1.45    0.29    0.00    0.00   -0.03    0.00    0.00    0.00    0.04    0.00    0.03    4.70
 116 171 287  188.29   -0.13    2.20   -2.33    0.29    0.00    0.00   -0.04    0.00    0.00    0.00    0.06    0.00    0.03    5.75
 116 172 288  188.50   -0.11    1.75   -1.86    0.29    0.00    0.00   -0.04    0.00    0.00    0.00    0.05    0.00    0.03    5.45
 116 173 289  190.57    0.00    1.98   -1.98    0.28    0.00    0.00   -0.04    0.00    0.00    0.00    0.06    0.00    0.02    6.18
 116 174 290  191.03    0.05    1.99   -1.94    0.28    0.00    0.00   -0.04    0.00    0.00    0.00    0.06    0.00    0.02    5.93
 116 175 291  193.21    0.04    0.92   -0.88    0.35    0.25    0.00    0.04    0.00    0.00    0.00    0.03    0.00    0.00    6.67
 116 176 292  193.81   -0.01    0.71   -0.72    0.35    0.25    0.00    0.03    0.00    0.00    0.00    0.02    0.00    0.00    6.30
 116 177 293  195.95   -0.28    0.87   -1.14    0.35    0.26    0.00    0.04    0.00    0.00    0.00    0.02    0.00    0.00    6.82
 116 178 294  196.78   -0.31    0.71   -1.02    0.36    0.25    0.00    0.03    0.00    0.00    0.00    0.02    0.00    0.00    6.37
 116 179 295  199.18   -0.54    0.75   -1.29    0.36    0.25    0.00    0.03    0.00    0.00    0.00    0.02    0.00   -0.01    6.64
 116 180 296  200.21   -0.61    0.62   -1.22    0.37    0.24    0.00    0.03    0.00    0.00    0.00    0.02    0.00   -0.01    6.25
 116 181 297  202.79   -0.87    0.63   -1.49    0.37    0.25    0.00    0.03    0.00    0.00    0.00    0.01    0.00   -0.01    6.51
 116 182 298  204.12   -0.85    0.51   -1.35    0.38    0.24    0.00    0.02    0.00    0.00    0.00    0.01    0.00   -0.01    6.10
 116 183 299  206.97   -1.06    0.43   -1.49    0.39    0.23    0.00    0.01    0.00    0.00    0.00    0.01    0.00   -0.01    6.35
 116 184 300  208.51   -1.03    0.49   -1.52    0.39    0.24    0.00    0.02    0.00    0.00    0.00    0.01    0.00   -0.01    5.84
 116 185 301  211.77   -1.04    0.35   -1.38    0.39    0.22    0.00    0.01    0.00    0.00    0.00    0.01    0.00   -0.01    4.38
 116 186 302  213.45   -1.08    0.32   -1.40    0.40    0.22    0.00    0.01    0.00    0.00    0.00    0.01    0.00   -0.01    4.64
 116 187 303  216.96   -1.04    0.38   -1.43    0.40    0.22    0.00    0.00    0.00    0.00    0.00    0.00    0.00   -0.01    3.27
 116 188 304  218.87   -1.07    0.39   -1.46    0.40    0.22    0.00    0.00    0.00    0.00    0.00    0.00    0.00   -0.01    3.40
 116 189 305  222.50   -1.11    0.20   -1.31    0.27    0.10    0.00    0.04    0.00    0.00    0.00    0.02    0.00    0.00    2.04
 116 190 306  224.61   -1.13    0.40   -1.53    0.26    0.11    0.00    0.05    0.00    0.00    0.00    0.02    0.00    0.00    2.16
 116 191 307  228.16   -1.46    0.01   -1.47    0.28    0.09    0.00    0.04    0.00    0.00    0.00    0.01    0.00    0.00    0.90
 116 192 308  230.46   -1.48    0.24   -1.72    0.27    0.11    0.00    0.05    0.00    0.00    0.00    0.01    0.00    0.00    0.75
 117 153 270  202.20   -0.16   -0.39    0.23    0.27    0.00    0.00    0.02    0.00    0.00    0.00   -0.02    0.00    0.02    0.76
 117 154 271  200.05   -0.15   -0.44    0.29    0.28    0.00    0.00    0.01    0.00    0.00    0.00   -0.02    0.00    0.02    0.87
 117 155 272  199.66    0.11   -0.37    0.48    0.29    0.00    0.00    0.01    0.00    0.00    0.00   -0.01    0.00    0.03    1.93
 117 156 273  197.83    0.18   -0.35    0.53    0.29    0.00    0.00    0.01    0.00    0.00    0.00   -0.01    0.00    0.03    1.99
 117 157 274  197.13   -0.15    0.56   -0.71    0.30    0.00    0.08    0.00    0.00    0.00    0.01   -0.01    0.02    0.04    2.58
 117 158 275  195.92    0.25    0.06    0.20    0.30    0.00    0.00   -0.01    0.00    0.00    0.00    0.00    0.00    0.04    2.91
 117 159 276  195.31   -0.25    0.72   -0.97    0.29    0.00    0.08    0.00    0.00    0.00    0.02    0.00    0.02    0.04    3.33
 117 160 277  194.34    0.13    0.17   -0.05    0.30    0.00    0.00   -0.01    0.00    0.00    0.00    0.01    0.00    0.04    3.69
 117 161 278  194.38    0.01    0.19   -0.18    0.31    0.00    0.00    0.00    0.00    0.00    0.00    0.02    0.00    0.04    4.74
 117 162 279  193.21   -0.07    0.36   -0.43    0.30    0.00    0.00   -0.01    0.00    0.00    0.00    0.02    0.00    0.04    4.35
 117 163 280  193.38   -0.31    0.33   -0.64    0.31    0.00    0.00   -0.01    0.00    0.00    0.00    0.02    0.00    0.04    5.10
 117 164 281  192.61   -0.25    0.63   -0.88    0.30    0.00    0.00   -0.01    0.00    0.00    0.00    0.03    0.00    0.04    4.66
 117 165 282  192.73   -0.80    1.44   -2.24    0.30    0.00    0.06   -0.01    0.00    0.00    0.04    0.02    0.03    0.04    4.47
 117 166 283  192.50   -0.44    0.80   -1.24    0.30    0.00    0.00   -0.02    0.00    0.00    0.00    0.03    0.00    0.04    4.53
 117 167 284  193.24   -0.62    1.72   -2.34    0.28    0.00    0.03   -0.04    0.00    0.00    0.03    0.04    0.02    0.03    4.77
 117 168 285  193.19   -0.33    1.36   -1.69    0.29    0.00    0.00   -0.03    0.00    0.00    0.00    0.04    0.00    0.04    4.69
 117 169 286  194.39   -0.30    2.81   -3.11    0.28    0.00    0.03   -0.04    0.00    0.00    0.03    0.06    0.03    0.03    5.23
 117 170 287  194.50   -0.10    1.66   -1.75    0.28    0.00    0.00   -0.04    0.00    0.00    0.00    0.05    0.00    0.03    5.30
 117 171 288  196.05    0.05    2.11   -2.06    0.29    0.00    0.00   -0.04    0.00    0.00    0.00    0.06    0.00    0.03    6.21
 117 172 289  196.21    0.08    1.85   -1.77    0.29    0.00    0.00   -0.04    0.00    0.00    0.00    0.06    0.00    0.02    5.95
 117 173 290  197.98    0.21    0.92   -0.71    0.38    0.28    0.00    0.01    0.00    0.00    0.00    0.03    0.00   -0.01    6.81
 117 174 291  198.33    0.18    0.78   -0.60    0.38    0.27    0.00    0.02    0.00    0.00    0.00    0.03    0.00   -0.01    6.46
 117 175 292  200.04    0.03    0.84   -0.82    0.37    0.27    0.00    0.02    0.00    0.00    0.00    0.03    0.00   -0.01    7.04
 117 176 293  200.60   -0.02    0.68   -0.70    0.37    0.27    0.00    0.02    0.00    0.00    0.00    0.02    0.00   -0.01    6.55
 117 177 294  202.67   -0.04    0.78   -0.82    0.37    0.26    0.00    0.02    0.00    0.00    0.00    0.03    0.00   -0.01    7.31
 117 178 295  203.28   -0.26    0.61   -0.87    0.37    0.26    0.00    0.02    0.00    0.00    0.00    0.02    0.00   -0.01    6.64
 117 179 296  205.50   -0.36    0.48   -0.83    0.38    0.25    0.00    0.02    0.00    0.00    0.00    0.02    0.00   -0.01    6.88
 117 180 297  206.43   -0.48    0.54   -1.02    0.37    0.25    0.00    0.02    0.00    0.00    0.00    0.02    0.00   -0.01    6.32
 117 181 298  208.84   -0.60    0.40   -1.00    0.38    0.25    0.00    0.02    0.00    0.00    0.00    0.01    0.00   -0.01    6.70
 117 182 299  210.05   -0.65    0.53   -1.18    0.38    0.25    0.00    0.02    0.00    0.00    0.00    0.02    0.00   -0.01    6.12
 117 183 300  212.59   -0.87    0.30   -1.17    0.39    0.23    0.00    0.02    0.00    0.00    0.00    0.01    0.00   -0.02    6.32
 117 184 301  214.12   -0.82    0.18   -1.00    0.39    0.23    0.00    0.02    0.00    0.00    0.00    0.01    0.00   -0.01    5.81
 117 185 302  216.95   -0.94    0.33   -1.27    0.39    0.23    0.00    0.02    0.00    0.00    0.00    0.01    0.00   -0.02    4.27
 117 186 303  218.71   -0.88    0.13   -1.01    0.39    0.22    0.00    0.01    0.00    0.00    0.00    0.00    0.00   -0.01    4.61
 117 187 304  221.92   -0.83    0.28   -1.12    0.38    0.23    0.00    0.01    0.00    0.00    0.00    0.00    0.00   -0.01    3.32
 117 188 305  223.75   -0.90    0.24   -1.14    0.38    0.23    0.00    0.02    0.00    0.00    0.00    0.00    0.00   -0.01    3.34
 117 189 306  227.12   -0.90    0.51   -1.41    0.26    0.11    0.00    0.05    0.00    0.00    0.00    0.03    0.00    0.00    2.27
 117 190 307  229.11   -0.99    0.40   -1.39    0.25    0.12    0.00    0.05    0.00    0.00    0.00    0.02    0.00    0.00    2.06
 117 191 308  232.50   -1.18    0.02   -1.20    0.29    0.09    0.00    0.04    0.00    0.00    0.00    0.02    0.00   -0.01    1.25
 117 192 309  234.82   -1.15    0.96   -2.11    0.23    0.21    0.00    0.06    0.00    0.00    0.00    0.01    0.00    0.00    1.18
 118 154 272  209.52    0.05   -0.70    0.75    0.29    0.00    0.00    0.03    0.00    0.00    0.00   -0.01    0.00    0.02    0.66
 118 155 273  208.94    0.18   -0.58    0.76    0.30    0.00    0.00    0.02    0.00    0.00    0.00   -0.01    0.00    0.03    1.39
 118 156 274  206.77    0.22   -0.47    0.70    0.29    0.00    0.00    0.02    0.00    0.00    0.00   -0.01    0.00    0.03    1.41
 118 157 275  206.34    0.23   -0.16    0.39    0.30    0.00    0.00    0.00    0.00    0.00    0.00   -0.01    0.00    0.04    2.30
 118 158 276  204.41    0.25   -0.20    0.45    0.30    0.00    0.00    0.01    0.00    0.00    0.00    0.00    0.00    0.04    2.25
 118 159 277  204.11    0.10   -0.12    0.23    0.30    0.00    0.00    0.00    0.00    0.00    0.00    0.00    0.00    0.04    3.06
 118 160 278  202.56    0.23    0.06    0.17    0.30    0.00    0.00   -0.01    0.00    0.00    0.00    0.01    0.00    0.04    3.15
 118 161 279  202.55    0.12   -0.08    0.20    0.31    0.00    0.00    0.00    0.00    0.00    0.00    0.01    0.00    0.04    4.30
 118 162 280  201.06    0.05    0.25   -0.21    0.30    0.00    0.00   -0.01    0.00    0.00    0.00    0.02    0.00    0.04    3.94
 118 163 281  200.92   -0.46    0.88   -1.34    0.30    0.00    0.06   -0.01    0.00    0.00    0.03    0.02    0.02    0.04    4.32
 118 164 282  200.08   -0.14    0.29   -0.43    0.30    0.00    0.00   -0.01    0.00    0.00    0.00    0.02    0.00    0.04    4.13
 118 165 283  200.08   -0.77    1.28   -2.05    0.29    0.00    0.05   -0.02    0.00    0.00    0.03    0.03    0.02    0.04    3.79
 118 166 284  199.33   -0.61    1.30   -1.91    0.29    0.00    0.05   -0.02    0.00    0.00    0.03    0.03    0.02    0.04    3.64
 118 167 285  200.28   -0.52    1.48   -2.01    0.28    0.00    0.03   -0.04    0.00    0.00    0.02    0.04    0.02    0.03    4.09
 118 168 286  199.77   -0.37    1.64   -2.02    0.28    0.00    0.03   -0.03    0.00    0.00    0.02    0.04    0.02    0.04    4.01
 118 169 287  201.19   -0.07    2.02   -2.09    0.28    0.00    0.00   -0.04    0.00    0.00    0.00    0.06    0.00    0.03    5.03
 118 170 288  200.82   -0.03    1.57   -1.60    0.28    0.00    0.00   -0.04    0.00    0.00    0.00    0.05    0.00    0.03    5.05
 118 171 289  202.31    0.11    2.06   -1.95    0.28    0.00    0.00   -0.04    0.00    0.00    0.00    0.06    0.00    0.03    6.03
 118 172 290  202.19    0.17    2.11   -1.94    0.27    0.00    0.00   -0.04    0.00    0.00    0.00    0.06    0.00    0.03    5.75
 118 173 291  203.78    0.16    2.91   -2.75    0.27    0.00    0.00   -0.06    0.00    0.00    0.00    0.07    0.00    0.02    6.40
 118 174 292  203.84    0.17    0.45   -0.28    0.36    0.27    0.00    0.02    0.00    0.00    0.00    0.02    0.00    0.00    6.09
 118 175 293  205.45   -0.05    0.70   -0.74    0.35    0.27    0.00    0.03    0.00    0.00    0.00    0.03    0.00    0.00    6.62
 118 176 294  205.71   -0.08    0.38   -0.46    0.36    0.26    0.00    0.03    0.00    0.00    0.00    0.02    0.00    0.00    6.09
 118 177 295  207.53   -0.31    0.66   -0.97    0.35    0.26    0.00    0.03    0.00    0.00    0.00    0.03    0.00   -0.01    6.64
 118 178 296  207.97   -0.39    0.44   -0.83    0.36    0.26    0.00    0.03    0.00    0.00    0.00    0.02    0.00   -0.01    6.12
 118 179 297  210.02   -0.62    0.46   -1.08    0.36    0.26    0.00    0.03    0.00    0.00    0.00    0.02    0.00   -0.01    6.21
 118 180 298  210.69   -0.68    0.32   -1.00    0.37    0.25    0.00    0.03    0.00    0.00    0.00    0.02    0.00   -0.01    5.79
 118 181 299  212.93   -0.94    0.35   -1.28    0.37    0.26    0.00    0.02    0.00    0.00    0.00    0.01    0.00   -0.01    6.02
 118 182 300  213.88   -0.93    0.09   -1.02    0.38    0.24    0.00    0.03    0.00    0.00    0.00    0.01    0.00   -0.01    5.52
 118 183 301  216.39   -1.14    0.19   -1.34    0.39    0.24    0.00    0.02    0.00    0.00    0.00    0.01    0.00   -0.02    5.71
 118 184 302  217.59   -1.11    0.08   -1.19    0.39    0.24    0.00    0.02    0.00    0.00    0.00    0.01    0.00   -0.01    5.20
 118 185 303  220.59   -1.03   -0.04   -0.99    0.40    0.22    0.00    0.00    0.00    0.00    0.00    0.00    0.00   -0.01    3.93
 118 186 304  221.83   -1.17   -0.03   -1.15    0.40    0.23    0.00    0.01    0.00    0.00    0.00    0.00    0.00   -0.01    4.03
 118 187 305  224.98   -1.15    0.04   -1.19    0.39    0.23    0.00    0.01    0.00    0.00    0.00    0.00    0.00   -0.01    2.80
 118 188 306  226.53   -1.19    0.05   -1.24    0.39    0.23    0.00    0.01    0.00    0.00    0.00    0.00    0.00   -0.01    2.78
 118 189 307  229.83   -1.23    0.14   -1.36    0.27    0.10    0.00    0.05    0.00    0.00    0.00    0.02    0.00    0.00    1.78
 118 190 308  231.59   -1.25    0.23   -1.48    0.26    0.11    0.00    0.05    0.00    0.00    0.00    0.02    0.00    0.00    1.57
 118 191 309  234.80   -1.58   -0.02   -1.56    0.28    0.09    0.00    0.04    0.00    0.00    0.00    0.02    0.00   -0.01    0.79
 118 192 310  236.87   -1.50    0.80   -2.30    0.25    0.21    0.00    0.06    0.00    0.00    0.00    0.01    0.00    0.00    0.80
 119 155 274  219.86   -0.26   -1.55    1.29    0.43    0.25    0.00    0.06   -0.03    0.01    0.00    0.01    0.00    0.00    1.82
 119 156 275  217.61   -0.23   -1.12    0.89    0.41    0.25    0.00    0.05   -0.03    0.01    0.00    0.02    0.00    0.00    1.83
 119 157 276  216.89   -0.20   -1.11    0.92    0.42    0.26    0.00    0.05   -0.03    0.01    0.00    0.02    0.00    0.00    2.26
 119 158 277  214.88   -0.20   -1.06    0.86    0.42    0.26    0.00    0.05   -0.03    0.01    0.00    0.02    0.00    0.00    2.25
 119 159 278  214.44   -0.15   -1.12    0.97    0.42    0.25    0.00    0.05   -0.02    0.01    0.00    0.02    0.00    0.00    2.78
 119 160 279  212.74   -0.12   -0.86    0.75    0.41    0.26    0.00    0.05   -0.03    0.01    0.00    0.02    0.00    0.00    2.79
 119 161 280  212.52   -0.12   -0.55    0.43    0.41    0.27    0.00    0.05   -0.03    0.01    0.00    0.03    0.00    0.00    3.49
 119 162 281  211.06   -0.11   -0.50    0.40    0.41    0.27    0.00    0.05   -0.03    0.01    0.00    0.03    0.00    0.00    3.27
 119 163 282  211.08   -0.14    0.22   -0.35    0.31    0.00    0.00    0.00    0.00    0.00    0.00    0.03    0.00    0.04    3.96
 119 164 283  209.92   -0.08   -0.41    0.33    0.41    0.27    0.00    0.04   -0.02    0.01    0.00    0.03    0.00    0.00    3.68
 119 165 284  209.88   -0.42    0.89   -1.31    0.31    0.00    0.05   -0.01    0.00    0.00    0.03    0.03    0.02    0.04    3.87
 119 166 285  209.03   -0.31    1.54   -1.85    0.30    0.00    0.05   -0.02    0.00    0.00    0.04    0.03    0.03    0.04    3.67
 119 167 286  209.49   -0.40    2.07   -2.48    0.26    0.00    0.02   -0.05    0.00    0.00    0.02    0.05    0.02    0.03    4.43
 119 168 287  208.94   -0.24    1.98   -2.22    0.27    0.00    0.03   -0.04    0.00    0.00    0.03    0.05    0.02    0.03    4.45
 119 169 288  209.83   -0.15    2.58   -2.72    0.26    0.00    0.02   -0.05    0.00    0.00    0.02    0.06    0.02    0.03    5.21
 119 170 289  209.43   -0.09    0.20   -0.29    0.39    0.29    0.00    0.04   -0.02    0.01    0.00    0.03    0.00    0.00    5.22
 119 171 290  210.68    0.13    3.54   -3.42    0.26    0.00    0.02   -0.05    0.00    0.00    0.03    0.07    0.03    0.03    6.26
 119 172 291  210.25   -0.09    0.59   -0.68    0.36    0.30    0.00    0.04   -0.03    0.02    0.00    0.03    0.00    0.00    5.75
 119 173 292  211.50   -0.10    0.60   -0.70    0.37    0.28    0.00    0.04   -0.02    0.01    0.00    0.04    0.00    0.00    6.55
 119 174 293  211.48   -0.14    0.52   -0.66    0.36    0.29    0.00    0.03   -0.02    0.01    0.00    0.03    0.00    0.00    6.21
 119 175 294  212.95   -0.18    0.47   -0.65    0.36    0.28    0.00    0.03   -0.02    0.01    0.00    0.03    0.00   -0.01    6.95
 119 176 295  213.12   -0.26    0.50   -0.75    0.36    0.28    0.00    0.03   -0.02    0.01    0.00    0.03    0.00   -0.01    6.32
 119 177 296  214.89   -0.23    0.42   -0.64    0.36    0.26    0.00    0.04    0.00    0.00    0.00    0.03    0.00   -0.01    6.71
 119 178 297  215.32   -0.27    0.50   -0.77    0.35    0.26    0.00    0.04    0.00    0.00    0.00    0.03    0.00   -0.01    6.20
 119 179 298  217.14   -0.41    0.31   -0.72    0.35    0.26    0.00    0.03    0.00    0.00    0.00    0.02    0.00   -0.01    6.20
 119 180 299  217.71   -0.54    0.18   -0.72    0.36    0.25    0.00    0.03    0.00    0.00    0.00    0.02    0.00   -0.01    5.72
 119 181 300  219.57   -0.86    0.29   -1.16    0.36    0.26    0.00    0.03    0.00    0.00    0.00    0.02    0.00   -0.01    5.88
 119 182 301  220.49   -0.85    0.04   -0.89    0.37    0.25    0.00    0.03    0.00    0.00    0.00    0.01    0.00   -0.01    5.38
 119 183 302  222.65   -1.10   -0.02   -1.08    0.39    0.24    0.00    0.02    0.00    0.00    0.00    0.01    0.00   -0.02    5.50
 119 184 303  223.83   -1.05    0.00   -1.05    0.39    0.24    0.00    0.02    0.00    0.00    0.00    0.01    0.00   -0.02    4.98
 119 185 304  226.54   -0.95   -0.35   -0.61    0.40    0.22    0.00    0.01    0.00    0.00    0.00    0.00    0.00   -0.01    3.82
 119 186 305  227.76   -1.07   -0.07   -1.01    0.39    0.23    0.00    0.02    0.00    0.00    0.00    0.01    0.00   -0.02    3.85
 119 187 306  230.63   -1.03   -0.16   -0.87    0.39    0.23    0.00    0.01    0.00    0.00    0.00    0.00    0.00   -0.01    2.78
 119 188 307  232.16   -1.06   -0.15   -0.91    0.39    0.23    0.00    0.01    0.00    0.00    0.00    0.00    0.00   -0.01    2.63
 119 189 308  235.25   -0.99   -0.26   -0.74    0.40    0.22    0.00    0.01    0.00    0.00    0.00   -0.01    0.00   -0.01    2.03
 119 190 309  236.90   -1.10    0.11   -1.21    0.27    0.12    0.00    0.05    0.00    0.00    0.00    0.02    0.00    0.00    1.97
 119 191 310  239.96   -1.28    0.93   -2.21    0.24    0.21    0.00    0.07    0.00    0.00    0.00    0.01    0.00    0.00    1.67
 119 192 311  241.94   -1.25    0.99   -2.24    0.25    0.22    0.00    0.07    0.00    0.00    0.00    0.01    0.00   -0.01    1.63
 120 156 276  227.12   -0.38   -1.60    1.22    0.43    0.27    0.00    0.06   -0.03    0.02    0.00    0.01    0.00    0.00    1.38
 120 157 277  226.28   -0.40   -1.64    1.24    0.44    0.27    0.00    0.07   -0.04    0.02    0.00    0.01    0.00    0.00    1.79
 120 158 278  224.04   -0.31   -1.57    1.27    0.43    0.26    0.00    0.06   -0.03    0.02    0.00    0.01    0.00    0.00    1.88
 120 159 279  223.49   -0.31   -1.36    1.05    0.44    0.28    0.00    0.07   -0.04    0.02    0.00    0.01    0.00    0.01    2.39
 120 160 280  221.53   -0.22   -1.04    0.82    0.42    0.28    0.00    0.06   -0.03    0.02    0.00    0.02    0.00    0.00    2.44
 120 161 281  221.37   -0.10   -1.00    0.89    0.41    0.27    0.00    0.05   -0.03    0.02    0.00    0.02    0.00    0.00    3.23
 120 162 282  219.60   -0.09   -0.86    0.77    0.41    0.28    0.00    0.05   -0.03    0.02    0.00    0.02    0.00    0.00    3.07
 120 163 283  219.66   -0.01    0.20   -0.20    0.31    0.00    0.00   -0.01    0.00    0.00    0.00    0.03    0.00    0.04    3.89
 120 164 284  218.15    0.01   -0.79    0.80    0.41    0.28    0.00    0.04   -0.03    0.01    0.00    0.02    0.00    0.00    3.57
 120 165 285  217.91   -0.48    0.84   -1.32    0.30    0.00    0.05   -0.01    0.00    0.00    0.03    0.03    0.02    0.04    3.65
 120 166 286  216.97   -0.13    0.79   -0.92    0.30    0.00    0.00   -0.02    0.00    0.00    0.00    0.04    0.00    0.04    3.43
 120 167 287  217.35   -0.25    1.85   -2.10    0.26    0.00    0.02   -0.05    0.00    0.00    0.02    0.05    0.01    0.03    4.08
 120 168 288  216.58    0.00    1.09   -1.09    0.29    0.00    0.00   -0.03    0.00    0.00    0.00    0.05    0.00    0.03    4.21
 120 169 289  217.36    0.04    2.45   -2.42    0.27    0.00    0.02   -0.05    0.00    0.00    0.02    0.06    0.02    0.03    5.01
 120 170 290  216.63    0.08    0.20   -0.12    0.37    0.30    0.00    0.03   -0.02    0.01    0.00    0.03    0.00   -0.01    5.01
 120 171 291  217.80    0.26    0.31   -0.05    0.36    0.30    0.00    0.03   -0.02    0.01    0.00    0.03    0.00   -0.01    6.08
 120 172 292  217.05    0.05    0.25   -0.20    0.36    0.29    0.00    0.03   -0.02    0.01    0.00    0.03    0.00   -0.01    5.48
 120 173 293  218.30    0.07    0.25   -0.18    0.35    0.28    0.00    0.03   -0.02    0.01    0.00    0.03    0.00   -0.01    6.06
 120 174 294  217.87   -0.05    0.21   -0.26    0.36    0.28    0.00    0.03   -0.02    0.01    0.00    0.03    0.00   -0.01    5.62
 120 175 295  219.21   -0.18    0.18   -0.35    0.34    0.28    0.00    0.03   -0.02    0.01    0.00    0.02    0.00   -0.01    6.28
 120 176 296  219.20   -0.12    0.15   -0.27    0.35    0.27    0.00    0.02    0.00    0.00    0.00    0.02    0.00   -0.01    5.79
 120 177 297  220.58   -0.44    0.22   -0.66    0.34    0.27    0.00    0.03    0.00    0.00    0.00    0.02    0.00   -0.01    6.02
 120 178 298  220.74   -0.44    0.18   -0.63    0.35    0.27    0.00    0.03    0.00    0.00    0.00    0.02    0.00   -0.01    5.56
 120 179 299  222.44   -0.66    0.20   -0.86    0.35    0.27    0.00    0.03    0.00    0.00    0.00    0.02    0.00   -0.01    5.57
 120 180 300  222.70   -0.79    0.07   -0.86    0.36    0.26    0.00    0.03    0.00    0.00    0.00    0.02    0.00   -0.01    5.08
 120 181 301  224.54   -1.09   -0.02   -1.07    0.36    0.26    0.00    0.03    0.00    0.00    0.00    0.01    0.00   -0.01    5.24
 120 182 302  225.16   -1.08   -0.17   -0.91    0.37    0.25    0.00    0.03    0.00    0.00    0.00    0.01    0.00   -0.01    4.71
 120 183 303  227.28   -1.32   -0.26   -1.06    0.39    0.23    0.00    0.01    0.00    0.00    0.00    0.01    0.00   -0.02    4.81
 120 184 304  228.15   -1.27   -0.22   -1.06    0.39    0.24    0.00    0.02    0.00    0.00    0.00    0.01    0.00   -0.02    4.29
 120 185 305  230.64   -1.36   -0.23   -1.14    0.39    0.23    0.00    0.01    0.00    0.00    0.00    0.01    0.00   -0.02    3.02
 120 186 306  231.69   -1.35   -0.31   -1.04    0.40    0.23    0.00    0.01    0.00    0.00    0.00    0.00    0.00   -0.02    3.14
 120 187 307  234.49   -1.34   -0.19   -1.15    0.40    0.23    0.00    0.00    0.00    0.00    0.00    0.00    0.00   -0.02    2.17
 120 188 308  235.74   -1.34   -0.35   -0.98    0.39    0.23    0.00    0.01    0.00    0.00    0.00    0.00    0.00   -0.01    1.95
 120 189 309  238.74   -1.33    0.25   -1.58    0.26    0.11    0.00    0.05    0.00    0.00    0.00    0.03    0.00    0.00    1.50
 120 190 310  240.13   -1.39    0.08   -1.47    0.26    0.12    0.00    0.05    0.00    0.00    0.00    0.02    0.00    0.00    1.39
 120 191 311  243.08   -1.64    0.87   -2.51    0.24    0.21    0.00    0.07    0.00    0.00    0.00    0.01    0.00   -0.01    1.05
 120 192 312  244.79   -1.58    0.87   -2.45    0.25    0.22    0.00    0.07    0.00    0.00    0.00    0.01    0.00   -0.01    1.04
 121 157 278  237.76   -0.65   -1.81    1.16    0.44    0.28    0.00    0.07   -0.04    0.02    0.00    0.02    0.00    0.00    1.96
 121 158 279  235.52   -0.51   -1.79    1.28    0.42    0.26    0.00    0.05   -0.03    0.01    0.00    0.01    0.00    0.00    2.11
 121 159 280  234.69   -0.47   -1.19    0.72    0.44    0.30    0.00    0.07   -0.04    0.02    0.00    0.03    0.00    0.01    2.72
 121 160 281  232.63   -0.42   -1.36    0.94    0.41    0.27    0.00    0.05   -0.03    0.02    0.00    0.02    0.00    0.00    2.75
 121 161 282  232.19   -0.26   -0.91    0.66    0.40    0.28    0.00    0.05   -0.03    0.02    0.00    0.03    0.00    0.00    3.66
 121 162 283  230.37   -0.23   -1.04    0.82    0.40    0.28    0.00    0.04   -0.03    0.01    0.00    0.02    0.00   -0.01    3.50
 121 163 284  230.30    0.03   -0.61    0.64    0.39    0.29    0.00    0.05   -0.03    0.02    0.00    0.03    0.00    0.00    4.56
 121 164 285  228.63   -0.05   -0.66    0.62    0.39    0.28    0.00    0.04   -0.03    0.01    0.00    0.03    0.00   -0.01    4.16
 121 165 286  228.38   -0.22    1.03   -1.25    0.29    0.00    0.05   -0.02    0.00    0.00    0.04    0.03    0.03    0.03    4.67
 121 166 287  227.32    0.04    0.92   -0.88    0.29    0.00    0.00   -0.03    0.00    0.00    0.00    0.04    0.00    0.04    4.36
 121 167 288  227.24   -0.22    1.96   -2.18    0.25    0.00    0.02   -0.05    0.00    0.00    0.02    0.05    0.02    0.03    4.40
 121 168 289  226.25   -0.13    2.11   -2.25    0.26    0.00    0.04   -0.03    0.00    0.00    0.04    0.05    0.03    0.03    4.37
 121 169 290  226.88    0.07    2.36   -2.30    0.25    0.00    0.01   -0.06    0.00    0.00    0.01    0.06    0.02    0.02    5.35
 121 170 291  226.18    0.19    2.38   -2.19    0.25    0.00    0.03   -0.04    0.00    0.00    0.03    0.06    0.03    0.02    5.41
 121 171 292  227.10    0.44    0.08    0.37    0.36    0.30    0.00    0.04   -0.03    0.02    0.00    0.03    0.00   -0.01    6.56
 121 172 293  226.28    0.21    0.09    0.11    0.36    0.30    0.00    0.03   -0.02    0.01    0.00    0.03    0.00   -0.01    5.89
 121 173 294  227.27    0.28   -0.03    0.31    0.34    0.28    0.00    0.03    0.00    0.00    0.00    0.02    0.00    0.00    6.15
 121 174 295  226.78    0.14    0.18   -0.04    0.34    0.30    0.00    0.03    0.00    0.00    0.00    0.02    0.00    0.00    5.89
 121 175 296  227.73   -0.06    0.33   -0.39    0.34    0.29    0.00    0.04    0.00    0.00    0.00    0.03    0.00    0.00    6.00
 121 176 297  227.61   -0.07    0.08   -0.15    0.34    0.28    0.00    0.03    0.00    0.00    0.00    0.02    0.00   -0.01    5.69
 121 177 298  228.67   -0.40    0.13   -0.53    0.34    0.28    0.00    0.04    0.00    0.00    0.00    0.02    0.00   -0.01    5.90
 121 178 299  228.79   -0.39    0.15   -0.54    0.34    0.28    0.00    0.04    0.00    0.00    0.00    0.02    0.00   -0.01    5.38
 121 179 300  230.26   -0.54    0.09   -0.63    0.34    0.27    0.00    0.04    0.00    0.00    0.00    0.02    0.00   -0.01    5.38
 121 180 301  230.43   -0.71    0.11   -0.82    0.34    0.27    0.00    0.04    0.00    0.00    0.00    0.02    0.00   -0.01    4.82
 121 181 302  231.98   -1.00    0.22   -1.21    0.34    0.28    0.00    0.04    0.00    0.00    0.00    0.02    0.00   -0.01    4.99
 121 182 303  232.51   -1.03    0.15   -1.18    0.34    0.27    0.00    0.04    0.00    0.00    0.00    0.02    0.00   -0.01    4.37
 121 183 304  234.28   -1.31    0.03   -1.34    0.34    0.27    0.00    0.03    0.00    0.00    0.00    0.01    0.00   -0.01    4.27
 121 184 305  235.05   -1.33    0.17   -1.50    0.34    0.28    0.00    0.04    0.00    0.00    0.00    0.01    0.00   -0.01    3.64
 121 185 306  237.40   -1.26   -0.68   -0.58    0.40    0.22    0.00    0.00    0.00    0.00    0.00    0.00    0.00   -0.01    2.96
 121 186 307  238.20   -1.45   -0.33   -1.12    0.39    0.24    0.00    0.01    0.00    0.00    0.00    0.01    0.00   -0.02    2.60
 121 187 308  240.78   -1.35   -0.41   -0.94    0.40    0.23    0.00    0.00    0.00    0.00    0.00    0.00    0.00   -0.02    2.15
 121 188 309  241.96   -1.39   -0.42   -0.96    0.39    0.23    0.00    0.01    0.00    0.00    0.00    0.00    0.00   -0.02    1.83
 121 189 310  244.56   -1.48   -0.21   -1.27    0.38    0.25    0.00    0.02    0.00    0.00    0.00    0.00    0.00   -0.02    1.50
 121 190 311  246.09   -1.36   -0.44   -0.92    0.39    0.24    0.00    0.01    0.00    0.00    0.00    0.00    0.00   -0.01    1.45
 121 191 312  248.79   -1.57    0.10   -1.66    0.27    0.10    0.00    0.05    0.00    0.00    0.00    0.03    0.00   -0.01    1.20
 121 192 313  250.54   -1.43    0.81   -2.24    0.25    0.23    0.00    0.07    0.00    0.00    0.00    0.01    0.00   -0.01    1.28
 122 158 280  245.46   -0.59   -2.11    1.52    0.44    0.28    0.00    0.07   -0.04    0.02    0.00    0.02    0.00    0.00    1.47
 122 159 281  244.41   -0.72   -1.21    0.49    0.42    0.31    0.00    0.06   -0.04    0.02    0.00    0.03    0.00    0.01    1.94
 122 160 282  242.18   -0.51   -1.72    1.21    0.43    0.29    0.00    0.07   -0.04    0.02    0.00    0.02    0.00    0.00    2.15
 122 161 283  241.69   -0.35   -1.68    1.33    0.42    0.28    0.00    0.05   -0.03    0.02    0.00    0.02    0.00    0.00    3.07
 122 162 284  239.55   -0.32   -1.36    1.03    0.41    0.29    0.00    0.06   -0.03    0.02    0.00    0.02    0.00    0.00    2.94
 122 163 285  239.29   -0.20   -1.45    1.25    0.42    0.29    0.00    0.06   -0.03    0.02    0.00    0.02    0.00    0.00    3.88
 122 164 286  237.41   -0.17   -1.43    1.26    0.42    0.29    0.00    0.05   -0.03    0.02    0.00    0.02    0.00    0.00    3.61
 122 165 287  237.39   -0.06   -0.95    0.89    0.40    0.29    0.00    0.04   -0.03    0.01    0.00    0.03    0.00    0.00    4.46
 122 166 288  235.77   -0.04   -0.91    0.87    0.40    0.29    0.00    0.04   -0.03    0.01    0.00    0.03    0.00    0.00    3.91
 122 167 289  235.93   -0.01   -0.66    0.65    0.39    0.30    0.00    0.04   -0.03    0.02    0.00    0.03    0.00    0.00    4.06
 122 168 290  234.58    0.04   -0.61    0.65    0.39    0.30    0.00    0.04   -0.03    0.02    0.00    0.03    0.00    0.00    4.00
 122 169 291  234.97    0.04   -0.38    0.42    0.38    0.31    0.00    0.04   -0.03    0.02    0.00    0.03    0.00    0.00    4.83
 122 170 292  233.88    0.10   -0.24    0.34    0.37    0.31    0.00    0.04   -0.03    0.02    0.00    0.03    0.00    0.00    4.80
 122 171 293  234.74    0.33   -0.11    0.45    0.36    0.31    0.00    0.04   -0.03    0.02    0.00    0.03    0.00    0.00    5.96
 122 172 294  233.64    0.13    0.00    0.13    0.35    0.31    0.00    0.04   -0.03    0.02    0.00    0.03    0.00    0.00    5.36
 122 173 295  234.57    0.19   -0.45    0.64    0.35    0.27    0.00    0.02   -0.01    0.01    0.00    0.02    0.00   -0.01    5.54
 122 174 296  233.79    0.07   -0.36    0.43    0.35    0.28    0.00    0.03   -0.02    0.01    0.00    0.02    0.00   -0.01    5.28
 122 175 297  234.77   -0.05   -0.06    0.01    0.34    0.27    0.00    0.04    0.00    0.00    0.00    0.03    0.00    0.00    5.48
 122 176 298  234.27   -0.13   -0.22    0.09    0.34    0.27    0.00    0.03    0.00    0.00    0.00    0.02    0.00   -0.01    5.10
 122 177 299  235.27   -0.47   -0.12   -0.34    0.33    0.27    0.00    0.04    0.00    0.00    0.00    0.02    0.00    0.00    5.36
 122 178 300  235.10   -0.45   -0.17   -0.28    0.34    0.27    0.00    0.03    0.00    0.00    0.00    0.02    0.00   -0.01    4.86
 122 179 301  236.47   -0.65   -0.15   -0.50    0.34    0.27    0.00    0.03    0.00    0.00    0.00    0.02    0.00   -0.01    4.75
 122 180 302  236.33   -0.82   -0.10   -0.72    0.34    0.27    0.00    0.04    0.00    0.00    0.00    0.02    0.00   -0.01    4.26
 122 181 303  237.86   -1.09   -0.10   -0.98    0.34    0.27    0.00    0.03    0.00    0.00    0.00    0.02    0.00   -0.01    4.43
 122 182 304  238.05   -1.16   -0.06   -1.10    0.34    0.27    0.00    0.04    0.00    0.00    0.00    0.02    0.00   -0.01    3.78
 122 183 305  239.70   -1.53   -0.59   -0.93    0.38    0.24    0.00    0.02    0.00    0.00    0.00    0.01    0.00   -0.02    3.70
 122 184 306  240.21   -1.49   -0.49   -1.01    0.38    0.25    0.00    0.02    0.00    0.00    0.00    0.01    0.00   -0.02    3.16
 122 185 307  242.41   -1.52   -0.78   -0.74    0.40    0.23    0.00    0.01    0.00    0.00    0.00    0.00    0.00   -0.02    2.27
 122 186 308  243.06   -1.56   -0.65   -0.91    0.39    0.24    0.00    0.02    0.00    0.00    0.00    0.00    0.00   -0.02    2.08
 122 187 309  245.51   -1.57   -0.63   -0.93    0.40    0.23    0.00    0.00    0.00    0.00    0.00    0.00    0.00   -0.02    1.66
 122 188 310  246.42   -1.56   -0.72   -0.83    0.40    0.23    0.00    0.01    0.00    0.00    0.00    0.00    0.00   -0.02    1.50
 122 189 311  249.06   -1.58   -0.53   -1.05    0.39    0.24    0.00    0.01    0.00    0.00    0.00    0.00    0.00   -0.02    1.31
 122 190 312  250.18   -1.57    0.04   -1.62    0.26    0.12    0.00    0.06    0.00    0.00    0.00    0.02    0.00    0.00    1.15
 122 191 313  252.76   -1.85    0.91   -2.76    0.25    0.23    0.00    0.08    0.00    0.00    0.00    0.01    0.00   -0.01    0.68
 122 192 314  254.25   -1.68    0.69   -2.36    0.25    0.23    0.00    0.07    0.00    0.00    0.00    0.01    0.00   -0.01    0.80
 123 159 282  256.59   -0.65   -1.13    0.49    0.39    0.32    0.00    0.07   -0.05    0.03    0.00    0.02    0.00    0.01    2.13
 123 160 283  254.24   -0.50   -1.22    0.72    0.39    0.32    0.00    0.06   -0.04    0.03    0.00    0.02    0.00    0.00    2.25
 123 161 284  253.21   -0.56   -1.54    0.98    0.42    0.30    0.00    0.07   -0.04    0.02    0.00    0.03    0.00    0.00    3.00
 123 162 285  251.03   -0.52   -1.15    0.63    0.41    0.32    0.00    0.07   -0.04    0.03    0.00    0.03    0.00    0.00    2.87
 123 163 286  250.62   -0.22   -1.74    1.52    0.43    0.30    0.00    0.07   -0.04    0.02    0.00    0.02    0.00    0.00    4.03
 123 164 287  248.61   -0.27   -1.33    1.06    0.42    0.31    0.00    0.06   -0.04    0.02    0.00    0.03    0.00    0.00    3.69
 123 165 288  248.41   -0.02   -1.17    1.15    0.41    0.31    0.00    0.06   -0.04    0.02    0.00    0.03    0.00   -0.01    4.75
 123 166 289  246.68   -0.06   -1.11    1.05    0.41    0.31    0.00    0.06   -0.04    0.02    0.00    0.03    0.00   -0.01    4.14
 123 167 290  246.74    0.19   -0.96    1.15    0.40    0.31    0.00    0.05   -0.03    0.02    0.00    0.03    0.00   -0.01    4.42
 123 168 291  245.21    0.11   -1.04    1.15    0.41    0.31    0.00    0.05   -0.03    0.02    0.00    0.03    0.00   -0.01    4.08
 123 169 292  245.53    0.36   -0.77    1.13    0.40    0.32    0.00    0.05   -0.03    0.02    0.00    0.03    0.00   -0.01    5.10
 123 170 293  244.28    0.30   -0.73    1.02    0.40    0.32    0.00    0.05   -0.03    0.02    0.00    0.03    0.00   -0.01    4.94
 123 171 294  244.70    0.41   -0.28    0.69    0.37    0.33    0.00    0.04   -0.03    0.02    0.00    0.03    0.00    0.00    5.96
 123 172 295  243.74    0.40   -0.56    0.96    0.35    0.29    0.00    0.02   -0.01    0.01    0.00    0.02    0.00   -0.01    5.52
 123 173 296  244.23    0.33   -0.52    0.85    0.34    0.27    0.00    0.03    0.00    0.00    0.00    0.02    0.00   -0.01    5.52
 123 174 297  243.43    0.23   -0.42    0.65    0.34    0.28    0.00    0.03    0.00    0.00    0.00    0.02    0.00   -0.01    5.22
 123 175 298  243.99    0.00   -0.36    0.37    0.34    0.28    0.00    0.04    0.00    0.00    0.00    0.02    0.00   -0.01    5.16
 123 176 299  243.44   -0.08   -0.41    0.34    0.34    0.27    0.00    0.04    0.00    0.00    0.00    0.02    0.00   -0.01    4.82
 123 177 300  244.21   -0.35   -0.17   -0.18    0.33    0.28    0.00    0.05    0.00    0.00    0.00    0.02    0.00   -0.01    5.26
 123 178 301  243.91   -0.40   -0.36   -0.04    0.34    0.27    0.00    0.04    0.00    0.00    0.00    0.02    0.00   -0.01    4.75
 123 179 302  245.08   -0.50   -0.11   -0.38    0.33    0.28    0.00    0.05    0.00    0.00    0.00    0.02    0.00   -0.01    4.83
 123 180 303  244.82   -0.75   -0.31   -0.44    0.34    0.27    0.00    0.04    0.00    0.00    0.00    0.02    0.00   -0.01    4.07
 123 181 304  246.00   -1.06   -0.40   -0.66    0.34    0.27    0.00    0.04    0.00    0.00    0.00    0.01    0.00   -0.01    3.90
 123 182 305  246.21   -1.07   -0.37   -0.70    0.34    0.27    0.00    0.04    0.00    0.00    0.00    0.01    0.00   -0.01    3.39
 123 183 306  247.66   -1.33   -0.20   -1.13    0.33    0.28    0.00    0.04    0.00    0.00    0.00    0.01    0.00   -0.01    3.54
 123 184 307  248.03   -1.39   -0.33   -1.06    0.34    0.27    0.00    0.04    0.00    0.00    0.00    0.01    0.00   -0.01    2.91
 123 185 308  249.68   -1.68   -1.01   -0.66    0.40    0.23    0.00    0.01    0.00    0.00    0.00    0.00    0.00   -0.02    2.19
 123 186 309  250.37   -1.63   -0.24   -1.39    0.35    0.27    0.00    0.04    0.00    0.00    0.00    0.01    0.00   -0.02    2.01
 123 187 310  252.73   -1.42    0.51   -1.93    0.22    0.25    0.00    0.06    0.00    0.00    0.00    0.01    0.00    0.00    1.89
 123 188 311  253.73   -1.29    0.52   -1.82    0.22    0.25    0.00    0.06    0.00    0.00    0.00    0.01    0.00    0.00    1.85
 123 189 312  255.80   -1.58    0.64   -2.22    0.24    0.24    0.00    0.07    0.00    0.00    0.00    0.01    0.00   -0.01    1.47
 123 190 313  256.89   -1.56   -0.06   -1.50    0.26    0.12    0.00    0.06    0.00    0.00    0.00    0.02    0.00    0.00    1.31
 123 191 314  259.22   -1.80   -0.13   -1.66    0.27    0.11    0.00    0.06    0.00    0.00    0.00    0.02    0.00   -0.01    0.90
 123 192 315  260.47   -1.83   -0.27   -1.57    0.27    0.11    0.00    0.05    0.00    0.00    0.00    0.02    0.00   -0.01    0.76
 124 160 284  264.52   -0.63   -1.49    0.87    0.39    0.32    0.00    0.06   -0.04    0.03    0.00    0.02    0.00    0.01    1.78
 124 161 285  263.40   -0.72   -2.09    1.37    0.43    0.30    0.00    0.07   -0.04    0.02    0.00    0.03    0.00    0.00    2.51
 124 162 286  260.94   -0.63   -1.43    0.80    0.41    0.32    0.00    0.07   -0.04    0.03    0.00    0.03    0.00    0.01    2.44
 124 163 287  260.31   -0.50   -1.69    1.19    0.42    0.31    0.00    0.07   -0.04    0.03    0.00    0.03    0.00    0.00    3.46
 124 164 288  258.10   -0.43   -1.86    1.43    0.43    0.31    0.00    0.06   -0.04    0.02    0.00    0.03    0.00    0.00    3.24
 124 165 289  257.94   -0.09   -1.55    1.45    0.42    0.32    0.00    0.06   -0.04    0.02    0.00    0.03    0.00    0.00    4.43
 124 166 290  255.82   -0.20   -1.93    1.73    0.43    0.31    0.00    0.06   -0.04    0.02    0.00    0.02    0.00   -0.01    3.78
 124 167 291  255.80    0.02   -1.12    1.14    0.39    0.31    0.00    0.05   -0.04    0.02    0.00    0.03    0.00    0.00    4.08
 124 168 292  253.98   -0.04   -1.66    1.62    0.42    0.31    0.00    0.06   -0.04    0.02    0.00    0.02    0.00   -0.01    3.54
 124 169 293  254.17    0.13   -1.19    1.32    0.40    0.31    0.00    0.04   -0.03    0.02    0.00    0.03    0.00   -0.01    4.44
 124 170 294  252.67    0.14   -0.89    1.03    0.39    0.32    0.00    0.05   -0.04    0.02    0.00    0.03    0.00    0.00    4.38
 124 171 295  253.06    0.27   -0.53    0.80    0.37    0.33    0.00    0.05   -0.04    0.03    0.00    0.03    0.00    0.00    5.44
 124 172 296  251.78    0.24   -0.70    0.95    0.37    0.31    0.00    0.04   -0.03    0.02    0.00    0.03    0.00   -0.01    5.01
 124 173 297  252.29    0.25   -0.68    0.93    0.33    0.27    0.00    0.03    0.00    0.00    0.00    0.02    0.00    0.00    5.10
 124 174 298  251.18    0.15   -0.59    0.73    0.33    0.28    0.00    0.03    0.00    0.00    0.00    0.02    0.00    0.00    4.81
 124 175 299  251.70   -0.08   -0.53    0.45    0.33    0.28    0.00    0.04    0.00    0.00    0.00    0.02    0.00    0.00    4.82
 124 176 300  250.85   -0.15   -0.57    0.42    0.33    0.27    0.00    0.04    0.00    0.00    0.00    0.02    0.00    0.00    4.51
 124 177 301  251.50   -0.48   -0.54    0.06    0.33    0.27    0.00    0.04    0.00    0.00    0.00    0.02    0.00    0.00    4.92
 124 178 302  250.95   -0.49   -0.49    0.00    0.33    0.27    0.00    0.04    0.00    0.00    0.00    0.02    0.00   -0.01    4.48
 124 179 303  252.01   -0.65   -0.46   -0.18    0.33    0.27    0.00    0.04    0.00    0.00    0.00    0.02    0.00   -0.01    4.55
 124 180 304  251.51   -0.83   -0.44   -0.39    0.33    0.27    0.00    0.04    0.00    0.00    0.00    0.02    0.00   -0.01    3.84
 124 181 305  252.69   -1.10   -0.45   -0.65    0.33    0.28    0.00    0.04    0.00    0.00    0.00    0.01    0.00   -0.01    3.38
 124 182 306  252.54   -1.16   -0.50   -0.66    0.33    0.27    0.00    0.04    0.00    0.00    0.00    0.01    0.00   -0.01    2.95
 124 183 307  253.86   -1.51   -0.48   -1.03    0.33    0.27    0.00    0.04    0.00    0.00    0.00    0.01    0.00   -0.01    2.78
 124 184 308  254.00   -1.50   -0.46   -1.05    0.33    0.27    0.00    0.04    0.00    0.00    0.00    0.01    0.00   -0.01    2.25
 124 185 309  256.02   -1.37    0.00   -1.37    0.18    0.28    0.00    0.01    0.00    0.00    0.00    0.00    0.00    0.00    2.07
 124 186 310  256.38   -1.37    0.00   -1.36    0.16    0.28    0.00    0.01    0.00    0.00    0.00    0.00    0.00    0.00    1.96
 124 187 311  258.34   -1.52    0.38   -1.90    0.23    0.25    0.00    0.06    0.00    0.00    0.00    0.01    0.00   -0.01    1.69
 124 188 312  259.00   -1.42    0.39   -1.81    0.23    0.25    0.00    0.06    0.00    0.00    0.00    0.01    0.00   -0.01    1.62
 124 189 313  260.94   -1.79    0.44   -2.23    0.25    0.24    0.00    0.07    0.00    0.00    0.00    0.01    0.00   -0.01    1.16
 124 190 314  261.70   -1.81   -0.26   -1.55    0.27    0.12    0.00    0.06    0.00    0.00    0.00    0.02    0.00    0.00    0.98
 124 191 315  264.10   -1.94    0.10   -2.04    0.15    0.17    0.00    0.03    0.00    0.00    0.00    0.01    0.00    0.01    0.68
 124 192 316  265.11   -1.91   -0.01   -1.90    0.15    0.18    0.00    0.02    0.00    0.00    0.00    0.00    0.00    0.01    0.62
 125 161 286  275.64   -0.95   -1.54    0.59    0.40    0.33    0.00    0.07   -0.05    0.03    0.00    0.03    0.00    0.01    2.47
 125 162 287  273.20   -0.79   -1.66    0.87    0.40    0.34    0.00    0.07   -0.05    0.03    0.00    0.02    0.00    0.01    2.44
 125 163 288  271.96   -0.95   -1.91    0.95    0.42    0.32    0.00    0.08   -0.05    0.03    0.00    0.03    0.00    0.00    3.17
 125 164 289  269.90   -0.68   -1.43    0.75    0.41    0.34    0.00    0.07   -0.05    0.03    0.00    0.03    0.00    0.01    3.18
 125 165 290  269.44   -0.33   -1.77    1.44    0.42    0.33    0.00    0.07   -0.04    0.03    0.00    0.03    0.00    0.00    4.43
 125 166 291  267.22   -0.48   -1.62    1.14    0.42    0.34    0.00    0.07   -0.05    0.03    0.00    0.03    0.00    0.00    3.76
 125 167 292  266.89   -0.25   -1.66    1.40    0.43    0.34    0.00    0.08   -0.05    0.03    0.00    0.03    0.00    0.00    4.14
 125 168 293  265.08   -0.25   -1.50    1.25    0.42    0.34    0.00    0.07   -0.05    0.03    0.00    0.03    0.00    0.00    3.64
 125 169 294  264.91   -0.12   -1.60    1.47    0.43    0.34    0.00    0.07   -0.04    0.03    0.00    0.03    0.00   -0.01    4.34
 125 170 295  263.45   -0.03   -1.29    1.26    0.42    0.35    0.00    0.07   -0.05    0.03    0.00    0.03    0.00    0.00    4.34
 125 171 296  263.67    0.24   -0.91    1.16    0.41    0.36    0.00    0.07   -0.05    0.03    0.00    0.03    0.00    0.00    5.47
 125 172 297  262.36    0.23   -1.03    1.26    0.41    0.35    0.00    0.07   -0.05    0.03    0.00    0.03    0.00    0.00    5.06
 125 173 298  262.51    0.19   -0.84    1.04    0.32    0.26    0.00    0.04    0.00    0.00    0.00    0.02    0.00    0.00    5.30
 125 174 299  261.39    0.13   -0.81    0.94    0.32    0.28    0.00    0.04    0.00    0.00    0.00    0.01    0.00    0.00    5.02
 125 175 300  261.62   -0.08   -0.66    0.58    0.32    0.27    0.00    0.05    0.00    0.00    0.00    0.02    0.00    0.00    5.13
 125 176 301  260.69   -0.18   -0.81    0.63    0.32    0.27    0.00    0.04    0.00    0.00    0.00    0.01    0.00    0.00    4.76
 125 177 302  261.08   -0.47   -0.60    0.13    0.32    0.27    0.00    0.05    0.00    0.00    0.00    0.02    0.00    0.00    5.14
 125 178 303  260.49   -0.48   -0.69    0.21    0.32    0.27    0.00    0.05    0.00    0.00    0.00    0.01    0.00    0.00    4.66
 125 179 304  261.28   -0.59   -0.62    0.04    0.32    0.27    0.00    0.05    0.00    0.00    0.00    0.01    0.00   -0.01    4.68
 125 180 305  260.75   -0.77   -0.60   -0.17    0.32    0.27    0.00    0.05    0.00    0.00    0.00    0.01    0.00   -0.01    4.03
 125 181 306  261.65   -1.01   -0.51   -0.50    0.32    0.28    0.00    0.05    0.00    0.00    0.00    0.01    0.00   -0.01    3.45
 125 182 307  261.44   -1.09   -0.55   -0.54    0.32    0.27    0.00    0.05    0.00    0.00    0.00    0.01    0.00   -0.01    3.17
 125 183 308  262.49   -1.41   -0.12   -1.28    0.17    0.29    0.00    0.00    0.00    0.00    0.00    0.00    0.00    0.00    3.02
 125 184 309  262.62   -1.36   -0.11   -1.25    0.17    0.29    0.00    0.00    0.00    0.00    0.00    0.00    0.00    0.00    2.53
 125 185 310  264.29   -1.28    0.14   -1.42    0.21    0.26    0.00    0.05    0.00    0.00    0.00    0.01    0.00    0.00    2.40
 125 186 311  264.74   -1.15    0.14   -1.29    0.22    0.27    0.00    0.05    0.00    0.00    0.00    0.01    0.00    0.00    2.37
 125 187 312  266.17   -1.52   -0.09   -1.43    0.26    0.13    0.00    0.07    0.00    0.00    0.00    0.02    0.00    0.00    1.90
 125 188 313  266.72   -1.50   -0.37   -1.13    0.27    0.13    0.00    0.06    0.00    0.00    0.00    0.02    0.00    0.00    1.76
 125 189 314  268.40   -1.83   -0.35   -1.49    0.27    0.12    0.00    0.06    0.00    0.00    0.00    0.02    0.00   -0.01    1.36
 125 190 315  269.05   -1.93   -0.27   -1.66    0.26    0.12    0.00    0.06    0.00    0.00    0.00    0.02    0.00    0.00    1.10
 125 191 316  271.21   -1.99    0.04   -2.04    0.15    0.17    0.00    0.03    0.00    0.00    0.00    0.01    0.00    0.01    0.91
 125 192 317  272.21   -1.95    0.05   -1.99    0.15    0.17    0.00    0.03    0.00    0.00    0.00    0.01    0.00    0.01    0.84
 126 162 288  283.81   -0.95   -1.95    1.00    0.40    0.34    0.00    0.07   -0.05    0.03    0.00    0.02    0.00    0.01    1.89
 126 163 289  282.50   -1.12   -2.15    1.02    0.42    0.33    0.00    0.08   -0.05    0.03    0.00    0.03    0.00    0.01    2.64
 126 164 290  280.05   -0.92   -2.15    1.23    0.42    0.33    0.00    0.08   -0.05    0.03    0.00    0.03    0.00    0.00    2.58
 126 165 291  279.51   -0.60   -2.34    1.74    0.43    0.33    0.00    0.07   -0.04    0.03    0.00    0.03    0.00    0.00    3.85
 126 166 292  277.02   -0.71   -2.27    1.57    0.43    0.33    0.00    0.07   -0.04    0.03    0.00    0.03    0.00    0.00    3.24
 126 167 293  276.67   -0.45   -2.06    1.61    0.43    0.34    0.00    0.08   -0.05    0.03    0.00    0.03    0.00    0.00    3.69
 126 168 294  274.50   -0.49   -2.13    1.64    0.43    0.33    0.00    0.07   -0.04    0.03    0.00    0.03    0.00   -0.01    3.15
 126 169 295  274.26   -0.39   -1.75    1.36    0.43    0.36    0.00    0.07   -0.05    0.03    0.00    0.03    0.00    0.00    3.48
 126 170 296  272.47   -0.31   -1.60    1.29    0.42    0.35    0.00    0.07   -0.05    0.03    0.00    0.03    0.00    0.00    3.49
 126 171 297  272.62   -0.06   -1.29    1.23    0.41    0.36    0.00    0.07   -0.05    0.03    0.00    0.03    0.00    0.00    4.62
 126 172 298  270.97   -0.09   -1.00    0.91    0.40    0.37    0.00    0.07   -0.05    0.04    0.00    0.03    0.00    0.00    4.20
 126 173 299  271.45    0.24   -1.30    1.54    0.33    0.26    0.00    0.03    0.00    0.00    0.00    0.01    0.00    0.00    4.84
 126 174 300  269.96    0.13   -1.21    1.34    0.33    0.27    0.00    0.03    0.00    0.00    0.00    0.01    0.00    0.00    4.52
 126 175 301  270.07   -0.16   -0.99    0.83    0.33    0.27    0.00    0.05    0.00    0.00    0.00    0.02    0.00    0.00    4.65
 126 176 302  268.90   -0.20   -1.18    0.99    0.33    0.26    0.00    0.04    0.00    0.00    0.00    0.01    0.00    0.00    4.37
 126 177 303  269.20   -0.53   -0.82    0.29    0.32    0.27    0.00    0.05    0.00    0.00    0.00    0.02    0.00    0.00    4.75
 126 178 304  268.30   -0.54   -0.97    0.43    0.32    0.27    0.00    0.04    0.00    0.00    0.00    0.01    0.00    0.00    4.28
 126 179 305  268.98   -0.73   -0.94    0.21    0.33    0.27    0.00    0.05    0.00    0.00    0.00    0.01    0.00   -0.01    4.33
 126 180 306  268.14   -0.90   -0.92    0.02    0.33    0.27    0.00    0.05    0.00    0.00    0.00    0.01    0.00   -0.01    3.66
 126 181 307  268.95   -1.19   -0.95   -0.24    0.33    0.27    0.00    0.04    0.00    0.00    0.00    0.01    0.00   -0.01    2.96
 126 182 308  268.46   -1.24   -0.86   -0.38    0.33    0.27    0.00    0.05    0.00    0.00    0.00    0.01    0.00   -0.01    2.79
 126 183 309  269.54   -1.49   -0.25   -1.24    0.18    0.29    0.00    0.00    0.00    0.00    0.00    0.00    0.00    0.00    2.21
 126 184 310  269.37   -1.45   -0.24   -1.21    0.17    0.29    0.00    0.00    0.00    0.00    0.00    0.00    0.00    0.00    2.08
 126 185 311  271.04   -1.33   -0.01   -1.32    0.21    0.25    0.00    0.05    0.00    0.00    0.00    0.01    0.00    0.00    2.05
 126 186 312  271.07   -1.31   -0.51   -0.80    0.27    0.13    0.00    0.06    0.00    0.00    0.00    0.02    0.00    0.00    1.90
 126 187 313  272.39   -1.76   -0.52   -1.24    0.27    0.12    0.00    0.06    0.00    0.00    0.00    0.02    0.00    0.00    1.39
 126 188 314  272.64   -1.73   -0.49   -1.25    0.27    0.13    0.00    0.06    0.00    0.00    0.00    0.02    0.00    0.00    1.25
 126 189 315  274.31   -2.04   -0.03   -2.01    0.15    0.17    0.00    0.03    0.00    0.00    0.00    0.01    0.00    0.01    0.90
 126 190 316  274.79   -2.00   -0.02   -1.98    0.15    0.18    0.00    0.03    0.00    0.00    0.00    0.01    0.00    0.01    0.80
 126 191 317  277.07   -1.91   -0.02   -1.90    0.15    0.17    0.00    0.03    0.00    0.00    0.00    0.01    0.00    0.01    0.81
 126 192 318  277.74   -1.90   -0.14   -1.76    0.15    0.18    0.00    0.02    0.00    0.00    0.00    0.00    0.00    0.01    0.70
